speed_knots,dwell_hours,expected_dwell_hours,delay_hours,weather_score,port_congestion,route_segment,cargo_type,is_delayed,is_anomaly,risk_level
10.66,0.63,6.0,5.58,0.125,0.432,South China Sea,General,1,0,0
12.29,0.03,4.0,13.96,0.944,0.383,Strait of Malacca,General,1,0,1
13.51,1.87,2.0,4.8,0.066,0.221,Atlantic,Chemicals,1,0,0
10.83,11.26,8.0,3.38,0.114,0.243,English Channel,Perishables,0,0,0
10.87,6.5,2.0,0.36,0.307,0.696,Pacific,General,0,0,0
16.16,4.02,8.0,1.19,0.057,0.302,Atlantic,Electronics,0,0,0
14.72,5.37,6.0,4.52,0.598,0.392,Suez Canal,Automotive,1,0,0
11.1,1.42,2.0,2.01,0.517,0.184,Suez Canal,General,0,0,0
12.41,8.59,4.0,0.0,0.076,0.403,Arabian Sea,General,0,0,0
11.39,3.24,6.0,2.43,0.083,0.35,Yellow Sea,Electronics,0,0,0
11.46,4.13,6.0,1.34,0.468,0.631,Suez Canal,Electronics,0,0,0
14.9,8.6,6.0,0.77,0.104,0.581,Arabian Sea,General,0,0,0
14.23,5.36,6.0,5.52,0.235,0.173,Arabian Sea,Automotive,1,0,0
11.26,10.63,8.0,6.33,0.88,0.203,Suez Canal,Chemicals,1,0,0
14.46,4.15,8.0,1.19,0.302,0.554,Cape of Good Hope,General,0,0,0
10.72,9.96,8.0,0.92,0.041,0.109,Yellow Sea,Electronics,0,0,0
19.69,13.36,6.0,0.05,0.213,0.413,South China Sea,Automotive,0,0,0
11.43,22.57,8.0,0.76,0.467,0.149,Suez Canal,Electronics,0,0,0
17.29,5.06,6.0,0.7,0.553,0.073,Strait of Malacca,Electronics,0,0,0
17.16,1.78,6.0,2.9,0.34,0.332,South China Sea,Perishables,0,0,0
12.77,3.13,4.0,2.94,0.103,0.372,Cape of Good Hope,Electronics,0,0,0
13.0,1.22,2.0,0.58,0.381,0.172,Mediterranean,General,0,0,0
8.03,7.23,4.0,0.66,0.396,0.117,Indian Ocean,Automotive,0,0,0
15.21,5.24,4.0,1.25,0.026,0.238,Yellow Sea,Automotive,0,0,0
15.8,11.92,4.0,7.49,0.471,0.675,Red Sea,Perishables,1,0,0
15.03,6.85,8.0,1.08,0.819,0.341,Strait of Malacca,Electronics,0,0,0
14.84,2.13,2.0,1.56,0.749,0.588,Strait of Malacca,Automotive,0,0,0
17.98,1.56,8.0,0.22,0.537,0.057,Yellow Sea,Electronics,0,0,0
12.68,2.75,4.0,1.36,0.517,0.336,Suez Canal,Electronics,0,0,0
10.98,1.44,6.0,6.93,0.473,0.271,Red Sea,Automotive,1,0,0
19.03,3.85,4.0,11.22,0.025,0.227,Atlantic,Perishables,1,0,0
14.7,6.7,4.0,1.36,0.545,0.172,Yellow Sea,Electronics,0,0,0
13.52,6.78,8.0,0.22,0.211,0.406,Yellow Sea,Perishables,0,0,0
9.74,6.48,4.0,0.49,0.552,0.525,Suez Canal,Automotive,0,0,0
11.31,0.28,6.0,0.16,0.485,0.368,Suez Canal,Automotive,0,0,0
12.42,4.83,8.0,5.03,0.013,0.071,Atlantic,General,1,0,0
15.95,0.28,6.0,4.8,0.004,0.378,Indian Ocean,Perishables,1,0,0
18.06,0.15,4.0,0.95,0.032,0.381,Yellow Sea,Electronics,0,0,0
15.8,1.16,4.0,7.8,0.611,0.304,Red Sea,Electronics,1,0,0
12.31,8.44,6.0,1.78,0.081,0.227,Mediterranean,Automotive,0,0,0
14.75,1.44,2.0,5.22,0.348,0.377,Open Ocean,Chemicals,1,0,0
13.16,3.88,4.0,1.76,0.245,0.035,Indian Ocean,Electronics,0,0,0
12.46,12.44,6.0,0.85,0.267,0.072,North Atlantic,General,0,0,0
19.05,1.85,8.0,0.17,0.042,0.244,Arabian Sea,Automotive,0,0,0
16.55,1.82,2.0,15.43,0.622,0.253,Open Ocean,Chemicals,1,0,0
15.73,5.54,4.0,0.4,0.007,0.228,North Atlantic,Chemicals,0,0,0
9.32,1.8,2.0,2.74,0.218,0.142,South China Sea,Electronics,0,0,0
12.84,9.2,4.0,0.18,0.51,0.07,Suez Canal,General,0,0,0
7.17,0.32,6.0,12.85,0.005,0.403,Open Ocean,Electronics,1,0,0
15.35,10.94,6.0,6.99,0.044,0.163,North Atlantic,Perishables,1,0,0
14.42,0.32,6.0,0.86,0.135,0.466,Yellow Sea,Chemicals,0,0,0
21.3,5.48,4.0,21.77,0.726,0.386,Suez Canal,Automotive,1,0,1
13.04,0.54,2.0,13.29,0.62,0.211,Red Sea,General,1,0,0
12.8,4.6,2.0,13.14,0.97,0.049,Suez Canal,Electronics,1,0,1
12.54,2.46,2.0,0.22,0.251,0.474,South China Sea,Chemicals,0,0,0
20.77,9.58,6.0,1.56,0.07,0.314,Yellow Sea,General,0,0,0
10.82,1.68,4.0,0.21,0.085,0.582,North Atlantic,Chemicals,0,0,0
11.37,9.54,8.0,32.37,0.782,0.207,Suez Canal,General,1,0,1
12.47,0.36,2.0,0.46,0.068,0.615,Open Ocean,Automotive,0,0,0
18.25,1.62,4.0,1.2,0.085,0.307,Atlantic,Automotive,0,0,0
19.01,1.09,6.0,1.23,0.006,0.159,Cape of Good Hope,Electronics,0,0,0
9.55,34.61,6.0,0.07,0.217,0.297,English Channel,General,0,1,0
14.47,1.39,4.0,0.16,0.106,0.59,Open Ocean,Chemicals,0,0,0
14.71,9.11,4.0,2.19,0.103,0.011,Cape of Good Hope,Perishables,0,0,0
14.45,2.18,8.0,0.69,0.019,0.073,Cape of Good Hope,Electronics,0,0,0
10.98,7.99,6.0,0.09,0.514,0.048,Strait of Malacca,Perishables,0,0,0
17.56,1.15,2.0,4.5,0.121,0.159,English Channel,Automotive,1,0,0
20.47,1.48,6.0,28.12,0.858,0.166,Suez Canal,Perishables,1,0,1
15.62,2.11,2.0,4.92,0.447,0.347,Strait of Malacca,Electronics,1,0,0
15.15,3.49,8.0,11.84,0.811,0.307,Indian Ocean,Automotive,1,0,1
13.62,22.1,8.0,0.81,0.214,0.172,North Atlantic,Chemicals,0,0,0
13.9,5.47,6.0,4.06,0.07,0.278,Indian Ocean,Perishables,1,0,0
14.53,11.36,8.0,2.08,0.381,0.266,Atlantic,Electronics,0,0,0
14.43,9.78,8.0,0.92,0.465,0.374,North Atlantic,Perishables,0,0,0
18.07,11.88,6.0,3.1,0.381,0.069,Pacific,Perishables,0,0,0
13.22,9.78,6.0,1.41,0.164,0.165,Pacific,Perishables,0,0,0
12.69,12.83,8.0,43.04,0.771,0.114,Cape of Good Hope,Perishables,1,0,1
14.86,0.55,2.0,0.04,0.11,0.198,Indian Ocean,Electronics,0,0,0
13.26,1.97,8.0,1.26,0.574,0.32,Open Ocean,Electronics,0,0,0
17.5,0.26,2.0,1.9,0.006,0.286,Yellow Sea,Perishables,0,0,0
8.9,8.52,6.0,2.34,0.229,0.145,English Channel,Perishables,0,0,0
12.16,0.09,2.0,0.58,0.391,0.362,Open Ocean,Automotive,0,0,0
13.9,13.09,4.0,2.17,0.014,0.192,Arabian Sea,Chemicals,0,0,0
15.23,12.77,8.0,2.28,0.176,0.26,Pacific,Chemicals,0,0,0
13.5,1.56,6.0,0.18,0.377,0.459,North Atlantic,General,0,0,0
11.03,4.02,4.0,0.84,0.164,0.346,North Atlantic,Electronics,0,0,0
12.66,1.09,6.0,9.24,0.267,0.167,Mediterranean,Automotive,1,0,0
12.32,0.97,2.0,0.35,0.015,0.49,Yellow Sea,General,0,0,0
14.27,2.37,2.0,13.22,0.717,0.143,Strait of Malacca,Automotive,1,0,0
13.7,2.24,6.0,1.57,0.063,0.343,Atlantic,Automotive,0,0,0
19.16,0.19,2.0,1.24,0.021,0.369,Mediterranean,Electronics,0,0,0
9.72,0.45,2.0,1.21,0.12,0.054,Open Ocean,Electronics,0,0,0
13.48,14.71,4.0,0.22,0.339,0.26,Pacific,Automotive,0,0,0
15.57,22.67,8.0,0.45,0.009,0.132,Open Ocean,General,0,0,0
15.06,2.45,2.0,3.26,0.008,0.339,Indian Ocean,Perishables,0,0,0
17.15,6.49,6.0,1.15,0.227,0.15,Open Ocean,General,0,0,0
12.05,1.91,2.0,0.17,0.285,0.195,Strait of Malacca,General,0,0,0
8.01,0.15,2.0,0.93,0.01,0.077,Cape of Good Hope,Chemicals,0,0,0
18.72,6.27,8.0,9.69,0.197,0.179,English Channel,General,1,0,0
15.32,3.87,8.0,1.44,0.183,0.22,Indian Ocean,Automotive,0,0,0
17.83,2.71,4.0,42.44,0.748,0.665,Red Sea,Automotive,1,0,1
17.32,4.04,8.0,1.19,0.422,0.113,Red Sea,Automotive,0,0,0
12.23,9.81,8.0,0.46,0.032,0.409,Pacific,Chemicals,0,0,0
17.9,17.28,4.0,1.01,0.069,0.34,Yellow Sea,General,0,1,0
11.32,0.11,6.0,5.62,0.263,0.115,Strait of Malacca,Chemicals,1,0,0
15.8,1.17,2.0,1.79,0.466,0.345,Mediterranean,Perishables,0,0,0
14.6,0.96,8.0,5.12,0.714,0.297,Suez Canal,Perishables,1,0,0
19.45,10.02,2.0,0.76,0.305,0.137,Atlantic,Electronics,0,1,0
13.58,0.26,2.0,0.52,0.313,0.134,Yellow Sea,Chemicals,0,0,0
13.09,1.11,6.0,1.3,0.219,0.494,Indian Ocean,Chemicals,0,0,0
10.46,24.9,8.0,0.77,0.003,0.39,North Atlantic,Perishables,0,0,0
13.16,3.25,2.0,2.29,0.119,0.109,English Channel,Chemicals,0,0,0
13.33,7.41,6.0,2.01,0.076,0.308,Indian Ocean,Automotive,0,0,0
18.09,6.1,6.0,1.63,0.096,0.26,North Atlantic,Automotive,0,0,0
13.24,2.57,8.0,2.67,0.171,0.067,North Atlantic,Automotive,0,0,0
10.29,4.6,6.0,2.48,0.72,0.068,Strait of Malacca,Electronics,0,0,0
12.15,2.53,2.0,0.88,0.195,0.576,South China Sea,Automotive,0,0,0
10.96,3.57,2.0,0.42,0.215,0.273,English Channel,Automotive,0,0,0
16.2,1.8,4.0,1.1,0.593,0.387,Strait of Malacca,General,0,0,0
17.94,5.15,8.0,0.2,0.211,0.319,South China Sea,General,0,0,0
15.28,3.5,2.0,2.1,0.259,0.265,Arabian Sea,Perishables,0,0,0
10.69,16.53,8.0,1.01,0.165,0.329,North Atlantic,Chemicals,0,0,0
18.43,8.1,4.0,3.09,0.21,0.208,Arabian Sea,Perishables,0,0,0
16.14,0.57,4.0,2.82,0.637,0.387,Strait of Malacca,General,0,0,0
10.06,2.82,4.0,0.04,0.06,0.099,Pacific,Automotive,0,0,0
12.62,0.99,6.0,0.21,0.516,0.213,Strait of Malacca,General,0,0,0
14.48,0.53,2.0,1.04,0.064,0.363,Mediterranean,Electronics,0,0,0
10.49,0.78,4.0,1.75,0.292,0.211,Yellow Sea,Chemicals,0,0,0
15.37,0.02,2.0,4.84,0.131,0.13,South China Sea,Perishables,1,0,0
10.42,2.23,8.0,0.29,0.227,0.383,South China Sea,Automotive,0,0,0
13.41,0.16,4.0,1.46,0.25,0.11,Suez Canal,Electronics,0,0,0
18.68,35.57,8.0,1.24,0.098,0.448,Cape of Good Hope,Automotive,0,1,0
12.37,11.92,8.0,0.17,0.274,0.268,English Channel,Chemicals,0,0,0
16.64,9.15,6.0,1.29,0.073,0.274,Mediterranean,Electronics,0,0,0
16.06,5.06,2.0,10.57,0.793,0.4,Strait of Malacca,Automotive,1,0,1
12.55,5.48,8.0,2.76,0.433,0.335,Strait of Malacca,General,0,0,0
15.82,1.56,8.0,1.56,0.149,0.108,Open Ocean,General,0,0,0
14.06,7.57,8.0,4.26,0.019,0.193,Yellow Sea,Electronics,1,0,0
14.74,16.95,8.0,1.49,0.147,0.217,English Channel,Chemicals,0,0,0
18.46,0.14,4.0,5.65,0.472,0.163,Indian Ocean,Perishables,1,0,0
7.72,2.18,2.0,1.52,0.001,0.201,Cape of Good Hope,Perishables,0,0,0
17.23,7.4,8.0,3.11,0.303,0.284,English Channel,General,0,0,0
12.05,1.04,8.0,0.38,0.341,0.069,Cape of Good Hope,Automotive,0,0,0
16.65,12.32,8.0,0.81,0.02,0.347,Arabian Sea,General,0,0,0
15.05,1.76,2.0,1.24,0.163,0.335,Yellow Sea,Chemicals,0,0,0
15.59,1.23,2.0,0.29,0.154,0.597,English Channel,Electronics,0,0,0
15.41,0.11,8.0,0.62,0.135,0.208,English Channel,Electronics,0,0,0
8.19,0.27,8.0,0.11,0.084,0.391,Atlantic,Automotive,0,0,0
15.55,7.96,2.0,0.24,0.133,0.342,Mediterranean,Electronics,0,0,0
15.04,4.33,8.0,11.45,0.755,0.33,Strait of Malacca,Automotive,1,0,0
10.2,4.36,4.0,4.02,0.064,0.167,Open Ocean,Perishables,1,0,0
14.22,9.26,6.0,0.46,0.058,0.279,Arabian Sea,General,0,0,0
12.92,1.64,2.0,0.93,0.403,0.647,Red Sea,General,0,0,0
9.45,2.87,6.0,4.93,0.563,0.201,South China Sea,Electronics,1,0,0
15.61,2.37,4.0,0.09,0.155,0.113,Pacific,Perishables,0,0,0
10.15,8.5,8.0,1.08,0.018,0.118,Pacific,Automotive,0,0,0
18.24,2.58,2.0,0.82,0.148,0.376,South China Sea,Automotive,0,0,0
10.23,3.11,4.0,0.82,0.284,0.043,Atlantic,General,0,0,0
7.28,13.99,8.0,6.29,0.038,0.154,Indian Ocean,Automotive,1,0,0
17.77,0.19,6.0,0.15,0.303,0.14,North Atlantic,Chemicals,0,0,0
10.98,2.88,4.0,0.6,0.057,0.07,Cape of Good Hope,General,0,0,0
16.0,4.93,6.0,30.68,0.779,0.456,Suez Canal,Chemicals,1,0,1
13.73,9.67,4.0,0.2,0.199,0.165,Atlantic,Chemicals,0,0,0
12.06,6.7,8.0,1.97,0.059,0.232,Open Ocean,Electronics,0,0,0
10.18,0.28,8.0,4.22,0.264,0.246,Yellow Sea,Electronics,1,0,0
15.93,3.38,6.0,13.17,0.877,0.175,Suez Canal,Automotive,1,0,1
13.26,7.06,2.0,4.44,0.118,0.319,English Channel,General,1,0,0
14.32,0.91,6.0,0.59,0.821,0.244,Strait of Malacca,Electronics,0,0,0
9.63,2.68,8.0,3.41,0.289,0.162,North Atlantic,General,0,0,0
12.25,4.25,6.0,1.06,0.431,0.262,Red Sea,Chemicals,0,0,0
16.32,2.82,8.0,3.54,0.145,0.326,Pacific,Automotive,0,0,0
11.88,6.44,4.0,8.46,0.629,0.3,Suez Canal,General,1,0,0
11.31,5.4,6.0,0.18,0.002,0.364,Indian Ocean,Perishables,0,0,0
15.08,2.37,2.0,4.41,0.249,0.303,Open Ocean,Perishables,1,0,0
15.86,2.36,2.0,3.9,0.236,0.274,Arabian Sea,General,0,0,0
13.25,0.1,8.0,2.87,0.116,0.181,Atlantic,Chemicals,0,0,0
10.91,1.46,2.0,1.64,0.094,0.34,English Channel,Chemicals,0,0,0
14.33,7.15,2.0,0.32,0.065,0.558,English Channel,Electronics,0,0,0
9.65,3.61,2.0,2.65,0.704,0.252,Red Sea,Perishables,0,0,0
13.95,1.56,2.0,0.12,0.243,0.066,Arabian Sea,General,0,0,0
15.9,3.41,8.0,10.18,0.238,0.672,Open Ocean,General,1,0,0
17.3,2.48,4.0,2.34,0.129,0.263,Mediterranean,Perishables,0,0,0
12.22,0.56,4.0,3.98,0.196,0.186,Strait of Malacca,Chemicals,0,0,0
13.91,2.69,8.0,1.36,0.079,0.361,South China Sea,Perishables,0,0,0
14.67,18.75,6.0,1.97,0.034,0.244,Cape of Good Hope,General,0,0,0
17.01,21.19,8.0,1.96,0.008,0.491,South China Sea,Perishables,0,0,0
17.04,1.34,6.0,14.67,0.604,0.178,Open Ocean,Chemicals,1,0,0
15.46,0.32,4.0,1.39,0.172,0.473,South China Sea,Electronics,0,0,0
14.64,5.2,8.0,0.62,0.026,0.656,Indian Ocean,General,0,0,0
11.73,3.88,6.0,1.4,0.063,0.357,Arabian Sea,Automotive,0,0,0
15.01,6.89,4.0,7.79,0.151,0.707,Open Ocean,Perishables,1,0,0
10.95,5.49,8.0,3.19,0.071,0.173,Pacific,Perishables,0,0,0
14.05,0.03,8.0,4.04,0.112,0.358,South China Sea,Perishables,1,0,0
12.54,14.44,6.0,6.77,0.118,0.494,Cape of Good Hope,Automotive,1,0,0
11.55,2.25,2.0,1.29,0.464,0.367,Mediterranean,Chemicals,0,0,0
12.48,0.41,2.0,2.81,0.338,0.128,Strait of Malacca,Chemicals,0,0,0
17.92,0.29,2.0,0.88,0.32,0.546,Yellow Sea,Perishables,0,0,0
15.92,3.47,2.0,2.67,0.413,0.263,Cape of Good Hope,Automotive,0,0,0
14.25,7.23,8.0,1.47,0.002,0.18,Arabian Sea,Electronics,0,0,0
11.83,5.14,6.0,0.51,0.052,0.154,Indian Ocean,General,0,0,0
10.16,6.72,8.0,0.46,0.153,0.25,Atlantic,General,0,0,0
17.46,0.54,8.0,0.16,0.069,0.063,North Atlantic,General,0,0,0
14.69,7.76,6.0,0.82,0.338,0.088,Atlantic,Electronics,0,0,0
15.55,4.42,2.0,0.16,0.387,0.24,Arabian Sea,General,0,0,0
9.12,3.16,4.0,0.57,0.267,0.262,Arabian Sea,Perishables,0,0,0
15.77,4.18,8.0,3.71,0.676,0.333,Cape of Good Hope,General,0,0,0
12.28,5.75,2.0,2.05,0.415,0.148,Yellow Sea,Chemicals,0,0,0
13.43,19.34,6.0,0.09,0.252,0.333,South China Sea,Electronics,0,0,0
7.65,15.07,8.0,8.08,0.279,0.197,Indian Ocean,General,1,0,0
15.02,5.75,8.0,9.77,0.212,0.517,Cape of Good Hope,Electronics,1,0,0
12.73,0.89,2.0,0.07,0.302,0.326,Yellow Sea,General,0,0,0
14.1,2.66,8.0,5.84,0.528,0.492,Suez Canal,Perishables,1,0,0
13.43,13.86,8.0,0.09,0.277,0.232,South China Sea,Perishables,0,0,0
9.78,4.24,6.0,2.13,0.196,0.137,Open Ocean,Electronics,0,0,0
14.33,2.74,8.0,1.17,0.306,0.287,Cape of Good Hope,Perishables,0,0,0
12.25,0.72,2.0,1.43,0.09,0.51,Atlantic,Perishables,0,0,0
16.59,0.54,4.0,0.04,0.575,0.267,Strait of Malacca,Automotive,0,0,0
8.6,6.08,2.0,5.4,0.22,0.372,Strait of Malacca,Electronics,1,0,0
17.25,9.76,6.0,0.4,0.022,0.144,Pacific,Perishables,0,0,0
17.17,3.43,6.0,3.71,0.121,0.43,Arabian Sea,General,0,0,0
13.03,9.76,8.0,3.22,0.265,0.214,South China Sea,General,0,0,0
15.26,2.06,8.0,0.75,0.302,0.417,Cape of Good Hope,Chemicals,0,0,0
18.06,7.15,4.0,2.64,0.384,0.109,South China Sea,Chemicals,0,0,0
9.45,1.14,4.0,3.07,0.12,0.213,Open Ocean,Automotive,0,0,0
10.25,11.12,8.0,7.06,0.048,0.131,South China Sea,Chemicals,1,0,0
11.72,3.24,4.0,13.55,0.868,0.365,Red Sea,General,1,0,1
11.83,5.19,2.0,2.67,0.017,0.107,Arabian Sea,Perishables,0,0,0
17.02,2.45,2.0,0.22,0.482,0.563,Arabian Sea,Chemicals,0,0,0
13.36,3.93,4.0,5.62,0.1,0.048,Indian Ocean,Automotive,1,0,0
16.27,8.93,8.0,4.92,0.343,0.276,Indian Ocean,General,1,0,0
19.03,22.36,4.0,3.41,0.085,0.342,Mediterranean,General,0,1,0
11.9,19.37,8.0,0.81,0.164,0.502,English Channel,Electronics,0,0,0
8.52,1.79,8.0,1.55,0.457,0.329,Strait of Malacca,Chemicals,0,0,0
13.37,19.75,8.0,3.06,0.331,0.172,Suez Canal,General,0,0,0
18.5,0.09,4.0,17.39,0.743,0.242,Strait of Malacca,Perishables,1,0,0
12.87,5.81,8.0,2.71,0.221,0.199,Arabian Sea,Automotive,0,0,0
8.04,12.46,8.0,0.43,0.164,0.058,Indian Ocean,General,0,0,0
7.58,8.63,4.0,4.26,0.361,0.342,Arabian Sea,Automotive,1,0,0
10.8,0.01,6.0,0.22,0.246,0.555,Yellow Sea,Electronics,0,0,0
15.27,0.48,2.0,1.39,0.118,0.143,English Channel,Perishables,0,0,0
18.67,6.82,6.0,15.68,0.845,0.44,Suez Canal,Electronics,1,0,1
15.06,0.46,2.0,3.15,0.122,0.44,Yellow Sea,Automotive,0,0,0
21.86,0.5,2.0,4.15,0.395,0.299,Atlantic,Chemicals,1,0,0
12.84,3.6,6.0,3.25,0.074,0.177,Atlantic,Chemicals,0,0,0
16.55,15.07,8.0,2.44,0.128,0.008,Cape of Good Hope,Perishables,0,0,0
13.72,2.77,6.0,0.2,0.009,0.268,South China Sea,General,0,0,0
17.16,11.64,8.0,2.71,0.145,0.341,Pacific,Electronics,0,0,0
11.42,0.85,2.0,2.84,0.15,0.135,South China Sea,General,0,0,0
15.24,2.52,2.0,0.54,0.109,0.091,Mediterranean,Perishables,0,0,0
13.53,0.57,4.0,1.62,0.097,0.587,Suez Canal,Perishables,0,0,0
9.41,5.43,6.0,0.06,0.048,0.459,Open Ocean,Automotive,0,0,0
18.3,4.39,2.0,1.15,0.228,0.311,Arabian Sea,Automotive,0,0,0
9.71,5.51,4.0,0.22,0.136,0.122,Yellow Sea,Perishables,0,0,0
17.3,0.06,4.0,4.0,0.486,0.23,Red Sea,Chemicals,0,0,0
14.43,7.92,6.0,0.93,0.233,0.326,Indian Ocean,Chemicals,0,0,0
12.46,7.94,2.0,2.25,0.097,0.232,Mediterranean,Automotive,0,0,0
12.44,7.17,6.0,3.18,0.209,0.446,South China Sea,Perishables,0,0,0
16.86,0.25,4.0,6.27,0.199,0.373,Arabian Sea,Perishables,1,0,0
10.69,3.59,2.0,0.18,0.249,0.184,Mediterranean,Perishables,0,0,0
16.79,9.39,8.0,0.45,0.178,0.508,Indian Ocean,Electronics,0,0,0
16.6,1.25,2.0,2.65,0.812,0.17,Red Sea,Perishables,0,0,0
14.93,1.04,4.0,0.71,0.342,0.073,Strait of Malacca,General,0,0,0
12.65,8.97,8.0,0.34,0.01,0.184,Open Ocean,General,0,0,0
15.6,6.51,4.0,1.74,0.026,0.108,South China Sea,Perishables,0,0,0
8.34,2.51,2.0,33.88,0.781,0.178,Suez Canal,Electronics,1,0,1
10.88,2.71,2.0,7.87,0.406,0.482,Red Sea,Perishables,1,0,0
15.03,1.73,2.0,3.11,0.848,0.631,Red Sea,Chemicals,0,0,1
15.33,3.7,4.0,4.49,0.228,0.52,Mediterranean,Chemicals,1,0,0
15.56,0.39,2.0,0.0,0.126,0.358,Mediterranean,Electronics,0,0,0
13.56,0.33,2.0,0.9,0.183,0.354,Indian Ocean,Perishables,0,0,0
14.88,0.04,6.0,5.47,0.308,0.404,Pacific,Chemicals,1,0,0
13.35,0.19,6.0,10.77,0.79,0.111,Strait of Malacca,Automotive,1,0,0
15.95,2.17,8.0,0.96,0.009,0.402,Arabian Sea,Electronics,0,0,0
18.29,6.32,6.0,1.0,0.083,0.274,Pacific,Perishables,0,0,0
18.6,3.25,6.0,0.7,0.081,0.286,Yellow Sea,Chemicals,0,0,0
14.99,9.76,4.0,3.16,0.08,0.186,Arabian Sea,Automotive,0,0,0
12.71,2.42,8.0,0.36,0.154,0.382,Mediterranean,Chemicals,0,0,0
14.26,0.02,4.0,0.57,0.036,0.416,Mediterranean,Automotive,0,0,0
18.44,11.33,8.0,27.46,0.671,0.278,Strait of Malacca,Perishables,1,0,1
15.04,1.43,4.0,2.15,0.271,0.391,Yellow Sea,Electronics,0,0,0
14.79,7.22,6.0,5.58,0.665,0.3,Strait of Malacca,Automotive,1,0,0
14.51,0.14,2.0,21.88,0.166,0.769,Arabian Sea,Automotive,1,0,0
15.75,0.55,2.0,0.21,0.038,0.418,Atlantic,Perishables,0,0,0
12.53,0.8,2.0,0.96,0.049,0.31,Cape of Good Hope,Automotive,0,0,0
11.62,0.46,2.0,0.75,0.02,0.317,Yellow Sea,Automotive,0,0,0
14.48,5.27,2.0,2.36,0.331,0.471,Arabian Sea,Chemicals,0,0,0
16.21,7.17,4.0,1.07,0.464,0.12,Cape of Good Hope,Chemicals,0,0,0
13.5,6.5,8.0,0.2,0.012,0.244,Indian Ocean,Automotive,0,0,0
11.37,8.69,4.0,1.52,0.587,0.328,Pacific,Chemicals,0,0,0
18.88,13.44,6.0,8.49,0.615,0.398,Red Sea,Automotive,1,0,0
12.76,1.9,6.0,9.28,0.001,0.101,Arabian Sea,Chemicals,1,0,0
12.58,1.7,8.0,4.98,0.336,0.188,Cape of Good Hope,Electronics,1,0,0
16.85,0.75,4.0,0.53,0.108,0.216,Atlantic,General,0,0,0
18.97,5.92,2.0,2.63,0.142,0.14,North Atlantic,Automotive,0,0,0
13.92,3.01,8.0,2.78,0.119,0.469,Arabian Sea,Electronics,0,0,0
11.85,4.23,8.0,0.66,0.067,0.113,South China Sea,General,0,0,0
12.49,0.32,6.0,3.71,0.388,0.152,Open Ocean,Perishables,0,0,0
10.44,10.59,8.0,0.57,0.17,0.434,English Channel,Automotive,0,0,0
16.78,17.38,8.0,3.48,0.523,0.109,Arabian Sea,Automotive,0,0,0
15.55,8.55,8.0,0.37,0.464,0.3,Strait of Malacca,Automotive,0,0,0
20.8,3.78,6.0,0.45,0.199,0.071,Cape of Good Hope,Electronics,0,0,0
12.03,3.02,2.0,15.35,0.744,0.12,Red Sea,Chemicals,1,0,0
15.35,0.04,8.0,3.98,0.712,0.073,Strait of Malacca,Electronics,0,0,0
9.22,1.25,2.0,0.7,0.002,0.059,North Atlantic,Electronics,0,0,0
18.87,3.6,8.0,4.96,0.082,0.337,Atlantic,Perishables,1,0,0
16.64,4.61,2.0,0.63,0.233,0.305,Yellow Sea,General,0,0,0
17.56,2.34,4.0,4.44,0.006,0.402,North Atlantic,Automotive,1,0,0
16.77,1.62,2.0,28.77,0.735,0.501,Red Sea,Chemicals,1,0,1
13.73,2.38,6.0,2.0,0.058,0.331,North Atlantic,Automotive,0,0,0
19.2,0.59,2.0,1.35,0.239,0.266,Cape of Good Hope,Automotive,0,0,0
13.11,2.97,4.0,7.42,0.093,0.495,Yellow Sea,Chemicals,1,0,0
17.31,2.96,4.0,1.57,0.064,0.399,South China Sea,Chemicals,0,0,0
17.03,3.55,8.0,0.8,0.314,0.221,English Channel,Chemicals,0,0,0
18.28,1.47,4.0,3.38,0.148,0.116,Arabian Sea,General,0,0,0
14.0,3.61,6.0,2.09,0.152,0.1,Yellow Sea,Chemicals,0,0,0
14.52,0.88,4.0,0.35,0.04,0.124,Arabian Sea,Electronics,0,0,0
14.33,0.24,4.0,2.02,0.216,0.212,Mediterranean,Perishables,0,0,0
16.58,0.76,4.0,0.77,0.349,0.155,North Atlantic,Chemicals,0,0,0
20.81,1.78,4.0,1.27,0.111,0.295,South China Sea,Electronics,0,0,0
9.26,4.46,4.0,13.35,0.782,0.131,Strait of Malacca,Automotive,1,0,0
16.52,11.16,8.0,1.82,0.366,0.37,Arabian Sea,Perishables,0,0,0
15.33,1.18,2.0,1.69,0.002,0.236,Pacific,Perishables,0,0,0
15.3,2.89,2.0,0.41,0.14,0.163,Indian Ocean,Automotive,0,0,0
12.39,11.58,6.0,0.05,0.472,0.19,Mediterranean,Automotive,0,0,0
12.45,0.62,6.0,3.69,0.014,0.502,Pacific,Automotive,0,0,0
9.09,0.12,2.0,0.11,0.231,0.269,Pacific,Electronics,0,0,0
12.59,0.19,8.0,0.54,0.054,0.42,Pacific,Chemicals,0,0,0
15.49,3.54,4.0,3.71,0.042,0.131,Atlantic,General,0,0,0
14.34,0.51,2.0,1.73,0.12,0.12,South China Sea,Automotive,0,0,0
15.02,6.3,2.0,0.12,0.343,0.604,Cape of Good Hope,General,0,0,0
11.0,10.48,8.0,2.63,0.212,0.327,Mediterranean,Chemicals,0,0,0
18.49,2.13,2.0,2.4,0.025,0.143,North Atlantic,Automotive,0,0,0
12.36,2.66,2.0,1.44,0.113,0.258,North Atlantic,Electronics,0,0,0
13.99,0.56,2.0,1.17,0.029,0.161,Atlantic,Perishables,0,0,0
16.25,0.05,2.0,2.77,0.538,0.222,Pacific,Automotive,0,0,0
10.19,0.8,4.0,14.64,0.269,0.719,Cape of Good Hope,Electronics,1,0,0
9.53,0.12,8.0,0.8,0.104,0.451,Indian Ocean,Perishables,0,0,0
13.68,13.19,8.0,0.12,0.268,0.231,Cape of Good Hope,Electronics,0,0,0
8.56,11.35,8.0,2.9,0.418,0.217,Open Ocean,Automotive,0,0,0
15.19,4.0,8.0,2.69,0.021,0.665,Atlantic,Perishables,0,0,0
14.14,2.08,4.0,8.68,0.611,0.55,Red Sea,Chemicals,1,0,0
14.46,0.46,4.0,3.89,0.069,0.282,South China Sea,Chemicals,0,0,0
15.33,11.52,6.0,0.01,0.45,0.236,Strait of Malacca,General,0,0,0
13.48,3.19,8.0,0.76,0.171,0.26,Cape of Good Hope,Perishables,0,0,0
16.62,1.47,4.0,3.15,0.29,0.642,North Atlantic,Chemicals,0,0,0
16.11,0.67,6.0,4.35,0.219,0.493,Cape of Good Hope,General,1,0,0
15.0,11.9,6.0,4.85,0.043,0.474,Arabian Sea,Chemicals,1,0,0
15.04,1.84,4.0,8.31,0.095,0.707,Yellow Sea,Electronics,1,0,0
13.68,3.4,2.0,3.74,0.403,0.246,Red Sea,Automotive,0,0,0
11.61,0.99,4.0,2.96,0.915,0.311,Red Sea,General,0,0,1
14.5,8.18,6.0,1.96,0.322,0.258,Strait of Malacca,Chemicals,0,0,0
18.99,6.75,6.0,11.27,0.188,0.139,Pacific,Perishables,1,0,0
14.68,15.9,8.0,0.05,0.077,0.149,Pacific,Perishables,0,0,0
11.65,1.23,6.0,3.3,0.189,0.287,English Channel,Chemicals,0,0,0
17.68,0.25,4.0,2.02,0.083,0.167,Cape of Good Hope,Electronics,0,0,0
15.46,0.25,2.0,0.48,0.062,0.147,Cape of Good Hope,Electronics,0,0,0
14.03,3.43,2.0,1.57,0.248,0.197,Mediterranean,Electronics,0,0,0
11.2,1.4,2.0,0.95,0.242,0.108,South China Sea,Chemicals,0,0,0
12.85,3.83,2.0,1.3,0.035,0.457,Yellow Sea,Electronics,0,0,0
15.87,0.32,2.0,1.06,0.291,0.232,Yellow Sea,Perishables,0,0,0
9.79,10.45,6.0,1.66,0.146,0.357,Open Ocean,General,0,0,0
18.82,1.83,8.0,2.34,0.137,0.162,Mediterranean,Electronics,0,0,0
14.43,0.55,6.0,20.92,0.814,0.329,Suez Canal,Chemicals,1,0,1
17.25,13.51,4.0,30.59,0.825,0.274,Suez Canal,Automotive,1,0,1
22.03,12.77,6.0,1.1,0.013,0.08,Atlantic,Electronics,0,0,0
17.33,2.6,6.0,3.77,0.347,0.311,Indian Ocean,General,0,0,0
15.37,5.41,4.0,1.2,0.194,0.193,Cape of Good Hope,General,0,0,0
12.83,8.3,6.0,6.84,0.071,0.521,Yellow Sea,General,1,0,0
13.74,1.42,4.0,1.46,0.404,0.387,Yellow Sea,Perishables,0,0,0
13.91,2.18,2.0,3.82,0.345,0.418,Pacific,Perishables,0,0,0
17.75,2.75,4.0,1.62,0.106,0.227,English Channel,Chemicals,0,0,0
15.61,1.92,6.0,1.46,0.279,0.195,Cape of Good Hope,General,0,0,0
15.52,4.4,4.0,0.11,0.094,0.297,Pacific,Automotive,0,0,0
12.9,3.95,6.0,0.27,0.023,0.32,Indian Ocean,Electronics,0,0,0
11.5,2.2,2.0,5.03,0.166,0.79,Mediterranean,Electronics,1,0,0
13.62,7.75,4.0,3.62,0.376,0.168,Pacific,General,0,0,0
16.55,0.05,4.0,1.9,0.218,0.145,Yellow Sea,General,0,0,0
11.72,1.22,2.0,1.26,0.353,0.435,Open Ocean,Electronics,0,0,0
9.67,0.75,6.0,1.55,0.04,0.15,South China Sea,Perishables,0,0,0
8.44,7.68,8.0,12.51,0.791,0.063,Strait of Malacca,Automotive,1,0,0
22.25,2.63,4.0,1.58,0.324,0.33,Strait of Malacca,Automotive,0,0,0
16.8,0.65,6.0,0.02,0.322,0.175,Yellow Sea,Chemicals,0,0,0
12.76,5.23,6.0,0.37,0.201,0.24,South China Sea,Perishables,0,0,0
20.15,9.03,8.0,1.64,0.469,0.195,Strait of Malacca,Perishables,0,0,0
14.34,11.27,6.0,0.96,0.063,0.388,Yellow Sea,Electronics,0,0,0
16.98,1.55,2.0,0.64,0.451,0.252,Suez Canal,General,0,0,0
15.79,1.49,4.0,5.26,0.673,0.18,Suez Canal,Electronics,1,0,0
12.88,0.4,2.0,0.52,0.54,0.186,Atlantic,Automotive,0,0,0
20.35,0.68,2.0,0.83,0.164,0.181,Mediterranean,General,0,0,0
16.39,0.66,2.0,1.45,0.184,0.146,South China Sea,General,0,0,0
14.16,3.57,8.0,3.98,0.211,0.357,South China Sea,Electronics,0,0,0
13.54,0.24,2.0,3.66,0.491,0.132,Strait of Malacca,General,0,0,0
13.11,10.05,8.0,0.8,0.53,0.489,Cape of Good Hope,Automotive,0,0,0
9.11,24.7,6.0,0.04,0.016,0.089,South China Sea,Automotive,0,1,0
13.71,5.49,2.0,0.75,0.338,0.032,Red Sea,Perishables,0,0,0
14.98,3.08,2.0,2.47,0.102,0.252,Arabian Sea,Electronics,0,0,0
13.62,3.46,4.0,6.8,0.026,0.138,Yellow Sea,Chemicals,1,0,0
13.23,1.69,2.0,0.68,0.438,0.186,South China Sea,Chemicals,0,0,0
16.71,3.12,6.0,1.89,0.017,0.244,North Atlantic,Electronics,0,0,0
19.8,0.08,6.0,2.27,0.949,0.11,Suez Canal,Chemicals,0,0,0
17.65,6.77,8.0,0.93,0.347,0.402,South China Sea,General,0,0,0
7.22,7.6,6.0,1.43,0.29,0.633,Strait of Malacca,General,0,0,0
16.77,0.11,2.0,7.37,0.035,0.16,South China Sea,General,1,0,0
12.24,2.96,4.0,21.76,0.669,0.146,Strait of Malacca,Perishables,1,0,1
13.58,16.67,6.0,5.46,0.148,0.338,Cape of Good Hope,Perishables,1,0,0
16.73,9.74,8.0,0.55,0.095,0.315,Indian Ocean,Electronics,0,0,0
14.13,0.77,8.0,9.91,0.526,0.096,Pacific,Chemicals,1,0,0
12.15,8.72,6.0,8.74,0.116,0.39,Yellow Sea,General,1,0,0
17.25,4.9,8.0,1.58,0.062,0.497,Atlantic,Electronics,0,0,0
12.68,1.35,2.0,0.37,0.094,0.036,English Channel,Perishables,0,0,0
15.21,5.82,6.0,20.31,0.665,0.244,Suez Canal,Automotive,1,0,1
13.99,1.14,2.0,26.66,0.93,0.162,Strait of Malacca,Automotive,1,0,1
13.6,10.57,6.0,5.73,0.151,0.206,Atlantic,Chemicals,1,0,0
15.54,5.09,6.0,75.99,0.753,0.258,Strait of Malacca,Automotive,1,0,2
17.95,22.0,6.0,3.5,0.505,0.183,Suez Canal,Automotive,0,0,0
11.99,2.49,4.0,4.9,0.302,0.307,Mediterranean,Automotive,1,0,0
17.12,2.17,2.0,2.37,0.208,0.181,Cape of Good Hope,Perishables,0,0,0
8.66,4.07,2.0,9.32,0.614,0.109,English Channel,Automotive,1,0,0
16.16,2.85,2.0,2.83,0.03,0.061,Arabian Sea,Automotive,0,0,0
12.52,11.81,4.0,1.56,0.152,0.125,Yellow Sea,General,0,0,0
16.24,10.06,8.0,2.85,0.141,0.078,Atlantic,Chemicals,0,0,0
14.07,0.22,2.0,0.12,0.42,0.4,North Atlantic,Electronics,0,0,0
12.62,0.04,2.0,5.26,0.61,0.21,Red Sea,General,1,0,0
14.4,19.42,8.0,1.19,0.082,0.239,Pacific,General,0,0,0
15.62,0.01,4.0,1.58,0.551,0.4,Cape of Good Hope,Automotive,0,0,0
10.2,9.04,8.0,2.06,0.583,0.51,Red Sea,General,0,0,0
18.04,1.04,4.0,1.11,0.124,0.354,English Channel,Automotive,0,0,0
19.83,4.64,4.0,1.15,0.597,0.174,Suez Canal,Automotive,0,0,0
9.9,0.21,2.0,3.13,0.106,0.11,Cape of Good Hope,Automotive,0,0,0
10.99,2.45,4.0,0.18,0.018,0.165,Yellow Sea,General,0,0,0
11.5,0.29,2.0,49.79,0.708,0.131,Strait of Malacca,General,1,0,1
12.3,0.31,2.0,0.13,0.163,0.125,Atlantic,Chemicals,0,0,0
17.9,0.29,4.0,3.18,0.154,0.248,Indian Ocean,Chemicals,0,0,0
13.35,1.14,4.0,1.19,0.295,0.212,Indian Ocean,Electronics,0,0,0
14.2,6.39,2.0,5.82,0.176,0.062,North Atlantic,Automotive,1,0,0
17.44,5.55,4.0,3.22,0.743,0.17,Indian Ocean,Chemicals,0,0,0
14.39,0.6,2.0,0.89,0.451,0.546,Indian Ocean,General,0,0,0
7.95,1.38,4.0,9.47,0.273,0.409,South China Sea,Electronics,1,0,0
12.44,3.66,6.0,5.42,0.044,0.385,Open Ocean,Chemicals,1,0,0
12.06,4.37,6.0,3.9,0.017,0.464,Indian Ocean,Perishables,0,0,0
16.58,1.42,2.0,3.74,0.006,0.475,North Atlantic,General,0,0,0
11.6,3.34,8.0,3.12,0.115,0.353,Arabian Sea,General,0,0,0
14.93,1.84,4.0,1.32,0.398,0.365,Atlantic,Electronics,0,0,0
12.17,13.79,4.0,0.64,0.031,0.46,Yellow Sea,Electronics,0,0,0
14.08,0.93,6.0,1.56,0.003,0.248,Open Ocean,Automotive,0,0,0
11.63,0.54,4.0,0.48,0.284,0.478,Yellow Sea,General,0,0,0
14.07,1.76,2.0,2.66,0.06,0.41,Atlantic,Electronics,0,0,0
17.06,4.33,8.0,10.91,0.726,0.249,Suez Canal,Perishables,1,0,0
14.88,1.92,6.0,3.84,0.069,0.48,English Channel,Electronics,0,0,0
13.62,0.43,2.0,0.83,0.269,0.423,Suez Canal,Electronics,0,0,0
16.04,3.4,4.0,5.82,0.647,0.591,Suez Canal,Perishables,1,0,0
12.44,6.42,8.0,0.6,0.085,0.279,Cape of Good Hope,Perishables,0,0,0
9.21,0.54,2.0,2.3,0.102,0.206,Mediterranean,Automotive,0,0,0
21.14,2.31,6.0,2.05,0.412,0.241,South China Sea,Perishables,0,0,0
14.72,2.72,4.0,4.01,0.54,0.245,Strait of Malacca,Automotive,1,0,0
12.27,2.01,6.0,1.06,0.098,0.146,South China Sea,General,0,0,0
13.53,31.75,8.0,16.89,0.728,0.16,Strait of Malacca,Chemicals,1,0,0
11.07,2.74,2.0,7.63,0.607,0.506,North Atlantic,Electronics,1,0,0
14.97,0.31,2.0,0.44,0.019,0.127,Cape of Good Hope,Automotive,0,0,0
17.41,1.38,2.0,1.72,0.748,0.178,Strait of Malacca,Automotive,0,0,0
11.13,7.39,4.0,0.19,0.05,0.086,Pacific,Chemicals,0,0,0
11.53,6.22,4.0,0.81,0.39,0.087,Yellow Sea,Perishables,0,0,0
15.14,3.13,6.0,1.81,0.365,0.567,Pacific,Perishables,0,0,0
15.26,3.26,6.0,1.39,0.077,0.22,Indian Ocean,Perishables,0,0,0
15.96,6.51,8.0,4.99,0.283,0.179,Atlantic,Automotive,1,0,0
13.78,0.68,4.0,2.03,0.38,0.322,North Atlantic,Electronics,0,0,0
20.62,8.95,6.0,0.17,0.131,0.194,Open Ocean,Perishables,0,0,0
10.64,1.13,2.0,4.05,0.504,0.317,English Channel,Electronics,1,0,0
12.03,3.72,8.0,1.4,0.005,0.287,Atlantic,Chemicals,0,0,0
18.14,4.39,2.0,0.98,0.145,0.202,Mediterranean,Perishables,0,0,0
17.43,1.58,2.0,21.78,0.755,0.282,Red Sea,Perishables,1,0,1
23.34,0.67,2.0,1.81,0.04,0.479,Pacific,General,0,0,0
13.02,4.38,6.0,0.13,0.007,0.227,Yellow Sea,Chemicals,0,0,0
13.81,1.56,2.0,2.26,0.155,0.28,Pacific,General,0,0,0
15.37,8.11,6.0,2.71,0.252,0.388,Atlantic,Automotive,0,0,0
11.94,0.37,4.0,33.33,0.847,0.484,Red Sea,Perishables,1,0,1
15.53,17.56,8.0,3.88,0.094,0.37,North Atlantic,Automotive,0,0,0
16.1,19.76,8.0,5.9,0.506,0.306,Suez Canal,Electronics,1,0,0
9.12,5.43,8.0,6.18,0.083,0.254,Pacific,Electronics,1,0,0
17.3,0.26,8.0,0.77,0.162,0.253,Yellow Sea,Chemicals,0,0,0
11.22,3.41,8.0,2.15,0.055,0.151,Open Ocean,Electronics,0,0,0
14.74,4.2,4.0,0.89,0.268,0.476,Indian Ocean,Chemicals,0,0,0
17.77,10.03,8.0,1.21,0.204,0.105,Cape of Good Hope,Perishables,0,0,0
12.05,8.2,2.0,1.12,0.27,0.067,Atlantic,Perishables,0,1,0
15.18,11.57,6.0,18.3,0.806,0.424,Red Sea,Electronics,1,0,1
20.79,14.43,8.0,9.26,0.799,0.263,Red Sea,General,1,0,0
8.2,2.73,4.0,1.48,0.017,0.108,Indian Ocean,Electronics,0,0,0
11.36,0.01,6.0,0.42,0.045,0.365,English Channel,Electronics,0,0,0
14.98,3.27,6.0,0.93,0.262,0.343,Arabian Sea,General,0,0,0
12.89,2.3,4.0,2.38,0.092,0.183,Pacific,Chemicals,0,0,0
11.46,0.12,4.0,7.16,0.203,0.783,Cape of Good Hope,Electronics,1,0,0
12.1,8.67,6.0,1.39,0.055,0.362,Indian Ocean,Chemicals,0,0,0
17.55,3.41,2.0,0.3,0.036,0.199,Cape of Good Hope,Automotive,0,0,0
20.64,4.88,8.0,8.87,0.765,0.04,Suez Canal,Automotive,1,0,0
16.48,4.63,4.0,0.91,0.481,0.255,Mediterranean,Perishables,0,0,0
10.6,2.55,6.0,20.35,0.628,0.142,Strait of Malacca,Electronics,1,0,0
9.99,0.18,4.0,2.29,0.055,0.487,Pacific,General,0,0,0
15.71,9.04,8.0,0.7,0.251,0.275,Cape of Good Hope,General,0,0,0
12.56,6.81,4.0,18.28,0.627,0.341,Open Ocean,General,1,0,1
15.43,1.57,6.0,7.27,0.128,0.716,North Atlantic,Electronics,1,0,0
10.59,1.66,2.0,2.27,0.476,0.405,Open Ocean,General,0,0,0
9.17,2.92,4.0,0.13,0.262,0.165,Mediterranean,Chemicals,0,0,0
20.67,2.11,8.0,17.23,0.878,0.235,Strait of Malacca,Electronics,1,0,1
10.39,0.6,4.0,14.33,0.975,0.528,Strait of Malacca,Perishables,1,0,1
9.1,2.41,8.0,3.11,0.089,0.368,Indian Ocean,General,0,0,0
18.11,6.96,4.0,1.53,0.347,0.363,Suez Canal,Electronics,0,0,0
17.76,5.88,8.0,2.25,0.452,0.42,Indian Ocean,Electronics,0,0,0
14.07,21.89,8.0,23.21,0.653,0.127,Red Sea,Perishables,1,0,0
18.83,3.23,6.0,0.79,0.193,0.278,Open Ocean,Chemicals,0,0,0
14.45,7.94,8.0,0.73,0.091,0.171,North Atlantic,Electronics,0,0,0
11.31,1.4,2.0,0.62,0.056,0.501,Atlantic,General,0,0,0
12.43,0.16,2.0,1.32,0.178,0.324,Atlantic,Electronics,0,0,0
13.74,1.54,4.0,1.72,0.18,0.136,Indian Ocean,Perishables,0,0,0
12.16,0.12,2.0,4.02,0.541,0.172,Red Sea,General,1,0,0
20.04,8.38,8.0,5.9,0.192,0.193,North Atlantic,Automotive,1,0,0
17.27,5.66,4.0,4.28,0.131,0.238,Yellow Sea,Automotive,1,0,0
12.0,3.55,6.0,6.25,0.001,0.648,Open Ocean,Automotive,1,0,0
13.35,11.09,6.0,1.07,0.07,0.089,Cape of Good Hope,Electronics,0,0,0
18.74,0.87,2.0,1.28,0.046,0.521,Arabian Sea,General,0,0,0
10.34,15.43,8.0,3.44,0.382,0.193,Red Sea,Automotive,0,0,0
7.21,0.41,2.0,2.39,0.578,0.206,Suez Canal,Chemicals,0,0,0
12.85,0.61,8.0,1.03,0.319,0.094,South China Sea,Chemicals,0,0,0
13.91,0.08,8.0,11.49,0.298,0.077,North Atlantic,General,1,0,0
15.8,6.23,6.0,1.5,0.37,0.368,Red Sea,General,0,0,0
9.65,1.91,6.0,1.15,0.153,0.452,Cape of Good Hope,Chemicals,0,0,0
13.92,5.51,8.0,1.71,0.056,0.113,Yellow Sea,Chemicals,0,0,0
11.59,5.36,4.0,6.28,0.85,0.296,Suez Canal,Electronics,1,0,1
12.98,2.31,6.0,6.98,0.451,0.486,Mediterranean,Electronics,1,0,0
13.49,1.04,6.0,3.07,0.225,0.149,Mediterranean,Automotive,0,0,0
14.33,1.3,4.0,1.73,0.105,0.419,Cape of Good Hope,Perishables,0,0,0
14.98,8.0,6.0,12.31,0.204,0.729,Indian Ocean,Chemicals,1,0,0
13.33,0.66,6.0,0.76,0.539,0.449,Open Ocean,Automotive,0,0,0
12.18,5.54,8.0,0.85,0.571,0.42,Red Sea,General,0,0,0
13.19,0.41,4.0,18.22,0.652,0.068,Red Sea,Chemicals,1,0,0
14.12,9.84,4.0,0.66,0.141,0.313,Cape of Good Hope,Perishables,0,0,0
16.36,4.38,6.0,4.12,0.017,0.24,Pacific,Perishables,1,0,0
12.39,15.41,8.0,2.02,0.388,0.293,Pacific,Perishables,0,0,0
13.51,2.89,2.0,2.8,0.085,0.15,Indian Ocean,General,0,0,0
8.59,0.23,4.0,56.45,0.861,0.441,Strait of Malacca,General,1,0,2
18.88,0.59,2.0,41.91,0.849,0.526,Red Sea,Automotive,1,0,1
17.07,2.26,4.0,1.95,0.303,0.193,South China Sea,Perishables,0,0,0
8.69,4.86,6.0,4.52,0.086,0.157,Atlantic,Electronics,1,0,0
14.81,0.28,2.0,1.5,0.138,0.492,Cape of Good Hope,General,0,0,0
14.32,0.77,2.0,2.72,0.396,0.04,North Atlantic,General,0,0,0
13.01,1.45,6.0,0.81,0.377,0.025,Yellow Sea,Perishables,0,0,0
16.04,14.16,8.0,2.08,0.103,0.383,South China Sea,Electronics,0,0,0
14.67,5.83,2.0,1.31,0.074,0.108,Cape of Good Hope,General,0,0,0
22.11,0.22,2.0,0.36,0.268,0.339,Arabian Sea,Automotive,0,0,0
16.47,3.38,6.0,7.45,0.091,0.467,Open Ocean,General,1,0,0
15.05,1.3,4.0,5.15,0.645,0.644,Suez Canal,Automotive,1,0,0
18.33,0.19,2.0,0.25,0.12,0.033,Indian Ocean,Electronics,0,0,0
16.25,3.96,8.0,1.23,0.389,0.121,Pacific,Automotive,0,0,0
17.68,10.21,6.0,3.84,0.423,0.134,Red Sea,Perishables,0,0,0
12.06,0.25,2.0,0.59,0.14,0.557,South China Sea,Automotive,0,0,0
19.02,0.08,2.0,0.74,0.479,0.263,Suez Canal,Electronics,0,0,0
20.27,3.14,4.0,0.57,0.002,0.272,Atlantic,Electronics,0,0,0
15.29,5.06,6.0,7.23,0.777,0.321,Strait of Malacca,Electronics,1,0,0
10.81,0.41,2.0,3.06,0.05,0.214,Indian Ocean,Electronics,0,0,0
8.03,2.82,4.0,0.18,0.265,0.272,Mediterranean,Chemicals,0,0,0
16.12,0.97,6.0,2.95,0.184,0.314,Cape of Good Hope,Electronics,0,0,0
16.53,0.37,2.0,1.63,0.019,0.401,English Channel,Perishables,0,0,0
15.81,0.42,2.0,4.67,0.837,0.324,Red Sea,Automotive,1,0,0
12.87,16.18,6.0,0.97,0.087,0.27,Open Ocean,General,0,0,0
17.06,5.62,6.0,4.75,0.714,0.128,Strait of Malacca,Automotive,1,0,0
15.68,2.22,2.0,7.37,0.855,0.622,Strait of Malacca,Automotive,1,0,1
12.26,3.95,2.0,2.78,0.152,0.152,North Atlantic,Electronics,0,0,0
16.89,1.5,2.0,2.82,0.353,0.127,English Channel,Automotive,0,0,0
12.73,0.77,2.0,2.21,0.47,0.284,Suez Canal,General,0,0,0
12.94,14.75,8.0,1.07,0.084,0.247,Yellow Sea,Electronics,0,0,0
12.43,6.0,8.0,0.2,0.256,0.213,Yellow Sea,Automotive,0,0,0
11.49,5.08,4.0,5.92,0.12,0.115,South China Sea,Perishables,1,0,0
12.32,4.14,4.0,1.19,0.41,0.321,Suez Canal,General,0,0,0
13.0,10.22,4.0,9.3,0.659,0.326,Red Sea,Chemicals,1,0,0
16.12,7.79,6.0,0.95,0.174,0.127,Pacific,Electronics,0,0,0
17.95,3.32,6.0,8.46,0.744,0.35,Strait of Malacca,Electronics,1,0,0
10.3,1.33,4.0,0.05,0.1,0.252,Atlantic,Electronics,0,0,0
10.56,8.31,6.0,3.83,0.125,0.478,Cape of Good Hope,Automotive,0,0,0
10.89,1.74,2.0,0.08,0.209,0.102,Yellow Sea,Automotive,0,0,0
12.15,2.22,2.0,1.23,0.093,0.031,Pacific,Automotive,0,0,0
10.02,7.83,8.0,5.31,0.486,0.488,Red Sea,Chemicals,1,0,0
7.9,1.79,8.0,13.88,0.226,0.692,North Atlantic,Automotive,1,0,0
13.82,11.09,6.0,1.44,0.097,0.407,Indian Ocean,Automotive,0,0,0
8.26,1.17,8.0,10.34,0.848,0.05,Red Sea,Perishables,1,0,0
19.6,0.59,6.0,4.54,0.184,0.654,English Channel,Perishables,1,0,0
16.04,9.84,8.0,0.09,0.306,0.04,North Atlantic,Chemicals,0,0,0
16.28,3.01,6.0,1.06,0.172,0.503,Yellow Sea,Electronics,0,0,0
15.08,1.18,6.0,5.54,0.771,0.367,Suez Canal,General,1,0,0
21.91,8.79,4.0,6.94,0.011,0.086,South China Sea,Chemicals,1,0,0
13.53,1.5,8.0,21.48,0.019,0.302,Mediterranean,Perishables,1,0,0
15.44,1.1,8.0,2.64,0.08,0.295,North Atlantic,Perishables,0,0,0
14.11,0.87,2.0,1.19,0.085,0.465,Open Ocean,Chemicals,0,0,0
16.75,3.14,2.0,0.83,0.392,0.227,English Channel,Perishables,0,0,0
17.09,2.55,2.0,0.6,0.366,0.219,Cape of Good Hope,General,0,0,0
14.48,2.03,2.0,4.49,0.079,0.143,Pacific,Chemicals,1,0,0
16.85,0.52,2.0,2.06,0.296,0.474,Indian Ocean,Chemicals,0,0,0
14.53,6.01,4.0,4.38,0.088,0.167,Indian Ocean,Electronics,1,0,0
16.32,0.19,6.0,3.23,0.291,0.256,Cape of Good Hope,General,0,0,0
10.49,0.79,2.0,0.55,0.534,0.096,Suez Canal,Chemicals,0,0,0
12.35,2.64,2.0,0.4,0.295,0.395,North Atlantic,Perishables,0,0,0
7.1,17.88,8.0,6.8,0.466,0.477,Atlantic,Perishables,1,0,0
10.02,0.52,6.0,0.44,0.023,0.198,Pacific,Automotive,0,0,0
16.53,0.54,4.0,3.51,0.225,0.038,Indian Ocean,General,0,0,0
13.88,0.54,4.0,0.94,0.44,0.46,Arabian Sea,Electronics,0,0,0
16.82,1.55,2.0,0.04,0.191,0.283,Arabian Sea,Automotive,0,0,0
10.59,6.69,6.0,0.27,0.087,0.377,North Atlantic,Chemicals,0,0,0
12.11,0.57,6.0,2.15,0.032,0.367,Open Ocean,Chemicals,0,0,0
16.35,0.12,2.0,0.04,0.479,0.077,Atlantic,Electronics,0,0,0
11.88,1.9,4.0,1.05,0.08,0.578,Arabian Sea,Electronics,0,0,0
18.54,2.29,4.0,2.33,0.26,0.329,Strait of Malacca,Automotive,0,0,0
18.12,10.57,4.0,1.1,0.369,0.146,Mediterranean,Automotive,0,0,0
14.19,9.57,6.0,2.26,0.187,0.212,English Channel,Automotive,0,0,0
15.14,1.21,2.0,0.59,0.141,0.085,Pacific,Perishables,0,0,0
15.73,15.72,8.0,3.4,0.072,0.245,English Channel,Electronics,0,0,0
11.91,5.23,8.0,0.51,0.468,0.235,Indian Ocean,General,0,0,0
10.92,9.98,6.0,3.62,0.236,0.323,South China Sea,Chemicals,0,0,0
14.29,2.07,2.0,1.08,0.006,0.407,Indian Ocean,Chemicals,0,0,0
12.52,1.89,6.0,0.36,0.02,0.43,Cape of Good Hope,Perishables,0,0,0
15.28,4.97,4.0,1.02,0.035,0.548,Open Ocean,Electronics,0,0,0
13.41,1.24,2.0,0.1,0.273,0.264,English Channel,Chemicals,0,0,0
12.59,11.5,8.0,8.94,0.251,0.132,Atlantic,Perishables,1,0,0
16.71,1.29,2.0,0.83,0.487,0.185,Suez Canal,Chemicals,0,0,0
11.93,0.6,2.0,0.19,0.147,0.635,Yellow Sea,Automotive,0,0,0
16.75,5.17,6.0,3.75,0.079,0.125,Cape of Good Hope,Chemicals,0,0,0
14.18,2.96,4.0,0.95,0.074,0.493,Open Ocean,Automotive,0,0,0
12.5,19.08,8.0,0.43,0.18,0.398,English Channel,General,0,0,0
8.77,4.27,8.0,0.25,0.06,0.087,English Channel,Chemicals,0,0,0
19.43,7.87,6.0,2.04,0.373,0.287,Strait of Malacca,Electronics,0,0,0
16.59,26.61,8.0,0.23,0.069,0.482,Red Sea,Automotive,0,0,0
10.73,0.07,2.0,0.3,0.037,0.379,Pacific,General,0,0,0
10.3,3.32,6.0,15.15,0.636,0.363,Suez Canal,Electronics,1,0,1
13.19,5.14,2.0,1.54,0.24,0.054,Indian Ocean,Automotive,0,0,0
6.93,2.02,2.0,5.25,0.322,0.447,Pacific,Electronics,1,0,0
14.67,0.27,2.0,0.32,0.25,0.485,English Channel,Perishables,0,0,0
12.29,3.12,6.0,4.55,0.255,0.421,Yellow Sea,Automotive,1,0,0
13.88,0.49,6.0,88.08,0.876,0.208,Red Sea,Electronics,1,0,2
12.47,3.38,8.0,24.32,0.635,0.403,Red Sea,Perishables,1,0,1
15.33,19.02,8.0,1.08,0.347,0.027,Cape of Good Hope,Chemicals,0,0,0
13.9,4.65,4.0,0.29,0.045,0.164,Indian Ocean,Perishables,0,0,0
14.22,0.7,4.0,0.65,0.417,0.445,Open Ocean,General,0,0,0
16.93,1.65,6.0,1.15,0.542,0.353,Mediterranean,Perishables,0,0,0
17.84,1.54,2.0,1.06,0.418,0.354,Pacific,Automotive,0,0,0
8.54,1.3,2.0,4.58,0.261,0.211,Mediterranean,General,1,0,0
13.72,17.64,6.0,0.4,0.038,0.17,Cape of Good Hope,Perishables,0,0,0
12.55,3.01,6.0,0.05,0.201,0.06,English Channel,Automotive,0,0,0
10.64,3.52,2.0,3.28,0.312,0.195,Suez Canal,General,0,0,0
14.02,7.16,4.0,0.63,0.176,0.379,Mediterranean,Perishables,0,0,0
17.3,1.16,6.0,1.83,0.304,0.173,Indian Ocean,General,0,0,0
18.09,0.26,2.0,5.01,0.021,0.235,South China Sea,Perishables,1,0,0
18.71,4.45,4.0,1.02,0.214,0.379,English Channel,Electronics,0,0,0
13.9,2.12,4.0,11.31,0.648,0.191,Suez Canal,Automotive,1,0,0
16.42,1.23,6.0,12.54,0.72,0.047,Red Sea,Perishables,1,0,0
13.87,2.62,4.0,0.26,0.387,0.148,Indian Ocean,Automotive,0,0,0
14.31,2.47,2.0,0.27,0.23,0.034,Yellow Sea,Chemicals,0,0,0
8.55,0.99,2.0,0.11,0.154,0.58,Pacific,Perishables,0,0,0
16.31,0.87,2.0,2.11,0.082,0.254,South China Sea,Automotive,0,0,0
12.66,2.34,2.0,3.95,0.042,0.42,Indian Ocean,Automotive,0,0,0
18.68,2.35,2.0,0.33,0.49,0.239,Arabian Sea,General,0,0,0
7.75,10.32,8.0,4.1,0.19,0.266,Indian Ocean,Automotive,1,0,0
7.96,9.75,4.0,13.44,0.261,0.364,Atlantic,Electronics,1,0,0
18.48,5.99,8.0,10.18,0.519,0.464,Strait of Malacca,Perishables,1,0,0
14.97,10.39,8.0,6.67,0.038,0.306,Mediterranean,Automotive,1,0,0
18.31,10.6,4.0,0.01,0.076,0.543,Atlantic,Chemicals,0,0,0
15.67,0.78,2.0,8.68,0.193,0.799,South China Sea,Automotive,1,0,0
17.29,1.24,6.0,14.77,0.977,0.104,Red Sea,Electronics,1,0,1
16.62,8.12,8.0,1.77,0.256,0.078,Pacific,General,0,0,0
12.21,5.88,6.0,1.64,0.271,0.027,Suez Canal,Automotive,0,0,0
10.73,1.41,8.0,13.34,0.739,0.336,Suez Canal,Electronics,1,0,1
15.9,4.58,6.0,0.11,0.035,0.469,Cape of Good Hope,Perishables,0,0,0
15.11,1.21,2.0,0.99,0.473,0.271,English Channel,Perishables,0,0,0
13.11,4.04,6.0,0.9,0.355,0.19,Arabian Sea,Perishables,0,0,0
14.38,0.9,4.0,0.08,0.58,0.559,Red Sea,Perishables,0,0,0
13.28,2.79,2.0,1.07,0.409,0.241,Atlantic,Perishables,0,0,0
16.79,8.44,6.0,1.74,0.113,0.206,Yellow Sea,Perishables,0,0,0
19.97,1.2,2.0,3.22,0.387,0.531,Pacific,Automotive,0,0,0
10.71,2.53,2.0,3.96,0.209,0.59,Arabian Sea,Automotive,0,0,0
20.26,6.48,2.0,2.27,0.437,0.479,Strait of Malacca,Automotive,0,0,0
9.09,3.18,2.0,2.0,0.193,0.492,Indian Ocean,General,0,0,0
14.25,1.05,2.0,1.86,0.193,0.683,Pacific,Electronics,0,0,0
13.85,1.63,2.0,1.15,0.563,0.027,Suez Canal,General,0,0,0
15.78,1.78,8.0,0.24,0.037,0.244,Pacific,General,0,0,0
14.69,0.0,2.0,7.57,0.534,0.316,Suez Canal,Perishables,1,0,0
14.65,8.32,4.0,3.18,0.276,0.356,South China Sea,General,0,0,0
12.06,7.26,8.0,3.46,0.217,0.516,Cape of Good Hope,Chemicals,0,0,0
16.13,3.09,6.0,0.92,0.236,0.169,North Atlantic,Chemicals,0,0,0
16.31,2.48,6.0,0.42,0.04,0.295,Arabian Sea,General,0,0,0
12.37,1.47,4.0,18.17,0.708,0.107,Red Sea,Automotive,1,0,0
19.94,1.18,6.0,2.26,0.276,0.34,South China Sea,Automotive,0,0,0
10.0,0.67,8.0,1.89,0.088,0.18,South China Sea,Automotive,0,0,0
17.67,1.59,2.0,0.8,0.14,0.272,Mediterranean,Perishables,0,0,0
12.46,0.6,4.0,9.93,0.73,0.229,Red Sea,Chemicals,1,0,0
11.14,8.37,8.0,3.32,0.232,0.302,Pacific,Electronics,0,0,0
15.99,7.56,6.0,3.71,0.494,0.425,Suez Canal,Chemicals,0,0,0
15.72,1.01,2.0,1.44,0.104,0.421,Pacific,Chemicals,0,0,0
15.7,2.94,4.0,3.28,0.427,0.247,North Atlantic,General,0,0,0
12.11,0.5,6.0,0.06,0.236,0.459,Indian Ocean,General,0,0,0
12.49,14.62,6.0,2.6,0.073,0.353,Cape of Good Hope,Chemicals,0,0,0
14.7,5.36,8.0,1.05,0.003,0.574,Arabian Sea,Electronics,0,0,0
9.78,0.36,4.0,2.94,0.233,0.272,Open Ocean,Electronics,0,0,0
9.44,5.95,2.0,0.42,0.175,0.153,Open Ocean,Automotive,0,0,0
10.93,1.72,2.0,0.14,0.374,0.366,Atlantic,Electronics,0,0,0
14.11,10.07,8.0,3.92,0.104,0.669,Open Ocean,General,0,0,0
16.84,9.25,2.0,3.27,0.025,0.107,Mediterranean,Perishables,0,1,0
16.38,5.0,8.0,0.69,0.297,0.168,Yellow Sea,General,0,0,0
14.07,9.91,8.0,1.25,0.187,0.375,Indian Ocean,Electronics,0,0,0
14.11,2.49,4.0,0.16,0.02,0.185,Pacific,Automotive,0,0,0
11.89,2.55,2.0,26.78,0.83,0.166,Suez Canal,Electronics,1,0,1
14.66,2.61,2.0,3.52,0.647,0.264,Red Sea,Electronics,0,0,0
9.75,2.54,4.0,10.82,0.722,0.34,Mediterranean,General,1,0,1
15.03,4.95,4.0,19.92,0.66,0.185,Red Sea,Perishables,1,0,0
10.96,1.5,6.0,1.14,0.145,0.339,Open Ocean,Perishables,0,0,0
15.47,2.36,4.0,1.35,0.042,0.281,Pacific,Automotive,0,0,0
14.31,10.09,6.0,0.42,0.118,0.127,Atlantic,Automotive,0,0,0
14.51,19.99,8.0,24.37,0.965,0.075,Red Sea,Chemicals,1,0,1
15.73,5.56,8.0,1.78,0.073,0.623,Indian Ocean,Chemicals,0,0,0
11.59,2.6,4.0,4.09,0.576,0.384,Red Sea,Automotive,1,0,0
14.82,2.92,8.0,1.73,0.189,0.507,Cape of Good Hope,Electronics,0,0,0
12.92,3.88,6.0,0.59,0.116,0.296,Mediterranean,Chemicals,0,0,0
15.64,27.34,8.0,4.3,0.483,0.065,Suez Canal,Perishables,1,0,0
20.19,2.55,6.0,4.39,0.627,0.229,Suez Canal,Automotive,1,0,0
13.13,1.9,6.0,21.1,0.814,0.324,Red Sea,Automotive,1,0,1
8.88,3.81,6.0,2.03,0.33,0.406,Arabian Sea,General,0,0,0
17.56,0.62,2.0,0.56,0.261,0.432,Pacific,General,0,0,0
16.11,8.17,8.0,0.63,0.529,0.106,Suez Canal,Electronics,0,0,0
15.09,3.08,4.0,1.6,0.938,0.304,Red Sea,Chemicals,0,0,0
14.26,0.12,8.0,0.28,0.501,0.387,Suez Canal,Electronics,0,0,0
18.26,1.78,6.0,0.69,0.175,0.545,Open Ocean,Electronics,0,0,0
14.0,1.74,4.0,2.95,0.409,0.45,Red Sea,General,0,0,0
18.38,1.85,2.0,20.44,0.755,0.488,Strait of Malacca,General,1,0,1
14.19,6.83,8.0,3.78,0.258,0.366,South China Sea,Chemicals,0,0,0
16.51,0.44,2.0,1.65,0.839,0.123,Suez Canal,Electronics,0,0,0
10.03,2.2,4.0,29.36,0.622,0.224,Suez Canal,Perishables,1,0,1
11.04,3.41,4.0,6.62,0.052,0.289,English Channel,Automotive,1,0,0
13.56,6.94,8.0,0.73,0.122,0.523,Atlantic,General,0,0,0
15.5,1.86,2.0,2.26,0.301,0.341,Yellow Sea,Automotive,0,0,0
13.02,11.16,4.0,2.23,0.026,0.49,South China Sea,Automotive,0,0,0
15.63,0.73,4.0,1.6,0.072,0.251,Indian Ocean,General,0,0,0
19.71,10.7,8.0,0.99,0.253,0.107,Arabian Sea,General,0,0,0
15.43,6.93,8.0,0.17,0.182,0.129,Arabian Sea,Chemicals,0,0,0
13.28,2.65,4.0,0.4,0.423,0.229,Cape of Good Hope,Electronics,0,0,0
10.7,16.25,6.0,0.07,0.102,0.277,Open Ocean,Chemicals,0,0,0
18.82,6.77,2.0,0.63,0.216,0.22,North Atlantic,Automotive,0,0,0
9.09,12.61,6.0,0.3,0.563,0.571,Yellow Sea,Electronics,0,0,0
14.43,8.67,6.0,17.47,0.224,0.756,Cape of Good Hope,Perishables,1,0,0
21.26,2.6,2.0,29.76,0.812,0.377,Suez Canal,Automotive,1,0,1
13.19,1.8,6.0,0.03,0.6,0.572,Indian Ocean,General,0,0,0
9.99,3.72,8.0,25.36,0.801,0.515,Suez Canal,Perishables,1,0,1
12.47,1.67,4.0,2.75,0.112,0.653,Atlantic,General,0,0,0
16.08,0.08,8.0,2.08,0.43,0.448,North Atlantic,Automotive,0,0,0
13.36,0.91,8.0,0.88,0.139,0.145,South China Sea,Perishables,0,0,0
14.57,3.7,8.0,1.55,0.018,0.374,Pacific,Automotive,0,0,0
3.77,0.28,2.0,7.68,0.116,0.325,Mediterranean,Chemicals,1,0,0
13.64,1.21,8.0,2.96,0.225,0.092,Atlantic,Perishables,0,0,0
10.69,2.31,8.0,1.91,0.502,0.329,South China Sea,Perishables,0,0,0
13.04,4.94,8.0,2.57,0.29,0.379,Strait of Malacca,General,0,0,0
14.68,4.57,4.0,0.67,0.375,0.097,South China Sea,Automotive,0,0,0
19.43,5.61,6.0,6.2,0.893,0.062,Red Sea,Automotive,1,0,0
13.85,4.74,6.0,0.04,0.19,0.191,Atlantic,Chemicals,0,0,0
12.44,5.21,2.0,2.5,0.297,0.233,Strait of Malacca,Automotive,0,0,0
13.89,0.11,2.0,0.08,0.144,0.405,North Atlantic,General,0,0,0
14.37,2.25,4.0,1.48,0.162,0.15,North Atlantic,General,0,0,0
17.42,6.88,4.0,0.65,0.453,0.25,Arabian Sea,Chemicals,0,0,0
16.64,0.19,4.0,1.28,0.002,0.083,Open Ocean,Perishables,0,0,0
18.7,2.45,2.0,4.12,0.183,0.341,Pacific,Chemicals,1,0,0
11.52,0.15,4.0,1.22,0.038,0.308,Open Ocean,General,0,0,0
12.47,0.03,4.0,0.76,0.577,0.244,English Channel,Electronics,0,0,0
12.26,12.73,6.0,25.34,0.755,0.355,Red Sea,Perishables,1,0,1
13.24,0.56,2.0,2.19,0.403,0.575,Cape of Good Hope,Perishables,0,0,0
14.75,4.68,6.0,0.38,0.288,0.269,South China Sea,Automotive,0,0,0
20.62,4.08,8.0,6.01,0.138,0.188,Mediterranean,Electronics,1,0,0
13.37,22.24,8.0,0.79,0.541,0.084,Suez Canal,General,0,0,0
16.76,1.89,4.0,3.46,0.111,0.096,Atlantic,Automotive,0,0,0
16.74,5.7,6.0,0.63,0.582,0.401,Indian Ocean,Chemicals,0,0,0
10.4,4.22,6.0,1.48,0.149,0.27,Arabian Sea,Automotive,0,0,0
15.21,14.47,6.0,1.87,0.398,0.315,Strait of Malacca,Electronics,0,0,0
9.44,22.13,8.0,1.96,0.342,0.135,Pacific,Perishables,0,0,0
10.99,0.15,4.0,0.64,0.012,0.352,Yellow Sea,Chemicals,0,0,0
5.17,0.73,4.0,15.17,0.322,0.476,South China Sea,Electronics,1,0,0
15.47,1.06,2.0,0.11,0.371,0.217,English Channel,Chemicals,0,0,0
16.39,0.8,2.0,1.05,0.041,0.545,Arabian Sea,General,0,0,0
16.31,0.95,4.0,1.93,0.969,0.164,Red Sea,Electronics,0,0,0
14.1,2.44,2.0,4.73,0.585,0.291,Strait of Malacca,General,1,0,0
16.43,8.46,8.0,0.51,0.463,0.293,Open Ocean,Chemicals,0,0,0
13.75,5.4,6.0,0.47,0.255,0.3,South China Sea,General,0,0,0
14.47,0.79,2.0,5.33,0.354,0.194,Atlantic,Electronics,1,0,0
14.95,5.73,8.0,23.34,0.627,0.362,Red Sea,Chemicals,1,0,1
19.59,1.49,6.0,0.8,0.065,0.21,Mediterranean,Perishables,0,0,0
13.82,6.02,8.0,13.09,0.779,0.119,Suez Canal,Perishables,1,0,0
8.78,1.66,2.0,0.01,0.129,0.171,Mediterranean,General,0,0,0
10.87,0.48,2.0,1.29,0.234,0.227,Pacific,Electronics,0,0,0
16.49,0.22,2.0,0.27,0.183,0.144,North Atlantic,Automotive,0,0,0
19.29,0.29,2.0,0.79,0.007,0.245,North Atlantic,Automotive,0,0,0
14.81,2.03,6.0,2.27,0.53,0.182,Cape of Good Hope,Electronics,0,0,0
17.02,11.43,6.0,4.17,0.585,0.513,Suez Canal,Perishables,1,0,0
13.02,2.99,2.0,1.73,0.207,0.168,Atlantic,Chemicals,0,0,0
9.35,1.15,6.0,0.67,0.114,0.091,Mediterranean,General,0,0,0
11.51,2.48,2.0,1.32,0.006,0.103,Cape of Good Hope,Automotive,0,0,0
19.36,9.59,8.0,6.39,0.178,0.13,North Atlantic,Electronics,1,0,0
15.98,2.45,2.0,1.05,0.168,0.185,Yellow Sea,Chemicals,0,0,0
13.47,4.81,4.0,0.72,0.165,0.02,South China Sea,General,0,0,0
14.56,8.27,8.0,0.15,0.22,0.553,Cape of Good Hope,Perishables,0,0,0
9.91,6.78,4.0,1.67,0.542,0.176,English Channel,General,0,0,0
14.7,3.87,6.0,5.56,0.238,0.228,Arabian Sea,Automotive,1,0,0
17.26,0.94,2.0,7.76,0.28,0.373,Open Ocean,Perishables,1,0,0
13.13,2.24,2.0,96.0,0.801,0.369,Suez Canal,General,1,0,2
11.38,1.57,2.0,1.76,0.747,0.324,Strait of Malacca,Perishables,0,0,0
21.52,1.19,4.0,40.66,0.831,0.04,Strait of Malacca,Automotive,1,0,1
15.84,1.43,4.0,0.76,0.027,0.358,Atlantic,Perishables,0,0,0
11.89,7.52,8.0,0.48,0.078,0.041,Cape of Good Hope,General,0,0,0
12.2,15.94,8.0,0.57,0.083,0.127,Cape of Good Hope,Perishables,0,0,0
14.15,1.56,4.0,0.6,0.505,0.402,Indian Ocean,General,0,0,0
13.15,2.1,4.0,0.95,0.226,0.559,Atlantic,General,0,0,0
19.52,0.61,4.0,3.7,0.08,0.164,Indian Ocean,Perishables,0,0,0
9.89,18.92,8.0,24.49,0.796,0.441,Red Sea,General,1,0,1
15.61,13.28,6.0,2.25,0.187,0.531,Cape of Good Hope,Automotive,0,0,0
14.42,4.31,6.0,39.12,0.632,0.248,Strait of Malacca,Electronics,1,0,1
14.58,1.67,2.0,1.88,0.052,0.572,English Channel,General,0,0,0
13.04,2.49,2.0,0.05,0.088,0.289,Mediterranean,General,0,0,0
10.52,5.53,2.0,0.07,0.019,0.203,Yellow Sea,Electronics,0,0,0
13.58,1.02,4.0,0.16,0.5,0.144,Strait of Malacca,Perishables,0,0,0
14.97,2.88,6.0,3.17,0.286,0.297,Cape of Good Hope,Automotive,0,0,0
11.92,2.27,6.0,2.65,0.2,0.346,Yellow Sea,Chemicals,0,0,0
15.41,4.56,6.0,5.27,0.05,0.295,Yellow Sea,Chemicals,1,0,0
8.68,10.97,8.0,3.81,0.031,0.101,Yellow Sea,Automotive,0,0,0
17.43,10.85,8.0,0.34,0.469,0.502,Arabian Sea,Perishables,0,0,0
18.27,5.9,4.0,15.01,0.007,0.746,Mediterranean,Electronics,1,0,0
17.96,4.35,4.0,0.47,0.325,0.094,North Atlantic,Automotive,0,0,0
7.96,1.89,8.0,3.34,0.043,0.565,Indian Ocean,Electronics,0,0,0
12.35,3.15,8.0,2.53,0.047,0.319,South China Sea,Perishables,0,0,0
17.07,0.79,2.0,0.05,0.083,0.069,Mediterranean,General,0,0,0
14.21,9.91,8.0,2.9,0.271,0.098,Arabian Sea,Automotive,0,0,0
13.71,2.53,8.0,1.24,0.168,0.481,Arabian Sea,General,0,0,0
17.67,2.62,8.0,1.16,0.069,0.29,North Atlantic,Perishables,0,0,0
18.63,7.59,6.0,0.64,0.42,0.288,Arabian Sea,Electronics,0,0,0
13.23,3.3,8.0,19.46,0.904,0.362,Suez Canal,Chemicals,1,0,1
10.8,1.68,6.0,0.5,0.409,0.426,South China Sea,Chemicals,0,0,0
11.79,1.02,4.0,22.31,0.69,0.388,Indian Ocean,General,1,0,1
11.56,6.36,8.0,1.42,0.038,0.416,Arabian Sea,Electronics,0,0,0
14.52,5.53,6.0,0.12,0.154,0.235,Pacific,Perishables,0,0,0
12.28,8.72,6.0,1.82,0.059,0.536,Atlantic,Perishables,0,0,0
14.85,14.92,6.0,1.5,0.373,0.332,Indian Ocean,Perishables,0,0,0
18.66,0.02,4.0,2.78,0.059,0.189,Atlantic,Automotive,0,0,0
12.83,1.28,6.0,0.64,0.161,0.373,Open Ocean,Perishables,0,0,0
13.08,2.55,8.0,1.25,0.03,0.331,Arabian Sea,Perishables,0,0,0
11.38,0.09,2.0,1.89,0.201,0.246,Arabian Sea,Chemicals,0,0,0
15.14,2.34,6.0,1.78,0.231,0.433,Arabian Sea,General,0,0,0
6.44,6.27,4.0,4.74,0.544,0.252,Red Sea,Electronics,1,0,0
18.59,9.49,8.0,8.27,0.772,0.361,Suez Canal,Chemicals,1,0,0
16.08,2.81,8.0,31.37,0.63,0.084,Suez Canal,Perishables,1,0,1
16.69,1.13,2.0,1.0,0.376,0.161,South China Sea,Electronics,0,0,0
10.63,0.2,6.0,2.45,0.066,0.219,Mediterranean,Perishables,0,0,0
12.27,3.42,4.0,1.7,0.08,0.164,South China Sea,General,0,0,0
16.17,11.27,4.0,14.63,0.047,0.214,English Channel,Automotive,1,0,0
12.27,2.35,6.0,5.39,0.735,0.209,Suez Canal,Electronics,1,0,0
10.47,2.83,6.0,0.14,0.048,0.255,South China Sea,Chemicals,0,0,0
12.68,6.87,8.0,22.31,0.608,0.132,Suez Canal,Perishables,1,0,0
9.99,9.97,6.0,2.58,0.431,0.065,Atlantic,General,0,0,0
14.19,5.73,4.0,0.18,0.228,0.19,Yellow Sea,General,0,0,0
10.25,1.83,6.0,3.04,0.002,0.35,Arabian Sea,General,0,0,0
13.65,5.91,2.0,0.73,0.192,0.025,Cape of Good Hope,Perishables,0,0,0
11.64,5.96,8.0,2.41,0.176,0.38,Open Ocean,Automotive,0,0,0
16.67,1.11,8.0,0.9,0.089,0.206,Arabian Sea,Automotive,0,0,0
14.75,1.2,8.0,6.88,0.2,0.517,Arabian Sea,Perishables,1,0,0
13.41,1.54,4.0,0.21,0.06,0.314,Indian Ocean,Chemicals,0,0,0
12.57,9.07,8.0,0.48,0.118,0.102,South China Sea,Perishables,0,0,0
18.53,0.71,2.0,0.82,0.281,0.312,North Atlantic,Automotive,0,0,0
16.7,9.72,2.0,0.44,0.219,0.279,Atlantic,Chemicals,0,1,0
13.35,5.9,2.0,5.26,0.141,0.202,Open Ocean,General,1,0,0
8.99,0.75,6.0,0.96,0.05,0.186,Atlantic,Automotive,0,0,0
16.07,3.76,8.0,0.97,0.282,0.488,English Channel,Perishables,0,0,0
12.57,2.86,2.0,3.12,0.013,0.195,Indian Ocean,Perishables,0,0,0
10.71,7.4,6.0,1.08,0.602,0.201,Strait of Malacca,Automotive,0,0,0
15.19,15.62,8.0,2.37,0.355,0.291,Suez Canal,General,0,0,0
9.3,3.56,6.0,0.04,0.194,0.471,Arabian Sea,Chemicals,0,0,0
10.08,1.65,2.0,1.12,0.315,0.351,Indian Ocean,Automotive,0,0,0
17.23,0.42,6.0,4.52,0.242,0.113,Mediterranean,Electronics,1,0,0
12.65,13.56,8.0,1.77,0.079,0.204,Arabian Sea,Automotive,0,0,0
13.06,21.99,8.0,1.52,0.041,0.498,South China Sea,Automotive,0,0,0
13.41,0.21,2.0,7.25,0.196,0.755,Indian Ocean,Automotive,1,0,0
15.14,1.05,2.0,1.31,0.1,0.566,Atlantic,Automotive,0,0,0
18.27,4.85,8.0,3.94,0.84,0.29,Suez Canal,Chemicals,0,0,0
15.73,0.0,8.0,0.26,0.288,0.112,English Channel,Automotive,0,0,0
11.12,0.55,2.0,1.03,0.05,0.125,South China Sea,Electronics,0,0,0
20.23,9.08,6.0,0.53,0.166,0.208,Cape of Good Hope,Chemicals,0,0,0
12.57,1.4,4.0,1.08,0.596,0.359,Atlantic,General,0,0,0
12.72,1.3,4.0,0.44,0.036,0.165,Indian Ocean,Perishables,0,0,0
11.98,1.0,8.0,0.3,0.394,0.453,Yellow Sea,Chemicals,0,0,0
13.61,4.77,6.0,12.04,0.759,0.192,Suez Canal,General,1,0,0
16.48,3.3,2.0,8.93,0.239,0.39,Mediterranean,Perishables,1,0,0
13.12,0.64,6.0,0.17,0.045,0.338,Cape of Good Hope,Automotive,0,0,0
14.48,0.27,2.0,0.61,0.582,0.338,Red Sea,Electronics,0,0,0
15.86,0.38,2.0,1.19,0.01,0.172,Atlantic,Chemicals,0,0,0
7.62,6.34,2.0,4.38,0.062,0.492,Cape of Good Hope,Perishables,1,0,0
19.16,10.49,8.0,30.12,0.624,0.229,South China Sea,Chemicals,1,0,1
9.82,4.99,6.0,0.81,0.52,0.429,Open Ocean,Chemicals,0,0,0
9.48,1.04,2.0,0.47,0.5,0.045,Strait of Malacca,Electronics,0,0,0
17.57,0.11,2.0,24.64,0.74,0.388,Strait of Malacca,Chemicals,1,0,1
11.51,15.54,4.0,0.53,0.342,0.275,North Atlantic,Perishables,0,0,0
16.35,0.54,2.0,3.47,0.136,0.474,English Channel,General,0,0,0
14.68,2.51,8.0,2.88,0.257,0.206,Suez Canal,Chemicals,0,0,0
15.41,5.96,4.0,5.14,0.057,0.292,Indian Ocean,Automotive,1,0,0
12.0,0.32,4.0,0.84,0.202,0.661,South China Sea,Chemicals,0,0,0
8.85,1.82,4.0,0.22,0.419,0.234,Yellow Sea,Automotive,0,0,0
14.37,2.3,4.0,0.42,0.228,0.379,English Channel,Automotive,0,0,0
13.79,2.28,2.0,4.57,0.055,0.374,Arabian Sea,Electronics,1,0,0
15.76,3.88,4.0,0.37,0.384,0.378,Strait of Malacca,Chemicals,0,0,0
19.76,1.33,2.0,2.46,0.621,0.183,Arabian Sea,Perishables,0,0,0
9.61,7.43,8.0,4.24,0.112,0.265,Yellow Sea,Chemicals,1,0,0
12.04,5.75,6.0,0.71,0.002,0.367,Pacific,Electronics,0,0,0
8.55,1.06,2.0,5.15,0.263,0.143,Atlantic,General,1,0,0
9.23,6.48,2.0,8.5,0.009,0.367,Indian Ocean,Electronics,1,0,0
11.37,11.55,8.0,0.2,0.192,0.37,Mediterranean,General,0,0,0
14.37,2.05,6.0,0.03,0.113,0.166,Pacific,Automotive,0,0,0
11.98,1.09,2.0,2.3,0.197,0.217,Arabian Sea,Perishables,0,0,0
15.67,14.59,6.0,1.39,0.137,0.217,Pacific,General,0,0,0
15.28,3.74,2.0,0.11,0.574,0.351,South China Sea,Chemicals,0,0,0
12.69,12.41,4.0,4.9,0.758,0.021,Strait of Malacca,Chemicals,1,0,0
18.29,13.35,8.0,0.04,0.232,0.263,Mediterranean,Perishables,0,0,0
16.32,1.39,2.0,7.35,0.144,0.356,Strait of Malacca,Perishables,1,0,0
14.4,1.76,2.0,0.94,0.252,0.518,Atlantic,Perishables,0,0,0
12.49,0.98,4.0,7.62,0.59,0.204,Strait of Malacca,General,1,0,0
15.11,2.19,2.0,0.13,0.188,0.514,Yellow Sea,Automotive,0,0,0
16.76,0.58,2.0,0.69,0.504,0.423,Red Sea,Perishables,0,0,0
17.69,2.37,2.0,1.64,0.08,0.13,Atlantic,Perishables,0,0,0
15.68,2.11,6.0,7.1,0.815,0.147,Strait of Malacca,Chemicals,1,0,0
17.51,1.13,2.0,1.69,0.008,0.234,English Channel,Electronics,0,0,0
13.0,1.03,4.0,0.03,0.599,0.468,Strait of Malacca,Chemicals,0,0,0
14.35,3.79,6.0,24.02,0.643,0.232,Red Sea,Perishables,1,0,1
9.84,0.11,2.0,0.42,0.509,0.234,Red Sea,General,0,0,0
12.63,4.14,8.0,2.19,0.113,0.428,English Channel,Automotive,0,0,0
11.88,3.21,2.0,3.08,0.137,0.29,Arabian Sea,General,0,0,0
9.75,1.93,4.0,2.15,0.079,0.311,North Atlantic,Chemicals,0,0,0
13.13,0.93,8.0,4.93,0.093,0.525,North Atlantic,Electronics,1,0,0
13.3,0.98,4.0,1.11,0.057,0.143,Mediterranean,General,0,0,0
16.57,0.64,2.0,1.27,0.112,0.61,Indian Ocean,Perishables,0,0,0
17.75,4.52,2.0,0.17,0.394,0.3,Cape of Good Hope,Electronics,0,0,0
13.24,12.43,6.0,0.68,0.184,0.316,English Channel,Automotive,0,0,0
12.43,0.53,8.0,2.27,0.261,0.239,Indian Ocean,Chemicals,0,0,0
12.37,1.69,4.0,1.21,0.155,0.302,Pacific,Automotive,0,0,0
12.82,10.65,8.0,8.72,0.659,0.401,Strait of Malacca,Chemicals,1,0,0
11.96,1.85,2.0,1.16,0.401,0.257,Suez Canal,Automotive,0,0,0
12.25,14.97,8.0,0.25,0.289,0.365,Yellow Sea,Electronics,0,0,0
14.8,3.96,8.0,1.29,0.108,0.257,Open Ocean,Automotive,0,0,0
12.18,3.18,8.0,1.64,0.036,0.092,North Atlantic,Chemicals,0,0,0
16.99,0.17,8.0,1.64,0.004,0.394,Atlantic,Automotive,0,0,0
11.98,0.6,2.0,0.54,0.119,0.057,South China Sea,Perishables,0,0,0
19.35,0.38,4.0,4.72,0.403,0.252,Suez Canal,Perishables,1,0,0
14.52,0.33,2.0,7.12,0.095,0.406,English Channel,Perishables,1,0,0
14.99,1.18,6.0,35.88,0.985,0.136,Suez Canal,Perishables,1,0,1
18.8,0.99,2.0,2.77,0.313,0.55,English Channel,Automotive,0,0,0
21.56,6.73,6.0,0.78,0.184,0.239,Yellow Sea,Chemicals,0,0,0
15.3,5.55,4.0,1.9,0.225,0.241,Arabian Sea,Chemicals,0,0,0
12.49,21.66,8.0,7.2,0.805,0.293,Suez Canal,General,1,0,0
13.46,3.68,6.0,1.3,0.122,0.186,Cape of Good Hope,General,0,0,0
15.78,1.5,2.0,0.81,0.063,0.235,Mediterranean,Electronics,0,0,0
6.57,15.34,8.0,5.26,0.098,0.443,Pacific,Automotive,1,0,0
21.8,8.78,8.0,0.24,0.104,0.314,Mediterranean,General,0,0,0
14.46,6.12,4.0,5.68,0.252,0.163,Indian Ocean,Perishables,1,0,0
13.0,0.95,6.0,0.79,0.33,0.267,Indian Ocean,Automotive,0,0,0
14.0,3.77,8.0,0.57,0.105,0.298,Mediterranean,Electronics,0,0,0
13.65,6.0,6.0,2.53,0.308,0.185,Mediterranean,General,0,0,0
11.0,9.57,6.0,0.06,0.355,0.22,North Atlantic,Automotive,0,0,0
12.07,0.51,4.0,7.08,0.169,0.119,Red Sea,General,1,0,0
16.4,0.55,4.0,5.08,0.214,0.451,South China Sea,Electronics,1,0,0
13.72,1.69,4.0,1.46,0.493,0.279,Cape of Good Hope,General,0,0,0
13.97,7.32,2.0,0.4,0.004,0.458,Open Ocean,Chemicals,0,0,0
17.01,2.59,8.0,0.59,0.457,0.463,Red Sea,Electronics,0,0,0
16.01,1.76,6.0,2.62,0.154,0.04,Indian Ocean,Perishables,0,0,0
19.96,4.7,6.0,0.33,0.568,0.36,Suez Canal,General,0,0,0
11.41,5.3,6.0,0.43,0.099,0.135,Yellow Sea,Chemicals,0,0,0
16.23,3.29,4.0,7.82,0.502,0.453,Atlantic,Perishables,1,0,0
16.97,3.52,8.0,0.76,0.53,0.15,Strait of Malacca,Perishables,0,0,0
18.34,0.67,6.0,2.49,0.413,0.293,English Channel,Automotive,0,0,0
12.09,0.11,6.0,2.13,0.321,0.174,Indian Ocean,Electronics,0,0,0
18.96,6.38,6.0,0.45,0.011,0.146,South China Sea,Chemicals,0,0,0
10.27,7.6,8.0,3.73,0.183,0.219,Open Ocean,Perishables,0,0,0
15.73,0.01,8.0,0.21,0.114,0.112,Cape of Good Hope,General,0,0,0
16.85,3.02,6.0,18.73,0.868,0.068,Red Sea,Automotive,1,0,1
16.77,1.66,8.0,1.64,0.388,0.139,Cape of Good Hope,Automotive,0,0,0
11.69,1.42,2.0,0.32,0.107,0.393,Atlantic,General,0,0,0
11.14,2.0,2.0,2.38,0.017,0.221,Yellow Sea,General,0,0,0
14.75,3.93,8.0,5.1,0.893,0.457,Red Sea,Perishables,1,0,1
14.92,2.37,2.0,2.61,0.378,0.375,Pacific,Electronics,0,0,0
10.38,12.23,6.0,0.41,0.393,0.287,Pacific,Chemicals,0,0,0
11.5,7.93,4.0,1.09,0.08,0.162,Indian Ocean,General,0,0,0
8.19,0.13,2.0,1.52,0.183,0.157,Yellow Sea,Chemicals,0,0,0
11.79,8.13,8.0,2.27,0.012,0.243,Pacific,Chemicals,0,0,0
8.62,7.65,8.0,3.95,0.949,0.282,Suez Canal,Automotive,0,0,1
20.84,9.2,8.0,4.64,0.065,0.486,Yellow Sea,Perishables,1,0,0
15.29,6.33,6.0,0.91,0.012,0.575,Pacific,Automotive,0,0,0
15.44,5.44,2.0,5.37,0.5,0.388,Open Ocean,Perishables,1,0,0
9.32,7.76,8.0,4.59,0.039,0.412,English Channel,General,1,0,0
20.63,8.66,6.0,0.13,0.291,0.088,Strait of Malacca,Automotive,0,0,0
14.35,1.59,2.0,0.85,0.137,0.06,South China Sea,Electronics,0,0,0
15.31,0.97,4.0,27.65,0.747,0.208,Suez Canal,General,1,0,1
12.6,0.92,4.0,1.35,0.42,0.47,Yellow Sea,General,0,0,0
12.93,0.95,2.0,0.42,0.255,0.206,Arabian Sea,Electronics,0,0,0
8.33,17.9,8.0,1.74,0.028,0.141,South China Sea,General,0,0,0
11.86,0.43,8.0,19.0,0.894,0.07,Strait of Malacca,General,1,0,1
17.04,0.39,4.0,0.8,0.291,0.21,Cape of Good Hope,Perishables,0,0,0
13.41,3.77,8.0,14.03,0.883,0.447,Red Sea,Electronics,1,0,1
9.16,20.33,6.0,4.15,0.256,0.25,Yellow Sea,General,1,0,0
9.01,16.58,4.0,0.62,0.123,0.139,Mediterranean,Chemicals,0,1,0
13.29,7.58,6.0,1.42,0.794,0.196,Strait of Malacca,Chemicals,0,0,0
10.85,3.68,4.0,3.03,0.344,0.043,Atlantic,Automotive,0,0,0
16.25,13.85,4.0,4.23,0.181,0.194,North Atlantic,Chemicals,1,0,0
9.57,4.6,4.0,1.73,0.252,0.191,Atlantic,General,0,0,0
11.64,3.3,6.0,0.05,0.21,0.43,Open Ocean,Perishables,0,0,0
14.91,0.71,2.0,2.79,0.475,0.451,Arabian Sea,Electronics,0,0,0
17.75,1.0,4.0,1.38,0.245,0.164,Indian Ocean,Chemicals,0,0,0
10.7,2.21,8.0,11.83,0.655,0.117,Suez Canal,General,1,0,0
15.7,11.35,8.0,1.99,0.481,0.275,Strait of Malacca,Perishables,0,0,0
13.47,0.79,4.0,5.87,0.192,0.434,Yellow Sea,Automotive,1,0,0
10.76,2.96,6.0,7.75,0.586,0.435,Suez Canal,Automotive,1,0,0
15.23,0.75,2.0,0.31,0.085,0.292,Pacific,Chemicals,0,0,0
12.45,0.42,4.0,4.07,0.913,0.446,Red Sea,Automotive,1,0,1
13.34,6.42,6.0,0.65,0.252,0.244,South China Sea,Automotive,0,0,0
16.08,1.28,6.0,7.61,0.126,0.187,Cape of Good Hope,Electronics,1,0,0
13.02,7.89,4.0,0.3,0.117,0.032,Pacific,Perishables,0,0,0
11.37,2.39,2.0,4.05,0.72,0.129,English Channel,Chemicals,1,0,0
12.96,0.54,4.0,0.07,0.27,0.1,English Channel,Electronics,0,0,0
14.89,8.82,4.0,6.03,0.056,0.121,Mediterranean,Electronics,1,0,0
14.44,2.03,2.0,7.02,0.603,0.118,Open Ocean,General,1,0,0
16.39,4.98,8.0,1.22,0.264,0.184,North Atlantic,Electronics,0,0,0
13.37,0.9,6.0,0.71,0.145,0.525,Cape of Good Hope,Electronics,0,0,0
15.98,2.34,8.0,2.76,0.116,0.207,Pacific,Perishables,0,0,0
8.51,0.45,2.0,2.49,0.52,0.061,North Atlantic,Automotive,0,0,0
14.28,0.16,4.0,0.93,0.013,0.188,Mediterranean,Electronics,0,0,0
15.17,1.05,6.0,0.13,0.012,0.153,Indian Ocean,Perishables,0,0,0
22.24,0.88,4.0,13.14,0.77,0.289,Suez Canal,Chemicals,1,0,0
14.98,4.2,4.0,18.78,0.891,0.623,Red Sea,General,1,0,1
16.47,0.47,2.0,5.82,0.667,0.291,Strait of Malacca,Chemicals,1,0,0
11.76,7.36,2.0,0.83,0.139,0.322,Suez Canal,General,0,0,0
12.19,3.75,4.0,2.08,0.008,0.313,English Channel,Perishables,0,0,0
16.67,1.02,8.0,1.1,0.023,0.085,South China Sea,Electronics,0,0,0
6.42,19.31,8.0,24.4,0.493,0.052,Red Sea,Perishables,1,0,0
15.93,0.44,4.0,1.55,0.148,0.422,Yellow Sea,Electronics,0,0,0
14.87,4.28,4.0,1.05,0.002,0.129,Indian Ocean,Automotive,0,0,0
15.23,1.19,2.0,0.8,0.079,0.185,Indian Ocean,Perishables,0,0,0
17.36,1.78,2.0,2.82,0.065,0.444,Pacific,Automotive,0,0,0
15.59,1.61,8.0,1.26,0.128,0.085,North Atlantic,Perishables,0,0,0
17.14,0.83,4.0,44.02,0.631,0.347,Strait of Malacca,General,1,0,1
15.24,1.14,2.0,0.03,0.121,0.191,Cape of Good Hope,Chemicals,0,0,0
10.66,3.54,2.0,2.56,0.652,0.114,Strait of Malacca,Chemicals,0,0,0
13.45,2.64,6.0,2.44,0.164,0.629,Cape of Good Hope,Automotive,0,0,0
8.14,2.58,6.0,3.4,0.535,0.741,Open Ocean,General,0,0,0
16.89,0.88,8.0,0.98,0.205,0.124,Atlantic,Chemicals,0,0,0
17.1,2.74,4.0,4.18,0.107,0.144,Cape of Good Hope,Electronics,1,0,0
15.65,7.07,4.0,4.04,0.011,0.352,Yellow Sea,Electronics,1,0,0
16.14,2.69,4.0,3.34,0.267,0.124,North Atlantic,Electronics,0,0,0
13.76,2.45,4.0,8.6,0.284,0.213,Indian Ocean,General,1,0,0
9.02,2.95,4.0,7.45,0.38,0.104,Suez Canal,Chemicals,1,0,0
9.64,15.25,8.0,5.03,0.145,0.115,English Channel,Perishables,1,0,0
15.27,2.73,8.0,3.6,0.26,0.487,Atlantic,Automotive,0,0,0
12.62,4.39,8.0,3.2,0.05,0.229,Yellow Sea,Chemicals,0,0,0
14.84,0.3,2.0,0.15,0.134,0.42,Atlantic,Electronics,0,0,0
10.03,2.38,2.0,3.27,0.298,0.189,Indian Ocean,Electronics,0,0,0
5.47,1.64,6.0,16.62,0.032,0.15,Arabian Sea,Perishables,1,0,0
15.15,12.74,4.0,2.18,0.108,0.203,Yellow Sea,General,0,0,0
8.91,0.73,2.0,5.8,0.443,0.377,Mediterranean,Electronics,1,0,0
12.35,7.07,8.0,3.23,0.275,0.306,Suez Canal,General,0,0,0
9.68,11.12,6.0,9.07,0.246,0.359,Cape of Good Hope,Automotive,1,0,0
15.68,2.45,2.0,5.49,0.293,0.252,Cape of Good Hope,General,1,0,0
14.8,5.18,2.0,0.02,0.446,0.321,South China Sea,Automotive,0,0,0
14.59,0.32,6.0,3.28,0.01,0.191,English Channel,Electronics,0,0,0
9.98,0.48,8.0,0.68,0.141,0.236,Mediterranean,Electronics,0,0,0
17.99,3.38,8.0,2.57,0.199,0.033,Indian Ocean,Perishables,0,0,0
13.24,6.39,6.0,1.33,0.19,0.127,Atlantic,Perishables,0,0,0
13.69,11.82,6.0,9.93,0.306,0.577,Indian Ocean,Chemicals,1,0,0
13.48,5.9,6.0,0.3,0.528,0.531,Red Sea,Automotive,0,0,0
14.36,0.2,4.0,0.41,0.323,0.259,Mediterranean,Automotive,0,0,0
14.55,2.26,2.0,0.15,0.495,0.308,Mediterranean,Perishables,0,0,0
17.03,0.16,6.0,3.92,0.568,0.186,Atlantic,Automotive,0,0,0
11.22,1.87,8.0,1.48,0.099,0.108,Mediterranean,Electronics,0,0,0
13.94,2.03,2.0,0.65,0.265,0.055,South China Sea,Electronics,0,0,0
15.11,5.62,4.0,1.34,0.178,0.029,Open Ocean,Perishables,0,0,0
15.34,7.03,4.0,1.52,0.108,0.118,Pacific,Automotive,0,0,0
10.66,4.43,6.0,3.02,0.044,0.18,Arabian Sea,General,0,0,0
11.56,7.19,8.0,0.22,0.576,0.406,Suez Canal,Chemicals,0,0,0
11.12,0.19,2.0,24.35,0.838,0.147,Suez Canal,General,1,0,1
17.03,22.61,6.0,1.17,0.018,0.61,Mediterranean,General,0,0,0
14.39,4.23,2.0,2.04,0.449,0.173,Strait of Malacca,Electronics,0,0,0
9.29,1.25,4.0,0.85,0.117,0.509,Pacific,Automotive,0,0,0
13.72,0.06,2.0,6.82,0.032,0.88,Mediterranean,Automotive,1,0,0
13.2,8.34,4.0,1.35,0.086,0.185,Cape of Good Hope,Perishables,0,0,0
14.87,5.05,4.0,0.55,0.041,0.348,North Atlantic,Perishables,0,0,0
15.38,9.87,6.0,0.92,0.312,0.115,South China Sea,General,0,0,0
10.3,1.41,2.0,1.53,0.386,0.226,Open Ocean,Automotive,0,0,0
12.07,0.55,8.0,2.4,0.523,0.325,Open Ocean,Automotive,0,0,0
9.25,16.02,6.0,2.34,0.366,0.158,Atlantic,Perishables,0,0,0
16.71,1.14,4.0,4.56,0.471,0.159,Red Sea,Perishables,1,0,0
8.64,4.31,2.0,0.44,0.005,0.188,Indian Ocean,Electronics,0,0,0
18.53,15.27,4.0,12.76,0.81,0.279,Open Ocean,General,1,0,0
15.73,1.55,2.0,0.47,0.026,0.044,Pacific,Chemicals,0,0,0
11.35,14.43,6.0,0.08,0.088,0.401,English Channel,Automotive,0,0,0
12.9,2.35,8.0,0.9,0.228,0.525,South China Sea,Automotive,0,0,0
17.94,2.94,8.0,3.26,0.082,0.389,Cape of Good Hope,General,0,0,0
18.13,3.17,6.0,0.74,0.494,0.239,Suez Canal,Perishables,0,0,0
16.29,3.09,2.0,1.82,0.144,0.124,Red Sea,Perishables,0,0,0
12.96,6.85,8.0,0.43,0.028,0.077,Open Ocean,Electronics,0,0,0
18.3,0.44,2.0,7.38,0.548,0.402,Red Sea,Perishables,1,0,0
11.25,16.24,8.0,1.05,0.114,0.097,Indian Ocean,Perishables,0,0,0
13.87,0.02,2.0,1.84,0.478,0.474,Strait of Malacca,Perishables,0,0,0
13.68,2.06,6.0,1.42,0.436,0.122,Open Ocean,Automotive,0,0,0
13.04,2.45,4.0,0.15,0.035,0.383,Mediterranean,Automotive,0,0,0
15.74,2.64,6.0,2.58,0.056,0.319,Open Ocean,Perishables,0,0,0
12.5,12.26,8.0,0.98,0.104,0.321,South China Sea,Automotive,0,0,0
15.35,7.48,8.0,4.38,0.038,0.249,Mediterranean,General,1,0,0
11.42,6.55,8.0,21.85,0.669,0.078,Suez Canal,Automotive,1,0,0
12.07,5.6,2.0,2.75,0.242,0.139,South China Sea,Electronics,0,0,0
16.47,4.66,8.0,0.62,0.505,0.263,Yellow Sea,General,0,0,0
18.14,5.73,8.0,4.26,0.199,0.126,English Channel,Electronics,1,0,0
13.67,2.1,8.0,0.11,0.238,0.151,Indian Ocean,General,0,0,0
14.88,4.59,6.0,1.37,0.004,0.135,Atlantic,Chemicals,0,0,0
10.61,4.65,6.0,3.24,0.021,0.249,South China Sea,General,0,0,0
8.45,2.67,4.0,0.4,0.107,0.038,Yellow Sea,Electronics,0,0,0
12.05,4.29,2.0,11.99,0.711,0.481,Strait of Malacca,Electronics,1,0,1
14.66,1.8,2.0,0.12,0.204,0.47,South China Sea,Chemicals,0,0,0
17.23,4.48,6.0,1.27,0.033,0.022,Atlantic,Chemicals,0,0,0
15.53,0.46,4.0,36.63,0.785,0.177,Strait of Malacca,Automotive,1,0,1
12.08,18.24,8.0,0.24,0.543,0.093,Suez Canal,Electronics,0,0,0
14.72,2.48,2.0,1.83,0.394,0.181,Suez Canal,Electronics,0,0,0
14.13,4.58,4.0,0.98,0.145,0.526,Yellow Sea,Automotive,0,0,0
18.12,0.69,6.0,0.25,0.251,0.231,Cape of Good Hope,Electronics,0,0,0
8.47,4.42,6.0,3.47,0.066,0.162,Yellow Sea,General,0,0,0
9.84,10.23,6.0,1.03,0.375,0.154,Atlantic,Electronics,0,0,0
13.15,0.86,6.0,0.21,0.024,0.197,Atlantic,Automotive,0,0,0
19.14,7.2,4.0,1.94,0.186,0.249,English Channel,Perishables,0,0,0
13.08,4.98,8.0,0.34,0.112,0.302,South China Sea,Automotive,0,0,0
21.76,0.6,2.0,3.06,0.366,0.443,Red Sea,General,0,0,0
15.64,4.15,6.0,3.49,0.143,0.203,North Atlantic,Perishables,0,0,0
8.87,1.8,4.0,2.38,0.484,0.116,Open Ocean,Chemicals,0,0,0
6.97,0.84,2.0,6.14,0.157,0.265,Open Ocean,Electronics,1,0,0
14.55,0.96,2.0,0.38,0.209,0.228,English Channel,Electronics,0,0,0
15.5,0.18,6.0,1.82,0.783,0.129,Suez Canal,General,0,0,0
11.27,5.54,2.0,1.27,0.333,0.443,Mediterranean,Electronics,0,0,0
9.49,0.92,6.0,5.2,0.644,0.07,Mediterranean,Perishables,1,0,0
15.65,0.77,2.0,0.41,0.555,0.165,Open Ocean,Electronics,0,0,0
14.33,2.2,4.0,3.53,0.442,0.097,Strait of Malacca,Automotive,0,0,0
18.93,2.51,4.0,3.24,0.35,0.229,Yellow Sea,General,0,0,0
16.36,0.98,4.0,1.52,0.017,0.18,Yellow Sea,Chemicals,0,0,0
13.4,8.58,4.0,2.32,0.057,0.688,Arabian Sea,Electronics,0,0,0
13.21,16.4,6.0,16.66,0.669,0.58,Strait of Malacca,Automotive,1,0,1
14.15,14.14,8.0,4.49,0.358,0.103,Suez Canal,Chemicals,1,0,0
13.19,0.18,8.0,4.57,0.392,0.124,Strait of Malacca,Electronics,1,0,0
16.12,6.63,8.0,9.78,0.62,0.704,Strait of Malacca,Electronics,1,0,1
9.24,5.12,4.0,3.32,0.2,0.31,South China Sea,Electronics,0,0,0
17.69,1.11,2.0,4.04,0.276,0.266,Yellow Sea,Automotive,1,0,0
9.47,13.46,6.0,9.16,0.364,0.119,Pacific,Electronics,1,0,0
11.71,9.39,4.0,0.33,0.364,0.141,Cape of Good Hope,Automotive,0,0,0
8.95,2.69,4.0,3.78,0.404,0.304,Red Sea,Perishables,0,0,0
12.46,2.98,2.0,6.87,0.322,0.253,Suez Canal,Perishables,1,0,0
7.94,8.04,6.0,2.53,0.249,0.176,Mediterranean,Perishables,0,0,0
10.09,3.94,2.0,0.14,0.589,0.157,Mediterranean,General,0,0,0
10.92,3.7,2.0,0.61,0.295,0.305,Open Ocean,Electronics,0,0,0
17.39,26.22,6.0,1.45,0.166,0.235,Pacific,Perishables,0,1,0
14.98,7.88,6.0,1.45,0.157,0.378,Atlantic,Perishables,0,0,0
9.8,0.16,6.0,4.55,0.19,0.278,Atlantic,Automotive,1,0,0
21.02,3.44,2.0,4.31,0.647,0.205,Strait of Malacca,Automotive,1,0,0
9.65,5.46,6.0,0.99,0.172,0.308,Yellow Sea,Electronics,0,0,0
20.69,4.84,2.0,0.25,0.24,0.044,Atlantic,Electronics,0,0,0
16.01,0.78,4.0,1.37,0.335,0.234,Atlantic,Chemicals,0,0,0
16.32,0.3,4.0,0.53,0.349,0.262,North Atlantic,Chemicals,0,0,0
11.07,3.62,4.0,4.25,0.528,0.252,Red Sea,General,1,0,0
13.91,1.71,2.0,1.83,0.019,0.294,Open Ocean,Chemicals,0,0,0
11.68,0.86,2.0,0.5,0.493,0.297,Red Sea,Automotive,0,0,0
13.34,13.98,8.0,2.05,0.793,0.073,Suez Canal,Electronics,0,0,0
15.4,5.46,4.0,0.53,0.241,0.311,Pacific,Electronics,0,0,0
14.88,5.28,4.0,4.23,0.163,0.505,South China Sea,Automotive,1,0,0
15.65,1.99,8.0,2.41,0.459,0.27,Strait of Malacca,Electronics,0,0,0
15.29,13.77,8.0,2.5,0.426,0.301,Open Ocean,General,0,0,0
18.3,0.85,4.0,2.62,0.442,0.579,Suez Canal,Chemicals,0,0,0
10.81,4.45,2.0,1.24,0.227,0.521,Indian Ocean,General,0,0,0
14.32,0.13,4.0,1.02,0.107,0.083,Mediterranean,Automotive,0,0,0
12.96,0.05,2.0,2.54,0.822,0.387,Strait of Malacca,Chemicals,0,0,0
16.51,19.06,8.0,1.86,0.152,0.216,North Atlantic,Perishables,0,0,0
10.98,4.95,6.0,0.3,0.101,0.241,Yellow Sea,Automotive,0,0,0
10.82,1.23,4.0,3.66,0.075,0.284,Indian Ocean,Perishables,0,0,0
11.73,1.76,2.0,1.07,0.1,0.233,English Channel,General,0,0,0
14.32,0.68,2.0,0.96,0.53,0.291,Yellow Sea,Automotive,0,0,0
12.2,8.4,4.0,1.35,0.103,0.145,Atlantic,Electronics,0,0,0
14.83,1.14,6.0,0.5,0.064,0.212,Open Ocean,Automotive,0,0,0
19.02,6.3,8.0,3.87,0.084,0.151,Mediterranean,Automotive,0,0,0
16.26,0.55,8.0,0.5,0.245,0.365,Arabian Sea,Automotive,0,0,0
18.76,2.94,4.0,23.42,0.764,0.397,Red Sea,Automotive,1,0,1
12.55,1.93,8.0,2.24,0.057,0.118,Cape of Good Hope,General,0,0,0
7.1,8.73,2.0,6.8,0.451,0.22,South China Sea,Automotive,1,1,0
17.11,1.77,6.0,0.08,0.56,0.24,Strait of Malacca,Perishables,0,0,0
15.0,0.07,2.0,1.49,0.223,0.049,Cape of Good Hope,Electronics,0,0,0
15.15,14.71,8.0,0.66,0.304,0.272,Strait of Malacca,Electronics,0,0,0
12.54,1.19,4.0,2.06,0.187,0.37,Yellow Sea,Electronics,0,0,0
13.23,2.28,8.0,2.07,0.05,0.313,Atlantic,Chemicals,0,0,0
14.74,2.0,4.0,2.7,0.341,0.018,Mediterranean,Perishables,0,0,0
15.46,2.55,4.0,12.61,0.435,0.325,Open Ocean,Electronics,1,0,0
10.16,26.38,8.0,1.54,0.446,0.22,Atlantic,General,0,0,0
12.51,15.98,6.0,41.39,0.727,0.347,Suez Canal,Automotive,1,0,1
16.06,6.13,8.0,1.47,0.364,0.127,Arabian Sea,Perishables,0,0,0
20.82,1.41,8.0,1.55,0.002,0.076,Indian Ocean,Electronics,0,0,0
11.41,11.84,2.0,21.62,0.8,0.778,Red Sea,Automotive,1,1,1
12.8,0.21,6.0,0.81,0.073,0.222,Atlantic,Perishables,0,0,0
8.59,0.39,2.0,0.23,0.296,0.302,Pacific,General,0,0,0
14.85,10.09,8.0,0.31,0.471,0.378,Indian Ocean,General,0,0,0
14.07,22.26,8.0,2.65,0.287,0.423,Cape of Good Hope,Perishables,0,0,0
12.46,4.17,6.0,0.09,0.305,0.097,Mediterranean,Automotive,0,0,0
10.95,2.06,4.0,2.01,0.157,0.082,Mediterranean,Chemicals,0,0,0
11.54,1.66,8.0,1.98,0.283,0.226,English Channel,Electronics,0,0,0
11.83,0.95,4.0,2.71,0.141,0.124,Arabian Sea,Perishables,0,0,0
18.12,6.35,4.0,0.76,0.421,0.121,Suez Canal,Perishables,0,0,0
11.09,1.96,4.0,1.16,0.0,0.194,North Atlantic,Electronics,0,0,0
12.6,1.72,8.0,4.83,0.111,0.101,Atlantic,General,1,0,0
14.73,9.19,6.0,1.84,0.129,0.573,English Channel,General,0,0,0
15.78,1.46,8.0,1.41,0.012,0.195,English Channel,Perishables,0,0,0
15.66,19.17,6.0,24.32,0.663,0.464,Suez Canal,Automotive,1,0,1
18.82,2.0,4.0,0.96,0.095,0.228,Open Ocean,Chemicals,0,0,0
22.32,1.12,2.0,2.04,0.538,0.428,Suez Canal,Chemicals,0,0,0
14.99,11.18,6.0,1.18,0.162,0.315,Arabian Sea,Perishables,0,0,0
12.8,0.66,4.0,1.04,0.049,0.061,Arabian Sea,Electronics,0,0,0
14.38,1.06,2.0,3.62,0.025,0.362,Arabian Sea,Electronics,0,0,0
17.34,0.72,2.0,2.36,0.149,0.611,Yellow Sea,General,0,0,0
12.13,0.14,2.0,0.34,0.172,0.125,Pacific,General,0,0,0
21.38,11.2,8.0,10.73,0.878,0.447,Suez Canal,Perishables,1,0,1
11.72,1.9,4.0,0.93,0.337,0.281,Cape of Good Hope,General,0,0,0
18.25,2.86,4.0,5.21,0.638,0.101,Cape of Good Hope,Chemicals,1,0,0
12.97,9.68,6.0,0.19,0.108,0.207,Open Ocean,Perishables,0,0,0
9.79,4.04,6.0,0.39,0.318,0.39,Mediterranean,Electronics,0,0,0
14.5,26.16,8.0,23.39,0.659,0.253,Red Sea,Automotive,1,0,1
11.69,2.89,6.0,1.35,0.111,0.2,Open Ocean,General,0,0,0
14.03,1.01,6.0,2.88,0.495,0.283,Atlantic,Electronics,0,0,0
17.45,13.99,6.0,0.22,0.333,0.161,Indian Ocean,Chemicals,0,0,0
16.1,1.49,2.0,2.04,0.59,0.057,Strait of Malacca,Chemicals,0,0,0
13.38,8.47,8.0,2.56,0.167,0.192,Mediterranean,Automotive,0,0,0
15.91,1.45,6.0,0.78,0.171,0.198,Arabian Sea,Chemicals,0,0,0
16.46,2.35,8.0,0.69,0.372,0.171,Indian Ocean,Chemicals,0,0,0
11.2,3.73,4.0,2.09,0.17,0.162,Mediterranean,Electronics,0,0,0
12.17,1.29,2.0,1.69,0.138,0.263,South China Sea,General,0,0,0
13.11,4.1,2.0,2.06,0.172,0.326,Pacific,Chemicals,0,0,0
15.29,3.01,6.0,1.79,0.15,0.207,North Atlantic,Perishables,0,0,0
18.49,0.23,8.0,15.48,0.729,0.175,Strait of Malacca,Perishables,1,0,0
10.95,1.54,8.0,6.59,0.438,0.285,Suez Canal,Perishables,1,0,0
15.52,2.79,4.0,1.36,0.038,0.37,Mediterranean,Perishables,0,0,0
16.33,1.06,4.0,0.77,0.221,0.327,North Atlantic,General,0,0,0
11.22,0.41,2.0,2.73,0.234,0.225,Arabian Sea,Electronics,0,0,0
16.23,1.67,6.0,2.81,0.437,0.216,South China Sea,Automotive,0,0,0
19.8,0.55,2.0,2.09,0.424,0.37,Strait of Malacca,General,0,0,0
13.71,3.43,6.0,4.21,0.016,0.646,Indian Ocean,General,1,0,0
12.41,1.19,2.0,1.41,0.025,0.198,Mediterranean,General,0,0,0
14.58,8.57,4.0,0.93,0.418,0.17,Suez Canal,Chemicals,0,0,0
17.38,1.04,2.0,1.12,0.081,0.219,Atlantic,Electronics,0,0,0
17.1,11.87,8.0,0.2,0.022,0.372,Pacific,General,0,0,0
15.21,5.4,4.0,0.69,0.01,0.226,Mediterranean,Electronics,0,0,0
17.04,2.45,2.0,15.39,0.652,0.446,Indian Ocean,Electronics,1,0,1
9.09,0.44,6.0,2.21,0.044,0.351,North Atlantic,Automotive,0,0,0
15.11,6.82,8.0,3.81,0.398,0.132,Mediterranean,Chemicals,0,0,0
14.52,7.72,8.0,7.65,0.103,0.357,Arabian Sea,Electronics,1,0,0
8.6,4.2,2.0,2.9,0.53,0.171,Suez Canal,Automotive,0,0,0
11.08,3.79,6.0,0.67,0.33,0.21,North Atlantic,Chemicals,0,0,0
9.62,1.2,4.0,5.31,0.566,0.492,Arabian Sea,Perishables,1,0,0
14.32,0.35,4.0,4.41,0.188,0.225,Open Ocean,Electronics,1,0,0
18.14,3.57,6.0,7.04,0.05,0.096,North Atlantic,Automotive,1,0,0
10.25,2.55,6.0,4.33,0.068,0.23,Cape of Good Hope,Perishables,1,0,0
12.54,20.49,6.0,3.16,0.198,0.064,Strait of Malacca,Perishables,0,0,0
8.15,3.58,4.0,7.63,0.091,0.6,South China Sea,Chemicals,1,0,0
17.84,2.31,6.0,0.99,0.016,0.45,South China Sea,Perishables,0,0,0
13.92,7.55,8.0,4.25,0.029,0.266,Yellow Sea,Automotive,1,0,0
9.27,1.48,2.0,2.21,0.078,0.294,Atlantic,Perishables,0,0,0
16.58,1.35,2.0,0.05,0.16,0.263,Open Ocean,General,0,0,0
12.62,1.65,2.0,0.31,0.211,0.338,Indian Ocean,Chemicals,0,0,0
8.53,2.9,8.0,0.09,0.074,0.374,Yellow Sea,Chemicals,0,0,0
12.9,2.74,8.0,2.44,0.753,0.593,Red Sea,Chemicals,0,0,1
12.35,10.49,8.0,1.02,0.331,0.058,English Channel,General,0,0,0
8.79,11.12,8.0,1.04,0.055,0.395,Indian Ocean,Perishables,0,0,0
15.66,0.46,2.0,28.65,0.625,0.267,English Channel,Automotive,1,0,1
17.6,0.06,2.0,0.91,0.007,0.041,Mediterranean,General,0,0,0
18.59,0.43,6.0,1.69,0.09,0.246,Yellow Sea,Chemicals,0,0,0
14.76,1.09,4.0,7.4,0.001,0.075,Cape of Good Hope,Chemicals,1,0,0
13.45,9.6,2.0,0.32,0.0,0.457,Indian Ocean,General,0,1,0
13.33,2.17,4.0,4.65,0.101,0.266,Yellow Sea,Perishables,1,0,0
11.89,1.63,6.0,0.43,0.0,0.083,Yellow Sea,Electronics,0,0,0
14.7,3.36,4.0,3.72,0.475,0.38,Open Ocean,Perishables,0,0,0
15.29,0.33,4.0,3.03,0.088,0.454,Cape of Good Hope,Chemicals,0,0,0
9.6,4.24,6.0,3.62,0.133,0.508,Cape of Good Hope,Electronics,0,0,0
17.91,0.39,2.0,1.48,0.049,0.33,English Channel,General,0,0,0
12.39,1.21,6.0,6.43,0.684,0.118,Indian Ocean,Perishables,1,0,0
13.49,6.34,8.0,2.8,0.113,0.204,Open Ocean,Chemicals,0,0,0
14.6,1.13,2.0,2.53,0.461,0.106,Strait of Malacca,Automotive,0,0,0
10.94,2.58,2.0,1.9,0.077,0.171,Arabian Sea,General,0,0,0
16.59,2.7,4.0,0.04,0.297,0.185,Strait of Malacca,Electronics,0,0,0
15.66,2.36,2.0,3.04,0.344,0.044,Open Ocean,Electronics,0,0,0
18.27,1.2,2.0,0.39,0.093,0.259,English Channel,Perishables,0,0,0
19.07,2.6,2.0,14.59,0.728,0.284,Cape of Good Hope,General,1,0,0
12.24,8.44,6.0,2.8,0.224,0.161,Mediterranean,General,0,0,0
13.61,1.37,2.0,1.55,0.079,0.219,Open Ocean,Perishables,0,0,0
9.88,5.52,8.0,0.98,0.418,0.169,Strait of Malacca,Chemicals,0,0,0
17.93,0.79,4.0,1.83,0.391,0.264,Red Sea,Automotive,0,0,0
13.41,1.76,6.0,1.31,0.23,0.297,Open Ocean,Chemicals,0,0,0
15.58,2.32,6.0,6.09,0.665,0.279,Strait of Malacca,General,1,0,0
12.76,1.2,8.0,0.6,0.05,0.338,Open Ocean,Perishables,0,0,0
16.12,2.52,6.0,5.79,0.007,0.253,Pacific,Perishables,1,0,0
11.17,3.8,2.0,17.65,0.711,0.521,English Channel,Perishables,1,0,1
13.39,1.52,8.0,1.56,0.379,0.103,Pacific,General,0,0,0
14.51,2.0,4.0,4.75,0.569,0.146,Suez Canal,Electronics,1,0,0
11.09,4.73,2.0,1.65,0.332,0.204,Atlantic,General,0,0,0
21.13,1.36,2.0,5.08,0.369,0.15,North Atlantic,Automotive,1,0,0
11.03,6.23,8.0,3.29,0.204,0.101,English Channel,Chemicals,0,0,0
14.41,3.69,6.0,3.43,0.365,0.149,Atlantic,Perishables,0,0,0
16.49,21.46,8.0,22.1,0.631,0.403,Open Ocean,Automotive,1,0,1
15.39,1.11,6.0,8.58,0.201,0.124,English Channel,Automotive,1,0,0
9.8,8.48,6.0,0.23,0.061,0.267,North Atlantic,Automotive,0,0,0
12.07,2.07,2.0,2.65,0.26,0.268,Yellow Sea,Perishables,0,0,0
11.38,2.68,4.0,5.01,0.332,0.027,South China Sea,Perishables,1,0,0
11.3,9.81,6.0,0.15,0.047,0.25,Cape of Good Hope,General,0,0,0
13.2,0.27,2.0,2.49,0.142,0.58,English Channel,General,0,0,0
19.34,8.18,4.0,38.38,0.733,0.198,Suez Canal,General,1,0,1
13.05,11.9,8.0,16.47,0.669,0.354,Suez Canal,Automotive,1,0,1
13.2,17.15,6.0,11.86,0.158,0.38,Mediterranean,Perishables,1,0,0
8.55,2.8,8.0,1.14,0.257,0.221,Atlantic,Chemicals,0,0,0
14.4,0.35,2.0,3.24,0.4,0.129,Red Sea,Automotive,0,0,0
14.24,9.55,8.0,1.32,0.092,0.457,English Channel,Electronics,0,0,0
16.4,5.68,6.0,0.04,0.027,0.204,North Atlantic,Electronics,0,0,0
15.02,2.46,2.0,1.68,0.439,0.112,Open Ocean,Chemicals,0,0,0
11.67,3.32,4.0,7.09,0.251,0.232,Indian Ocean,Chemicals,1,0,0
13.87,0.37,2.0,2.13,0.209,0.413,Pacific,Chemicals,0,0,0
14.94,0.67,2.0,0.68,0.083,0.11,Indian Ocean,Perishables,0,0,0
12.49,2.17,2.0,0.06,0.249,0.175,Suez Canal,Chemicals,0,0,0
18.21,1.58,2.0,0.52,0.14,0.358,Open Ocean,Chemicals,0,0,0
13.8,6.42,8.0,0.43,0.237,0.359,Indian Ocean,Perishables,0,0,0
14.4,2.25,2.0,2.87,0.314,0.209,Cape of Good Hope,Chemicals,0,0,0
15.86,9.11,6.0,2.28,0.313,0.301,Arabian Sea,Electronics,0,0,0
14.15,3.55,4.0,0.26,0.134,0.253,Arabian Sea,Automotive,0,0,0
13.49,20.29,8.0,8.55,0.759,0.098,Red Sea,Automotive,1,0,0
16.03,0.38,6.0,3.47,0.141,0.153,South China Sea,Perishables,0,0,0
16.21,0.4,2.0,2.1,0.022,0.298,Cape of Good Hope,Electronics,0,0,0
15.3,2.81,2.0,1.12,0.097,0.199,English Channel,Electronics,0,0,0
15.23,0.22,6.0,0.94,0.808,0.44,Red Sea,Perishables,0,0,0
15.78,0.75,4.0,2.44,0.002,0.309,Cape of Good Hope,Automotive,0,0,0
15.14,2.59,2.0,0.84,0.554,0.358,Strait of Malacca,General,0,0,0
15.12,2.03,4.0,0.7,0.151,0.689,Arabian Sea,Electronics,0,0,0
10.72,1.29,2.0,1.97,0.058,0.27,North Atlantic,General,0,0,0
16.38,1.8,2.0,8.16,0.006,0.208,Atlantic,Perishables,1,0,0
12.2,0.71,8.0,21.48,0.699,0.064,Red Sea,Perishables,1,0,0
19.59,0.17,2.0,4.63,0.313,0.122,Cape of Good Hope,Automotive,1,0,0
9.25,3.97,6.0,4.85,0.062,0.378,Yellow Sea,General,1,0,0
12.31,7.09,2.0,1.47,0.816,0.134,Suez Canal,General,0,0,0
11.73,2.82,4.0,7.82,0.166,0.129,English Channel,Automotive,1,0,0
17.23,9.28,8.0,2.76,0.392,0.215,South China Sea,General,0,0,0
6.15,2.07,8.0,4.36,0.44,0.231,Strait of Malacca,General,1,0,0
13.18,1.54,4.0,3.06,0.104,0.265,Cape of Good Hope,Automotive,0,0,0
14.95,3.8,8.0,0.16,0.332,0.142,Strait of Malacca,General,0,0,0
15.66,0.91,8.0,2.22,0.585,0.621,Suez Canal,Perishables,0,0,0
16.25,28.2,8.0,3.42,0.025,0.621,Open Ocean,Automotive,0,0,0
12.46,2.66,8.0,0.11,0.098,0.45,Yellow Sea,General,0,0,0
11.2,3.87,8.0,0.86,0.014,0.491,Mediterranean,Automotive,0,0,0
11.44,2.45,8.0,0.42,0.011,0.16,Yellow Sea,General,0,0,0
16.91,2.45,6.0,0.84,0.037,0.359,Yellow Sea,Perishables,0,0,0
6.02,2.19,6.0,2.62,0.588,0.184,Strait of Malacca,Automotive,0,0,0
17.41,3.97,4.0,0.61,0.536,0.22,Red Sea,Automotive,0,0,0
17.64,3.53,2.0,6.32,0.578,0.337,Red Sea,Chemicals,1,0,0
16.96,2.02,2.0,0.68,0.05,0.135,North Atlantic,Chemicals,0,0,0
14.1,0.78,2.0,1.08,0.016,0.263,South China Sea,Perishables,0,0,0
17.38,0.55,2.0,0.9,0.051,0.042,Open Ocean,General,0,0,0
16.08,48.57,6.0,0.06,0.076,0.16,Pacific,Electronics,0,1,0
13.4,18.8,6.0,1.4,0.061,0.203,Yellow Sea,Electronics,0,0,0
12.23,1.31,2.0,0.33,0.165,0.236,Open Ocean,Electronics,0,0,0
12.59,8.08,8.0,1.46,0.118,0.214,South China Sea,Electronics,0,0,0
19.21,3.33,4.0,2.38,0.002,0.138,Arabian Sea,Chemicals,0,0,0
13.31,3.77,8.0,6.83,0.091,0.348,Mediterranean,Chemicals,1,0,0
9.37,4.7,8.0,4.7,0.339,0.133,Mediterranean,Electronics,1,0,0
14.81,0.94,2.0,1.11,0.081,0.515,Cape of Good Hope,Automotive,0,0,0
20.62,4.48,4.0,2.78,0.326,0.214,South China Sea,Electronics,0,0,0
12.89,1.53,6.0,3.33,0.255,0.231,Red Sea,General,0,0,0
13.18,2.85,2.0,1.26,0.237,0.461,Strait of Malacca,Electronics,0,0,0
14.71,28.06,6.0,4.28,0.34,0.398,English Channel,Chemicals,1,1,0
11.81,8.33,8.0,14.79,0.73,0.07,Strait of Malacca,Automotive,1,0,0
10.57,1.24,2.0,0.53,0.304,0.133,English Channel,Automotive,0,0,0
13.59,18.67,6.0,0.09,0.055,0.212,Atlantic,Electronics,0,0,0
8.05,1.74,8.0,2.46,0.402,0.392,Arabian Sea,Electronics,0,0,0
14.54,7.74,4.0,10.29,0.011,0.18,Mediterranean,Electronics,1,0,0
14.8,0.75,6.0,1.84,0.091,0.267,English Channel,Perishables,0,0,0
17.83,1.05,6.0,24.06,0.846,0.417,Suez Canal,Automotive,1,0,1
10.85,8.83,8.0,0.12,0.388,0.512,Strait of Malacca,General,0,0,0
10.79,0.8,2.0,1.31,0.13,0.588,Mediterranean,Perishables,0,0,0
18.68,5.57,6.0,1.96,0.585,0.631,Suez Canal,General,0,0,0
12.31,3.99,6.0,0.74,0.037,0.412,Open Ocean,Chemicals,0,0,0
8.37,5.25,8.0,0.57,0.295,0.211,Open Ocean,Chemicals,0,0,0
12.8,10.13,6.0,1.35,0.269,0.066,Cape of Good Hope,Perishables,0,0,0
10.71,2.98,4.0,4.4,0.009,0.176,Cape of Good Hope,Chemicals,1,0,0
12.28,1.96,6.0,0.67,0.25,0.258,Mediterranean,Chemicals,0,0,0
18.2,0.69,6.0,1.25,0.271,0.075,Open Ocean,Automotive,0,0,0
17.44,3.21,8.0,8.44,0.848,0.576,Suez Canal,Automotive,1,0,1
15.64,2.71,6.0,2.85,0.357,0.229,Atlantic,Chemicals,0,0,0
13.62,0.01,4.0,0.14,0.422,0.565,Pacific,Automotive,0,0,0
14.22,15.7,6.0,7.78,0.662,0.379,Arabian Sea,Automotive,1,0,0
14.38,11.82,8.0,0.55,0.049,0.564,Mediterranean,Electronics,0,0,0
16.31,0.41,2.0,0.24,0.378,0.19,Suez Canal,Perishables,0,0,0
17.78,2.44,6.0,9.58,0.795,0.318,Strait of Malacca,Automotive,1,0,0
16.01,1.18,4.0,1.2,0.069,0.326,English Channel,Perishables,0,0,0
13.96,0.58,2.0,0.22,0.027,0.265,Cape of Good Hope,Automotive,0,0,0
16.77,4.33,4.0,7.06,0.847,0.103,Suez Canal,Electronics,1,0,0
10.94,0.06,4.0,14.47,0.668,0.293,Suez Canal,Automotive,1,0,0
16.8,0.9,6.0,1.12,0.217,0.157,English Channel,General,0,0,0
12.05,5.24,4.0,1.03,0.084,0.211,English Channel,Automotive,0,0,0
8.11,0.22,2.0,15.99,0.693,0.388,Suez Canal,General,1,0,1
17.4,0.39,4.0,1.3,0.099,0.309,Open Ocean,Electronics,0,0,0
16.47,0.24,2.0,2.13,0.033,0.415,Mediterranean,Chemicals,0,0,0
18.11,3.34,4.0,4.4,0.854,0.144,Suez Canal,Chemicals,1,0,0
15.45,10.19,6.0,4.88,0.599,0.506,Suez Canal,Perishables,1,0,0
16.43,0.12,2.0,3.06,0.255,0.338,Cape of Good Hope,Perishables,0,0,0
13.53,0.41,8.0,0.67,0.274,0.26,Arabian Sea,Perishables,0,0,0
13.45,7.31,6.0,2.17,0.575,0.408,Red Sea,Automotive,0,0,0
14.35,0.5,2.0,2.08,0.486,0.088,Atlantic,Automotive,0,0,0
15.23,1.95,4.0,0.16,0.069,0.407,Pacific,Chemicals,0,0,0
16.84,0.27,4.0,11.15,0.217,0.298,Red Sea,Perishables,1,0,0
23.73,0.0,2.0,2.45,0.254,0.191,Cape of Good Hope,Automotive,0,0,0
11.01,1.78,6.0,1.67,0.216,0.536,Indian Ocean,Automotive,0,0,0
11.54,7.96,8.0,0.42,0.432,0.18,Yellow Sea,Electronics,0,0,0
8.08,14.4,6.0,0.36,0.209,0.207,Arabian Sea,General,0,0,0
7.05,2.02,2.0,1.81,0.046,0.29,Cape of Good Hope,Perishables,0,0,0
16.55,24.65,8.0,0.53,0.208,0.19,Red Sea,Automotive,0,0,0
17.6,2.68,6.0,0.07,0.169,0.453,South China Sea,General,0,0,0
16.1,1.96,4.0,1.83,0.461,0.132,Strait of Malacca,Automotive,0,0,0
16.11,4.29,2.0,0.38,0.376,0.511,Indian Ocean,Electronics,0,0,0
11.34,4.49,6.0,6.02,0.656,0.175,Red Sea,Perishables,1,0,0
15.42,3.14,2.0,1.48,0.178,0.399,Atlantic,General,0,0,0
15.08,13.53,6.0,2.33,0.056,0.411,Mediterranean,Automotive,0,0,0
8.83,3.32,4.0,0.04,0.314,0.076,Suez Canal,Chemicals,0,0,0
15.28,4.8,6.0,4.56,0.223,0.377,Mediterranean,Chemicals,1,0,0
15.26,0.46,2.0,4.27,0.679,0.155,Atlantic,Perishables,1,0,0
11.7,29.61,8.0,3.77,0.248,0.165,Arabian Sea,Automotive,0,0,0
10.42,15.59,8.0,1.15,0.017,0.385,Open Ocean,Perishables,0,0,0
8.12,0.26,6.0,0.47,0.179,0.561,Atlantic,Automotive,0,0,0
14.23,2.92,2.0,1.08,0.2,0.11,Cape of Good Hope,General,0,0,0
14.23,1.2,6.0,0.37,0.281,0.129,Arabian Sea,Chemicals,0,0,0
13.98,11.71,6.0,0.9,0.143,0.174,North Atlantic,Chemicals,0,0,0
17.59,2.61,2.0,0.11,0.464,0.201,South China Sea,General,0,0,0
13.12,0.51,2.0,5.1,0.579,0.148,Pacific,Perishables,1,0,0
14.03,1.15,8.0,1.53,0.108,0.331,English Channel,Electronics,0,0,0
15.3,0.19,2.0,1.01,0.047,0.286,North Atlantic,Perishables,0,0,0
16.76,2.14,4.0,0.41,0.049,0.3,South China Sea,Perishables,0,0,0
14.92,0.95,4.0,28.38,0.759,0.296,Suez Canal,Chemicals,1,0,1
17.51,5.65,6.0,1.69,0.443,0.216,Pacific,Electronics,0,0,0
11.58,1.3,2.0,0.28,0.049,0.426,English Channel,Electronics,0,0,0
15.73,5.45,8.0,2.98,0.144,0.292,Mediterranean,Automotive,0,0,0
8.25,1.12,6.0,3.25,0.048,0.359,South China Sea,Electronics,0,0,0
12.69,2.47,8.0,0.58,0.19,0.582,North Atlantic,Chemicals,0,0,0
13.65,3.28,8.0,2.53,0.232,0.64,South China Sea,Perishables,0,0,0
15.76,0.89,6.0,89.36,0.644,0.153,Suez Canal,Perishables,1,0,2
9.16,3.4,6.0,88.4,0.6,0.543,Strait of Malacca,Automotive,1,0,2
14.31,3.89,8.0,0.03,0.09,0.425,North Atlantic,Perishables,0,0,0
16.18,0.99,4.0,2.96,0.216,0.342,Yellow Sea,General,0,0,0
12.12,2.07,2.0,0.0,0.401,0.143,North Atlantic,General,0,0,0
15.35,1.05,4.0,0.12,0.241,0.392,North Atlantic,Perishables,0,0,0
13.63,0.25,2.0,0.17,0.032,0.409,Mediterranean,Chemicals,0,0,0
15.26,0.68,2.0,3.91,0.24,0.19,Pacific,Automotive,0,0,0
13.48,0.72,8.0,0.34,0.295,0.216,Pacific,Automotive,0,0,0
13.38,3.6,2.0,2.18,0.233,0.402,Open Ocean,Automotive,0,0,0
13.25,1.42,8.0,7.02,0.642,0.07,Red Sea,Electronics,1,0,0
8.21,12.9,8.0,2.02,0.031,0.297,English Channel,Electronics,0,0,0
16.36,4.25,6.0,1.51,0.233,0.403,South China Sea,Chemicals,0,0,0
11.64,12.11,4.0,1.53,0.027,0.266,South China Sea,Chemicals,0,0,0
13.46,7.36,6.0,0.55,0.141,0.328,Arabian Sea,Chemicals,0,0,0
13.92,1.4,6.0,0.32,0.266,0.168,Open Ocean,Perishables,0,0,0
13.25,6.9,6.0,9.39,0.731,0.235,Suez Canal,Electronics,1,0,0
18.08,1.86,6.0,0.4,0.022,0.584,Open Ocean,Electronics,0,0,0
18.89,1.04,8.0,4.96,0.079,0.154,South China Sea,General,1,0,0
8.73,2.11,4.0,3.69,0.625,0.157,Red Sea,Perishables,0,0,0
13.48,5.54,8.0,4.41,0.108,0.35,South China Sea,Automotive,1,0,0
7.34,0.5,6.0,4.59,0.541,0.12,Mediterranean,Perishables,1,0,0
21.94,14.77,4.0,5.51,0.464,0.16,Red Sea,Perishables,1,0,0
14.8,1.97,4.0,0.04,0.186,0.142,Indian Ocean,Automotive,0,0,0
20.0,17.91,8.0,6.69,0.709,0.078,Suez Canal,General,1,0,0
15.28,0.56,8.0,8.41,0.501,0.26,Open Ocean,Automotive,1,0,0
17.74,2.3,4.0,1.28,0.109,0.21,Pacific,Automotive,0,0,0
9.76,1.26,2.0,7.11,0.331,0.137,Atlantic,Electronics,1,0,0
16.34,5.72,8.0,0.09,0.501,0.442,Red Sea,Chemicals,0,0,0
11.38,0.34,6.0,1.83,0.413,0.126,Strait of Malacca,Electronics,0,0,0
19.21,2.97,2.0,1.14,0.201,0.041,Mediterranean,Automotive,0,0,0
14.71,3.65,8.0,10.51,0.498,0.126,Suez Canal,Perishables,1,0,0
12.99,0.41,4.0,1.81,0.786,0.536,Strait of Malacca,Chemicals,0,0,1
11.95,1.55,4.0,4.81,0.221,0.433,South China Sea,Perishables,1,0,0
18.17,1.15,2.0,40.7,0.633,0.711,Strait of Malacca,General,1,0,1
12.92,1.14,4.0,7.64,0.324,0.146,South China Sea,Electronics,1,0,0
13.2,0.36,2.0,0.27,0.226,0.356,Mediterranean,Chemicals,0,0,0
15.3,33.83,8.0,6.76,0.748,0.294,Suez Canal,Electronics,1,1,0
15.38,13.51,8.0,4.41,0.153,0.375,Open Ocean,Chemicals,1,0,0
13.42,2.1,6.0,0.55,0.179,0.278,Mediterranean,Perishables,0,0,0
10.68,0.01,2.0,0.22,0.044,0.263,North Atlantic,Electronics,0,0,0
15.5,19.5,6.0,4.6,0.056,0.425,Atlantic,Chemicals,1,0,0
11.55,1.27,6.0,0.05,0.007,0.402,Pacific,Chemicals,0,0,0
13.04,0.68,6.0,4.5,0.262,0.16,Indian Ocean,Electronics,1,0,0
17.85,2.61,8.0,15.35,0.672,0.11,Open Ocean,General,1,0,0
13.07,3.32,6.0,7.94,0.354,0.748,Mediterranean,Perishables,1,0,0
12.18,8.53,4.0,1.83,0.012,0.088,Open Ocean,Chemicals,0,0,0
10.67,9.54,6.0,11.42,0.777,0.215,Red Sea,Automotive,1,0,0
18.71,4.0,2.0,8.67,0.275,0.269,Suez Canal,Chemicals,1,0,0
15.05,3.35,4.0,6.12,0.249,0.154,North Atlantic,Automotive,1,0,0
10.36,1.5,2.0,1.47,0.175,0.274,English Channel,Automotive,0,0,0
14.13,3.27,2.0,0.52,0.044,0.298,English Channel,Automotive,0,0,0
9.94,23.41,6.0,1.49,0.538,0.327,Suez Canal,Chemicals,0,0,0
9.96,3.29,2.0,1.79,0.167,0.095,North Atlantic,Perishables,0,0,0
14.78,1.52,2.0,3.88,0.031,0.579,Indian Ocean,Chemicals,0,0,0
13.68,6.38,4.0,2.89,0.475,0.206,Pacific,Perishables,0,0,0
16.07,0.57,6.0,0.26,0.246,0.06,Cape of Good Hope,Chemicals,0,0,0
10.24,5.83,6.0,0.79,0.441,0.507,Pacific,Automotive,0,0,0
14.06,2.79,6.0,2.88,0.075,0.433,South China Sea,Perishables,0,0,0
12.94,0.69,2.0,2.0,0.422,0.169,Strait of Malacca,Automotive,0,0,0
14.1,1.42,2.0,8.28,0.74,0.407,Red Sea,Automotive,1,0,0
11.23,2.31,4.0,2.69,0.024,0.374,English Channel,Automotive,0,0,0
12.81,0.59,2.0,2.47,0.104,0.384,Mediterranean,Chemicals,0,0,0
15.85,0.34,4.0,1.54,0.24,0.138,Pacific,General,0,0,0
18.23,1.61,4.0,1.92,0.252,0.295,Mediterranean,General,0,0,0
16.83,3.85,8.0,2.11,0.497,0.07,Atlantic,General,0,0,0
18.4,12.93,8.0,11.06,0.854,0.381,Strait of Malacca,Automotive,1,0,1
9.78,7.77,4.0,5.96,0.733,0.584,Suez Canal,Perishables,1,0,1
10.43,1.62,4.0,2.99,0.02,0.139,Open Ocean,Perishables,0,0,0
7.98,6.9,4.0,15.25,0.297,0.119,Arabian Sea,Electronics,1,0,0
13.87,0.55,8.0,3.06,0.069,0.318,Cape of Good Hope,General,0,0,0
16.01,20.08,8.0,0.61,0.254,0.508,Open Ocean,Perishables,0,0,0
21.43,2.08,4.0,0.01,0.209,0.65,Open Ocean,Automotive,0,0,0
14.06,2.12,2.0,0.78,0.058,0.028,Atlantic,Automotive,0,0,0
9.44,9.65,6.0,5.55,0.097,0.166,Pacific,Perishables,1,0,0
18.45,1.1,8.0,0.45,0.127,0.209,Arabian Sea,Electronics,0,0,0
11.04,4.38,4.0,0.96,0.236,0.41,Open Ocean,General,0,0,0
18.34,3.31,8.0,6.48,0.356,0.356,Arabian Sea,General,1,0,0
11.94,1.2,2.0,0.59,0.357,0.168,Yellow Sea,General,0,0,0
10.42,2.14,2.0,4.04,0.451,0.739,Open Ocean,Automotive,1,0,0
13.91,22.6,6.0,2.18,0.537,0.549,Open Ocean,Chemicals,0,0,0
12.89,0.14,8.0,0.07,0.505,0.305,Suez Canal,General,0,0,0
12.17,1.14,4.0,0.92,0.072,0.087,North Atlantic,Electronics,0,0,0
15.66,2.28,2.0,2.36,0.116,0.561,English Channel,Perishables,0,0,0
17.96,2.35,4.0,2.87,0.115,0.419,South China Sea,Automotive,0,0,0
19.09,11.83,6.0,3.04,0.164,0.284,North Atlantic,Perishables,0,0,0
16.56,0.13,8.0,0.26,0.033,0.396,North Atlantic,Chemicals,0,0,0
16.28,0.59,2.0,0.85,0.295,0.183,Yellow Sea,General,0,0,0
11.89,1.18,2.0,0.12,0.231,0.311,Yellow Sea,Automotive,0,0,0
14.46,0.51,4.0,0.3,0.036,0.415,Yellow Sea,Automotive,0,0,0
11.32,0.37,2.0,0.16,0.387,0.174,Strait of Malacca,Electronics,0,0,0
15.3,1.31,8.0,1.3,0.19,0.2,North Atlantic,Electronics,0,0,0
16.76,3.04,8.0,2.36,0.176,0.34,Indian Ocean,Chemicals,0,0,0
16.39,1.97,2.0,2.98,0.353,0.412,Atlantic,General,0,0,0
19.45,1.14,2.0,1.26,0.362,0.172,Cape of Good Hope,Electronics,0,0,0
15.02,0.03,6.0,1.62,0.212,0.437,Open Ocean,Automotive,0,0,0
11.71,0.3,8.0,2.07,0.04,0.221,Mediterranean,General,0,0,0
11.12,7.49,4.0,0.8,0.388,0.389,South China Sea,Electronics,0,0,0
11.1,0.73,8.0,0.31,0.591,0.408,Suez Canal,General,0,0,0
17.29,33.07,8.0,0.47,0.059,0.22,Indian Ocean,General,0,1,0
13.16,0.29,2.0,33.52,0.781,0.049,Red Sea,Electronics,1,0,1
7.53,0.01,4.0,4.91,0.058,0.103,Pacific,Chemicals,1,0,0
13.35,10.81,8.0,4.05,0.113,0.441,English Channel,Perishables,1,0,0
14.3,7.25,6.0,0.08,0.075,0.183,North Atlantic,Electronics,0,0,0
17.63,5.64,2.0,31.07,0.757,0.092,Red Sea,Electronics,1,0,1
14.34,17.11,8.0,0.14,0.285,0.187,Pacific,Electronics,0,0,0
14.64,2.9,8.0,40.4,0.803,0.077,Red Sea,Perishables,1,0,1
14.01,8.91,8.0,3.55,0.054,0.323,Cape of Good Hope,General,0,0,0
13.07,7.45,6.0,2.34,0.463,0.545,Yellow Sea,Electronics,0,0,0
12.89,2.02,8.0,0.1,0.586,0.407,Yellow Sea,Chemicals,0,0,0
16.77,1.76,2.0,3.4,0.242,0.101,Pacific,Automotive,0,0,0
15.49,2.9,4.0,2.79,0.433,0.237,Cape of Good Hope,Perishables,0,0,0
12.05,0.76,2.0,9.88,0.789,0.384,Suez Canal,Electronics,1,0,1
10.76,4.46,4.0,0.14,0.09,0.202,Mediterranean,Chemicals,0,0,0
16.33,1.36,2.0,1.21,0.144,0.115,South China Sea,General,0,0,0
18.42,9.28,4.0,0.77,0.021,0.283,English Channel,Perishables,0,0,0
11.59,2.85,8.0,4.87,0.173,0.574,Atlantic,Perishables,1,0,0
17.11,2.34,2.0,2.88,0.114,0.191,Yellow Sea,Chemicals,0,0,0
14.73,3.56,8.0,1.14,0.1,0.335,Pacific,Electronics,0,0,0
11.74,1.27,2.0,0.76,0.127,0.31,English Channel,Chemicals,0,0,0
12.83,1.2,8.0,1.98,0.29,0.14,Atlantic,Automotive,0,0,0
14.44,0.8,2.0,0.43,0.015,0.172,Indian Ocean,Automotive,0,0,0
14.84,9.15,6.0,0.29,0.242,0.117,Red Sea,General,0,0,0
8.96,7.02,8.0,0.3,0.046,0.475,North Atlantic,General,0,0,0
11.47,2.22,6.0,0.62,0.048,0.284,South China Sea,Electronics,0,0,0
10.53,4.84,4.0,2.32,0.048,0.291,Cape of Good Hope,Chemicals,0,0,0
10.73,21.98,6.0,2.41,0.065,0.275,Atlantic,General,0,0,0
9.45,2.2,4.0,3.99,0.244,0.097,Pacific,Electronics,0,0,0
10.52,6.84,8.0,5.67,0.617,0.294,Suez Canal,Electronics,1,0,0
10.96,8.1,8.0,2.72,0.23,0.274,North Atlantic,Electronics,0,0,0
14.58,0.73,8.0,0.38,0.268,0.279,Red Sea,General,0,0,0
12.35,1.22,4.0,1.57,0.124,0.354,Pacific,Perishables,0,0,0
15.68,9.07,8.0,3.51,0.075,0.454,Mediterranean,Perishables,0,0,0
19.9,6.86,4.0,4.0,0.314,0.242,South China Sea,General,0,0,0
15.99,1.53,6.0,0.31,0.101,0.039,Indian Ocean,Automotive,0,0,0
11.92,16.13,6.0,0.41,0.216,0.145,Mediterranean,Automotive,0,0,0
15.37,0.87,2.0,0.9,0.009,0.205,Arabian Sea,Chemicals,0,0,0
16.05,12.56,4.0,1.06,0.155,0.257,Cape of Good Hope,Electronics,0,0,0
8.73,0.38,8.0,2.91,0.541,0.482,Strait of Malacca,Electronics,0,0,0
15.72,2.27,6.0,0.53,0.527,0.287,Strait of Malacca,Electronics,0,0,0
16.49,0.05,4.0,1.21,0.221,0.198,Yellow Sea,Automotive,0,0,0
17.27,7.08,4.0,1.04,0.335,0.229,Suez Canal,General,0,0,0
8.24,2.92,4.0,0.87,0.071,0.258,Indian Ocean,Perishables,0,0,0
20.35,8.31,8.0,0.98,0.484,0.208,Cape of Good Hope,Automotive,0,0,0
13.95,8.16,6.0,0.04,0.014,0.281,Yellow Sea,Perishables,0,0,0
14.82,3.89,2.0,2.67,0.254,0.406,Open Ocean,General,0,0,0
11.05,0.26,2.0,3.02,0.204,0.417,English Channel,Electronics,0,0,0
7.75,5.49,6.0,8.14,0.215,0.361,Yellow Sea,Automotive,1,0,0
16.72,1.37,2.0,3.56,0.082,0.434,Indian Ocean,Electronics,0,0,0
10.31,6.52,6.0,4.87,0.344,0.368,English Channel,Automotive,1,0,0
16.06,0.2,8.0,0.64,0.429,0.406,Red Sea,Chemicals,0,0,0
11.46,0.73,8.0,39.09,0.638,0.395,Suez Canal,Electronics,1,0,1
9.29,1.12,8.0,2.19,0.396,0.144,English Channel,Chemicals,0,0,0
12.72,4.29,2.0,0.32,0.056,0.244,Arabian Sea,Automotive,0,0,0
11.66,0.93,4.0,2.53,0.207,0.287,Pacific,Perishables,0,0,0
14.22,3.75,6.0,2.25,0.217,0.431,Red Sea,Automotive,0,0,0
15.72,14.23,8.0,0.83,0.334,0.544,Suez Canal,Electronics,0,0,0
13.38,0.65,6.0,8.95,0.673,0.289,Suez Canal,Automotive,1,0,0
16.17,1.14,8.0,15.37,0.624,0.471,Strait of Malacca,Perishables,1,0,1
12.98,3.3,4.0,4.68,0.755,0.606,Strait of Malacca,Chemicals,1,0,1
17.13,2.59,4.0,3.73,0.458,0.275,Strait of Malacca,General,0,0,0
12.49,4.09,4.0,4.95,0.444,0.089,Cape of Good Hope,Automotive,1,0,0
11.13,0.05,2.0,1.34,0.41,0.237,Suez Canal,Automotive,0,0,0
11.71,3.1,2.0,5.43,0.729,0.363,Strait of Malacca,Chemicals,1,0,0
11.34,1.26,2.0,0.4,0.386,0.339,Mediterranean,General,0,0,0
10.04,12.6,2.0,2.81,0.227,0.085,Pacific,Electronics,0,1,0
12.95,19.45,8.0,4.0,0.174,0.299,Open Ocean,Automotive,1,0,0
17.26,1.26,2.0,3.32,0.545,0.448,Mediterranean,Perishables,0,0,0
16.83,1.41,2.0,10.74,0.755,0.344,Red Sea,Automotive,1,0,0
14.85,1.04,4.0,0.1,0.018,0.379,Yellow Sea,General,0,0,0
11.75,0.79,4.0,3.04,0.043,0.239,Arabian Sea,Electronics,0,0,0
14.12,23.97,4.0,51.05,0.831,0.107,Suez Canal,Automotive,1,1,1
13.95,1.09,2.0,0.69,0.068,0.338,Mediterranean,Electronics,0,0,0
12.92,1.27,2.0,0.55,0.064,0.249,Open Ocean,Electronics,0,0,0
11.79,0.22,2.0,0.81,0.0,0.247,Yellow Sea,General,0,0,0
17.77,5.18,4.0,0.53,0.068,0.279,Yellow Sea,Automotive,0,0,0
12.37,3.11,8.0,3.52,0.206,0.119,South China Sea,Electronics,0,0,0
15.91,3.27,6.0,0.72,0.178,0.174,Mediterranean,Automotive,0,0,0
15.28,0.8,4.0,0.91,0.412,0.099,Suez Canal,General,0,0,0
15.91,5.45,6.0,0.32,0.283,0.359,Suez Canal,General,0,0,0
16.34,6.01,8.0,0.07,0.01,0.206,Arabian Sea,Chemicals,0,0,0
17.79,0.15,2.0,1.18,0.017,0.371,Indian Ocean,Electronics,0,0,0
10.04,0.55,2.0,0.1,0.114,0.062,Indian Ocean,Chemicals,0,0,0
17.58,9.85,6.0,19.46,0.605,0.211,Suez Canal,General,1,0,0
16.78,3.88,6.0,0.64,0.574,0.318,Cape of Good Hope,Automotive,0,0,0
10.59,0.0,8.0,1.75,0.221,0.366,Open Ocean,Automotive,0,0,0
17.1,3.98,4.0,36.99,0.628,0.211,Suez Canal,Perishables,1,0,1
11.98,26.32,6.0,12.54,0.694,0.326,Suez Canal,Electronics,1,1,0
13.03,11.03,8.0,3.65,0.115,0.084,North Atlantic,Automotive,0,0,0
16.75,5.42,4.0,2.69,0.181,0.142,Mediterranean,Perishables,0,0,0
17.65,4.91,8.0,6.53,0.17,0.259,English Channel,General,1,0,0
18.27,3.42,4.0,3.76,0.472,0.143,Atlantic,Electronics,0,0,0
12.62,5.72,2.0,1.12,0.414,0.209,North Atlantic,Automotive,0,0,0
18.12,12.99,8.0,2.54,0.12,0.668,Atlantic,General,0,0,0
10.28,10.13,4.0,3.11,0.221,0.476,Yellow Sea,Electronics,0,0,0
16.9,6.19,6.0,3.95,0.332,0.063,Yellow Sea,General,0,0,0
12.21,8.91,4.0,1.43,0.489,0.237,Indian Ocean,Electronics,0,0,0
13.67,4.42,8.0,4.33,0.069,0.541,South China Sea,Perishables,1,0,0
17.39,2.28,6.0,1.19,0.32,0.373,North Atlantic,Chemicals,0,0,0
14.12,1.37,2.0,1.49,0.032,0.607,Cape of Good Hope,Perishables,0,0,0
14.63,0.85,6.0,2.56,0.49,0.212,Cape of Good Hope,Automotive,0,0,0
13.29,1.39,8.0,2.52,0.333,0.316,Pacific,Automotive,0,0,0
18.53,1.54,2.0,5.07,0.677,0.096,Red Sea,Electronics,1,0,0
14.41,2.21,6.0,0.37,0.109,0.053,Indian Ocean,Automotive,0,0,0
7.67,7.44,6.0,5.13,0.427,0.135,Yellow Sea,Perishables,1,0,0
12.58,7.85,8.0,0.65,0.172,0.247,Atlantic,Electronics,0,0,0
17.02,10.85,8.0,0.86,0.462,0.499,Arabian Sea,Automotive,0,0,0
12.94,0.52,2.0,3.19,0.109,0.142,North Atlantic,Automotive,0,0,0
12.26,1.61,2.0,19.87,0.678,0.537,Suez Canal,Automotive,1,0,1
17.8,1.46,2.0,4.22,0.018,0.446,Yellow Sea,Automotive,1,0,0
14.21,10.07,8.0,4.24,0.08,0.163,Pacific,Perishables,1,0,0
8.34,6.94,4.0,3.7,0.394,0.327,Atlantic,Chemicals,0,0,0
15.45,6.24,6.0,1.96,0.072,0.15,Arabian Sea,Electronics,0,0,0
11.37,0.53,2.0,0.15,0.28,0.496,South China Sea,Chemicals,0,0,0
16.59,6.66,8.0,53.02,0.821,0.294,Suez Canal,General,1,0,1
10.36,2.22,2.0,5.0,0.005,0.064,English Channel,General,1,0,0
11.9,14.69,8.0,1.61,0.277,0.035,Cape of Good Hope,Perishables,0,0,0
10.75,2.82,2.0,1.34,0.099,0.197,Yellow Sea,Chemicals,0,0,0
14.16,10.15,6.0,0.48,0.013,0.34,Open Ocean,General,0,0,0
13.3,1.11,4.0,60.91,0.931,0.383,Pacific,Perishables,1,0,2
13.38,13.5,8.0,2.78,0.545,0.223,Arabian Sea,Chemicals,0,0,0
14.05,3.45,4.0,7.69,0.809,0.185,Strait of Malacca,Perishables,1,0,0
18.46,1.33,4.0,0.5,0.013,0.315,Indian Ocean,Electronics,0,0,0
16.85,0.93,8.0,0.9,0.244,0.123,Suez Canal,Electronics,0,0,0
12.38,6.36,6.0,0.04,0.456,0.288,South China Sea,General,0,0,0
13.76,5.29,6.0,10.48,0.637,0.149,Red Sea,Automotive,1,0,0
13.38,5.02,4.0,2.4,0.308,0.316,Open Ocean,Automotive,0,0,0
17.68,9.8,8.0,5.66,0.104,0.153,South China Sea,Automotive,1,0,0
16.47,0.4,2.0,0.51,0.134,0.429,South China Sea,General,0,0,0
16.52,4.12,8.0,0.51,0.161,0.358,North Atlantic,Perishables,0,0,0
18.58,6.82,8.0,2.13,0.39,0.129,Indian Ocean,Chemicals,0,0,0
15.17,8.55,8.0,1.99,0.182,0.034,English Channel,Automotive,0,0,0
16.25,2.49,4.0,0.94,0.451,0.395,English Channel,General,0,0,0
17.91,3.11,8.0,12.15,0.89,0.424,Red Sea,Automotive,1,0,1
9.72,4.61,4.0,0.23,0.349,0.356,Indian Ocean,Chemicals,0,0,0
11.91,22.89,4.0,3.87,0.429,0.474,Strait of Malacca,Perishables,0,1,0
9.65,1.01,2.0,3.74,0.416,0.08,Red Sea,Chemicals,0,0,0
12.33,0.13,2.0,0.75,0.432,0.229,Cape of Good Hope,Automotive,0,0,0
20.38,1.48,2.0,5.63,0.384,0.237,Yellow Sea,General,1,0,0
12.98,10.54,8.0,22.85,0.792,0.125,Suez Canal,Perishables,1,0,1
15.06,8.53,4.0,1.14,0.044,0.509,Arabian Sea,Perishables,0,0,0
18.04,3.02,2.0,2.88,0.399,0.095,Red Sea,Chemicals,0,0,0
15.1,4.22,8.0,12.21,0.672,0.108,Suez Canal,Chemicals,1,0,0
10.8,1.0,8.0,5.86,0.063,0.471,Open Ocean,Perishables,1,0,0
9.5,3.31,8.0,1.24,0.304,0.432,North Atlantic,General,0,0,0
10.63,1.73,2.0,1.08,0.389,0.499,South China Sea,General,0,0,0
11.29,4.06,8.0,3.69,0.092,0.247,Atlantic,Electronics,0,0,0
14.58,4.51,4.0,2.42,0.115,0.045,Indian Ocean,Automotive,0,0,0
13.98,7.39,6.0,2.32,0.112,0.146,Indian Ocean,General,0,0,0
9.99,5.21,4.0,0.02,0.475,0.231,Suez Canal,Chemicals,0,0,0
14.69,4.67,6.0,7.95,0.88,0.356,Strait of Malacca,Electronics,1,0,1
8.29,4.98,6.0,0.39,0.526,0.249,Suez Canal,Chemicals,0,0,0
16.64,0.26,6.0,7.39,0.852,0.232,Red Sea,Electronics,1,0,0
8.57,0.24,8.0,0.32,0.057,0.527,Indian Ocean,Electronics,0,0,0
10.24,2.28,6.0,1.95,0.011,0.62,South China Sea,Chemicals,0,0,0
12.72,0.4,4.0,2.59,0.43,0.241,Mediterranean,General,0,0,0
17.97,9.85,8.0,1.68,0.061,0.331,South China Sea,Automotive,0,0,0
14.18,3.31,2.0,15.69,0.753,0.091,Suez Canal,General,1,0,0
13.66,3.63,4.0,0.41,0.06,0.18,English Channel,Automotive,0,0,0
17.24,5.6,2.0,0.78,0.194,0.346,Indian Ocean,General,0,0,0
9.68,8.04,8.0,0.85,0.083,0.146,Pacific,General,0,0,0
15.72,0.51,8.0,0.23,0.109,0.236,Mediterranean,Chemicals,0,0,0
10.45,4.55,4.0,3.67,0.018,0.328,Arabian Sea,Automotive,0,0,0
13.3,0.21,2.0,0.01,0.017,0.491,Indian Ocean,General,0,0,0
11.31,7.98,4.0,2.66,0.362,0.086,Indian Ocean,General,0,0,0
11.56,5.59,2.0,3.07,0.521,0.486,Mediterranean,Automotive,0,0,0
17.86,3.64,4.0,2.95,0.038,0.121,Atlantic,Chemicals,0,0,0
19.36,0.74,2.0,3.53,0.216,0.152,Cape of Good Hope,Electronics,0,0,0
14.88,3.07,6.0,1.67,0.597,0.128,Red Sea,Automotive,0,0,0
12.48,3.98,4.0,2.24,0.043,0.159,Mediterranean,General,0,0,0
15.46,5.17,4.0,5.96,0.234,0.231,Open Ocean,Automotive,1,0,0
11.55,4.17,4.0,0.51,0.393,0.248,Mediterranean,Chemicals,0,0,0
14.23,3.64,6.0,2.13,0.219,0.494,English Channel,General,0,0,0
16.03,10.51,8.0,3.18,0.098,0.289,Cape of Good Hope,General,0,0,0
20.89,3.56,8.0,3.66,0.023,0.28,English Channel,Automotive,0,0,0
10.06,2.45,2.0,2.12,0.405,0.196,Atlantic,Automotive,0,0,0
13.62,5.62,6.0,7.16,0.329,0.87,Yellow Sea,Electronics,1,0,0
17.85,2.51,2.0,2.7,0.281,0.241,English Channel,General,0,0,0
15.81,11.98,2.0,7.88,0.238,0.359,Yellow Sea,Chemicals,1,1,0
7.85,0.04,2.0,5.22,0.009,0.265,North Atlantic,Electronics,1,0,0
9.81,0.22,4.0,2.65,0.098,0.102,Atlantic,General,0,0,0
12.88,5.34,8.0,1.47,0.002,0.617,Pacific,Perishables,0,0,0
11.91,0.16,2.0,1.14,0.196,0.107,Indian Ocean,General,0,0,0
8.16,23.53,8.0,0.69,0.502,0.155,Pacific,General,0,0,0
12.95,15.23,4.0,4.13,0.066,0.31,North Atlantic,General,1,0,0
12.15,9.29,4.0,7.19,0.028,0.43,English Channel,Automotive,1,0,0
14.69,2.52,4.0,31.74,0.628,0.164,South China Sea,Chemicals,1,0,1
17.09,1.55,4.0,16.4,0.717,0.3,Indian Ocean,Perishables,1,0,0
15.0,4.6,4.0,2.34,0.119,0.587,English Channel,Electronics,0,0,0
15.49,15.5,8.0,0.23,0.324,0.255,Red Sea,General,0,0,0
15.65,1.46,2.0,1.56,0.069,0.387,Yellow Sea,Perishables,0,0,0
10.18,1.01,6.0,0.53,0.259,0.185,Mediterranean,Perishables,0,0,0
19.9,1.67,2.0,3.92,0.669,0.456,Red Sea,General,0,0,0
16.42,4.16,4.0,1.06,0.03,0.367,Indian Ocean,Chemicals,0,0,0
10.84,3.2,6.0,21.12,0.712,0.097,Strait of Malacca,Perishables,1,0,1
18.0,6.43,6.0,10.13,0.515,0.183,North Atlantic,Automotive,1,0,0
11.0,0.45,6.0,5.99,0.1,0.468,North Atlantic,Perishables,1,0,0
14.2,2.16,4.0,0.22,0.057,0.378,Open Ocean,Chemicals,0,0,0
18.08,6.82,4.0,0.57,0.084,0.362,Yellow Sea,Electronics,0,0,0
11.76,1.34,6.0,1.49,0.028,0.285,Cape of Good Hope,Electronics,0,0,0
11.88,14.64,4.0,31.25,0.896,0.488,Suez Canal,Automotive,1,0,1
15.54,8.54,6.0,1.3,0.506,0.352,Red Sea,General,0,0,0
19.41,7.93,8.0,4.42,0.237,0.473,Open Ocean,General,1,0,0
13.95,4.26,6.0,0.2,0.277,0.448,Red Sea,General,0,0,0
15.19,13.78,4.0,0.01,0.061,0.258,Indian Ocean,Electronics,0,0,0
15.14,5.99,2.0,0.18,0.081,0.61,Arabian Sea,Perishables,0,0,0
10.77,8.95,6.0,1.2,0.076,0.25,Arabian Sea,Perishables,0,0,0
17.86,1.58,4.0,2.13,0.226,0.352,Mediterranean,Chemicals,0,0,0
11.43,2.06,2.0,5.34,0.256,0.685,North Atlantic,Chemicals,1,0,0
7.47,1.66,4.0,2.73,0.42,0.346,Suez Canal,Automotive,0,0,0
10.56,4.83,8.0,0.79,0.203,0.433,English Channel,Electronics,0,0,0
8.0,3.71,6.0,6.7,0.258,0.248,Cape of Good Hope,Automotive,1,0,0
10.65,0.4,8.0,27.41,0.666,0.283,Red Sea,Chemicals,1,0,1
17.46,0.71,4.0,3.15,0.556,0.239,Suez Canal,Automotive,0,0,0
18.87,1.5,2.0,2.37,0.119,0.32,South China Sea,Electronics,0,0,0
20.51,1.45,2.0,2.79,0.515,0.31,Strait of Malacca,General,0,0,0
14.14,0.47,8.0,1.35,0.132,0.464,Cape of Good Hope,Automotive,0,0,0
13.5,19.78,8.0,0.62,0.134,0.291,Indian Ocean,Electronics,0,0,0
14.48,4.98,4.0,1.42,0.427,0.123,Cape of Good Hope,Automotive,0,0,0
10.78,0.79,2.0,0.78,0.302,0.293,Yellow Sea,General,0,0,0
16.2,2.9,2.0,3.46,0.344,0.073,English Channel,Electronics,0,0,0
14.42,9.52,8.0,1.28,0.07,0.345,Cape of Good Hope,Automotive,0,0,0
16.46,31.08,6.0,1.08,0.064,0.344,Cape of Good Hope,Perishables,0,1,0
17.08,7.1,6.0,4.52,0.371,0.445,North Atlantic,Perishables,1,0,0
15.79,7.38,2.0,7.82,0.864,0.473,Suez Canal,Perishables,1,0,1
9.56,2.94,2.0,0.14,0.535,0.179,Mediterranean,Automotive,0,0,0
15.02,4.24,6.0,2.91,0.452,0.074,Arabian Sea,General,0,0,0
11.95,1.39,2.0,0.54,0.249,0.136,Cape of Good Hope,Chemicals,0,0,0
17.16,6.94,6.0,0.73,0.234,0.285,South China Sea,General,0,0,0
16.85,1.78,2.0,1.73,0.591,0.437,Suez Canal,General,0,0,0
17.06,2.07,2.0,0.61,0.039,0.186,Atlantic,Chemicals,0,0,0
13.17,0.1,6.0,0.64,0.03,0.485,Yellow Sea,General,0,0,0
10.06,0.84,2.0,0.74,0.053,0.494,Cape of Good Hope,Automotive,0,0,0
18.49,5.61,4.0,3.64,0.654,0.088,Open Ocean,Electronics,0,0,0
10.26,3.31,8.0,1.01,0.584,0.064,Suez Canal,Automotive,0,0,0
16.75,2.4,2.0,16.52,0.611,0.297,Strait of Malacca,Perishables,1,0,0
11.52,12.79,8.0,32.91,0.663,0.191,Yellow Sea,General,1,0,1
8.16,2.79,4.0,1.14,0.313,0.089,Indian Ocean,Chemicals,0,0,0
13.27,9.01,8.0,3.43,0.035,0.044,Arabian Sea,Electronics,0,0,0
14.04,19.17,8.0,4.58,0.368,0.19,Arabian Sea,General,1,0,0
10.13,0.25,4.0,2.13,0.038,0.312,Mediterranean,Automotive,0,0,0
14.18,2.26,4.0,0.04,0.174,0.202,Mediterranean,Perishables,0,0,0
10.76,5.92,4.0,1.04,0.106,0.178,South China Sea,Automotive,0,0,0
15.89,26.27,8.0,1.09,0.616,0.339,Mediterranean,Electronics,0,0,0
15.3,12.39,2.0,0.63,0.2,0.124,English Channel,Electronics,0,1,0
14.17,1.34,8.0,2.77,0.3,0.33,Mediterranean,Automotive,0,0,0
12.77,2.71,4.0,1.74,0.234,0.094,South China Sea,Automotive,0,0,0
16.61,0.27,4.0,1.58,0.313,0.219,Indian Ocean,Perishables,0,0,0
13.44,8.46,8.0,1.64,0.08,0.233,Indian Ocean,Automotive,0,0,0
14.37,2.32,6.0,0.72,0.228,0.372,Open Ocean,Automotive,0,0,0
11.32,1.42,6.0,1.82,0.268,0.049,Yellow Sea,General,0,0,0
13.91,3.1,4.0,13.77,0.658,0.162,North Atlantic,Chemicals,1,0,0
13.84,1.02,4.0,2.87,0.032,0.063,Open Ocean,Automotive,0,0,0
11.37,3.5,8.0,16.69,0.748,0.359,Suez Canal,Chemicals,1,0,1
13.45,1.26,2.0,1.18,0.203,0.661,Atlantic,Electronics,0,0,0
14.8,0.3,6.0,1.13,0.207,0.52,Atlantic,Electronics,0,0,0
13.56,7.26,6.0,2.52,0.411,0.241,Suez Canal,Perishables,0,0,0
11.73,5.11,6.0,2.21,0.227,0.43,Indian Ocean,Automotive,0,0,0
10.53,13.57,8.0,1.48,0.303,0.29,Mediterranean,General,0,0,0
14.48,4.5,6.0,0.97,0.177,0.578,Open Ocean,Chemicals,0,0,0
15.42,2.21,2.0,1.24,0.269,0.189,English Channel,Perishables,0,0,0
16.53,0.35,2.0,2.77,0.04,0.324,Yellow Sea,Automotive,0,0,0
12.49,6.19,8.0,0.11,0.002,0.362,North Atlantic,Chemicals,0,0,0
18.01,1.87,4.0,1.32,0.333,0.346,Yellow Sea,Chemicals,0,0,0
9.22,2.13,4.0,3.32,0.991,0.123,Red Sea,Automotive,0,0,1
9.99,3.38,4.0,10.05,0.144,0.055,Mediterranean,Perishables,1,0,0
13.67,2.02,2.0,2.25,0.212,0.123,English Channel,General,0,0,0
13.81,9.63,6.0,0.48,0.075,0.342,North Atlantic,General,0,0,0
16.17,0.29,4.0,0.52,0.248,0.195,Mediterranean,Chemicals,0,0,0
15.04,1.05,4.0,3.48,0.174,0.328,English Channel,Chemicals,0,0,0
11.82,1.47,6.0,0.39,0.119,0.395,Indian Ocean,Perishables,0,0,0
18.27,22.45,6.0,3.16,0.103,0.103,Pacific,Chemicals,0,0,0
22.52,0.68,6.0,0.55,0.012,0.163,North Atlantic,Perishables,0,0,0
11.08,3.56,6.0,14.63,0.881,0.409,Suez Canal,Electronics,1,0,1
11.79,1.81,4.0,1.09,0.026,0.019,Cape of Good Hope,Perishables,0,0,0
16.94,2.37,2.0,5.1,0.44,0.225,Open Ocean,Perishables,1,0,0
12.87,5.15,4.0,0.65,0.3,0.27,Yellow Sea,Perishables,0,0,0
17.46,0.04,6.0,2.02,0.008,0.429,Indian Ocean,Electronics,0,0,0
14.89,7.01,6.0,1.85,0.516,0.64,Mediterranean,Automotive,0,0,0
9.81,10.99,6.0,2.3,0.307,0.493,Cape of Good Hope,General,0,0,0
13.87,2.89,6.0,17.67,0.864,0.519,Suez Canal,Chemicals,1,0,1
12.67,2.33,4.0,2.84,0.084,0.176,Yellow Sea,Electronics,0,0,0
18.5,14.37,8.0,7.81,0.099,0.332,Arabian Sea,Automotive,1,0,0
15.19,1.9,6.0,1.0,0.052,0.124,Indian Ocean,Automotive,0,0,0
12.23,3.81,6.0,0.14,0.403,0.244,Indian Ocean,Electronics,0,0,0
14.29,1.46,2.0,0.65,0.379,0.342,Atlantic,Automotive,0,0,0
14.08,0.56,2.0,5.02,0.436,0.202,Strait of Malacca,General,1,0,0
14.61,1.68,8.0,0.72,0.306,0.391,Atlantic,General,0,0,0
8.07,0.35,2.0,3.92,0.943,0.414,Suez Canal,Automotive,0,0,1
11.58,3.32,4.0,5.95,0.051,0.259,Yellow Sea,Automotive,1,0,0
14.17,2.42,2.0,6.65,0.164,0.204,Atlantic,Automotive,1,0,0
14.76,2.51,6.0,30.55,0.725,0.26,Atlantic,Perishables,1,0,1
13.53,21.41,8.0,4.25,0.108,0.05,Yellow Sea,Automotive,1,0,0
15.78,4.38,8.0,0.97,0.193,0.455,Pacific,Electronics,0,0,0
10.94,3.13,4.0,29.25,0.662,0.384,Suez Canal,Electronics,1,0,1
12.8,0.54,4.0,2.83,0.342,0.653,South China Sea,Electronics,0,0,0
11.59,1.95,4.0,0.2,0.234,0.097,South China Sea,Perishables,0,0,0
10.9,1.04,6.0,13.09,0.754,0.327,Red Sea,Electronics,1,0,1
10.41,12.54,6.0,2.19,0.33,0.181,Pacific,Perishables,0,0,0
12.7,13.78,8.0,4.61,0.233,0.388,Suez Canal,Electronics,1,0,0
7.09,7.97,4.0,30.64,0.147,0.709,South China Sea,Automotive,1,0,1
17.76,4.92,8.0,0.5,0.563,0.028,Yellow Sea,General,0,0,0
17.12,8.58,8.0,1.13,0.434,0.385,Strait of Malacca,Perishables,0,0,0
14.81,9.81,4.0,1.47,0.408,0.222,Red Sea,Automotive,0,0,0
13.36,1.07,4.0,0.71,0.075,0.205,Atlantic,Chemicals,0,0,0
15.64,2.89,4.0,5.05,0.282,0.222,Mediterranean,Perishables,1,0,0
13.43,0.02,2.0,1.68,0.312,0.489,South China Sea,Electronics,0,0,0
14.78,4.82,4.0,2.54,0.635,0.182,Indian Ocean,Electronics,0,0,0
18.43,0.15,2.0,0.24,0.102,0.218,North Atlantic,Electronics,0,0,0
13.92,6.39,8.0,0.62,0.029,0.379,Indian Ocean,Automotive,0,0,0
16.68,8.9,8.0,0.52,0.103,0.326,Open Ocean,Perishables,0,0,0
14.6,1.2,6.0,13.07,0.923,0.246,Red Sea,Automotive,1,0,1
18.72,0.09,2.0,1.24,0.075,0.204,North Atlantic,Electronics,0,0,0
2.43,1.66,2.0,15.35,0.773,0.051,Suez Canal,Electronics,1,0,1
12.69,0.18,2.0,1.75,0.109,0.319,Open Ocean,General,0,0,0
14.37,1.21,4.0,0.2,0.046,0.196,Mediterranean,Electronics,0,0,0
20.88,2.14,2.0,5.68,0.383,0.538,Strait of Malacca,General,1,0,0
13.8,19.27,6.0,1.81,0.158,0.098,North Atlantic,Automotive,0,0,0
14.4,1.97,6.0,2.41,0.638,0.111,Cape of Good Hope,Automotive,0,0,0
11.18,12.32,4.0,9.72,0.117,0.146,Open Ocean,Perishables,1,0,0
15.16,3.51,4.0,8.98,0.214,0.172,South China Sea,General,1,0,0
13.98,0.28,2.0,2.63,0.197,0.377,English Channel,Automotive,0,0,0
11.01,5.98,6.0,0.95,0.151,0.178,Yellow Sea,Perishables,0,0,0
19.75,4.14,2.0,1.7,0.378,0.184,English Channel,Perishables,0,0,0
14.29,1.24,8.0,1.84,0.178,0.434,South China Sea,General,0,0,0
17.6,17.97,6.0,1.55,0.041,0.325,Arabian Sea,Chemicals,0,0,0
11.16,3.6,6.0,1.71,0.166,0.266,Yellow Sea,Electronics,0,0,0
13.35,3.79,6.0,1.49,0.28,0.506,Open Ocean,Chemicals,0,0,0
14.05,14.44,6.0,8.4,0.653,0.476,Arabian Sea,Chemicals,1,0,0
4.0,0.66,2.0,9.49,0.009,0.298,North Atlantic,Chemicals,1,0,0
10.3,11.28,8.0,1.3,0.061,0.48,South China Sea,General,0,0,0
13.95,1.88,6.0,2.65,0.074,0.283,Arabian Sea,General,0,0,0
15.84,1.47,8.0,0.52,0.094,0.294,Pacific,Automotive,0,0,0
13.79,1.95,2.0,0.87,0.559,0.305,Strait of Malacca,General,0,0,0
9.84,0.17,2.0,4.4,0.041,0.383,English Channel,Chemicals,1,0,0
11.23,1.19,4.0,1.05,0.4,0.262,Arabian Sea,General,0,0,0
16.24,3.52,2.0,3.79,0.112,0.395,Indian Ocean,General,0,0,0
15.57,2.71,2.0,5.05,0.029,0.336,Pacific,Electronics,1,0,0
14.69,9.39,6.0,0.17,0.063,0.128,Cape of Good Hope,Electronics,0,0,0
11.78,10.97,8.0,1.1,0.065,0.298,Arabian Sea,Automotive,0,0,0
18.61,5.6,6.0,0.16,0.296,0.087,North Atlantic,Electronics,0,0,0
10.37,6.27,8.0,3.24,0.018,0.065,Open Ocean,Electronics,0,0,0
12.76,25.27,6.0,8.5,0.057,0.19,Pacific,Chemicals,1,1,0
9.14,8.63,8.0,0.88,0.202,0.302,English Channel,Chemicals,0,0,0
10.52,15.36,8.0,6.04,0.081,0.025,Cape of Good Hope,Chemicals,1,0,0
10.43,6.99,6.0,0.36,0.429,0.216,Indian Ocean,General,0,0,0
14.07,6.48,4.0,17.77,0.873,0.07,Strait of Malacca,Perishables,1,0,1
18.91,1.31,4.0,43.61,0.836,0.196,Red Sea,Chemicals,1,0,1
9.52,5.55,8.0,2.5,0.258,0.327,Cape of Good Hope,Chemicals,0,0,0
12.89,2.71,4.0,1.87,0.227,0.23,Yellow Sea,Automotive,0,0,0
19.87,1.53,4.0,1.45,0.16,0.512,North Atlantic,Automotive,0,0,0
16.04,0.79,6.0,0.78,0.059,0.262,English Channel,Electronics,0,0,0
15.05,2.67,8.0,0.49,0.066,0.468,Mediterranean,Automotive,0,0,0
14.28,1.18,2.0,4.33,0.202,0.056,Cape of Good Hope,Electronics,1,0,0
17.46,0.48,2.0,1.47,0.288,0.156,North Atlantic,Chemicals,0,0,0
18.25,2.46,8.0,0.8,0.002,0.186,Yellow Sea,General,0,0,0
12.01,3.55,6.0,1.4,0.071,0.624,Atlantic,Electronics,0,0,0
10.52,2.82,4.0,0.04,0.198,0.469,Suez Canal,General,0,0,0
18.68,1.62,8.0,12.83,0.935,0.187,Suez Canal,Chemicals,1,0,1
18.58,0.54,6.0,1.11,0.046,0.114,North Atlantic,General,0,0,0
16.83,5.25,4.0,21.18,0.789,0.588,Strait of Malacca,Chemicals,1,0,1
12.64,0.8,2.0,7.63,0.92,0.571,North Atlantic,General,1,0,1
14.38,14.01,6.0,2.22,0.405,0.242,Yellow Sea,Chemicals,0,0,0
14.28,4.68,4.0,0.61,0.22,0.244,Indian Ocean,Electronics,0,0,0
13.91,2.71,4.0,1.18,0.096,0.247,Atlantic,Chemicals,0,0,0
13.46,0.03,6.0,1.18,0.06,0.416,Yellow Sea,Perishables,0,0,0
14.09,4.61,6.0,7.91,0.145,0.722,North Atlantic,Chemicals,1,0,0
16.11,2.28,2.0,3.92,0.193,0.195,North Atlantic,Chemicals,0,0,0
16.4,0.38,8.0,3.8,0.041,0.31,Cape of Good Hope,Perishables,0,0,0
20.31,2.21,6.0,0.2,0.194,0.078,Cape of Good Hope,General,0,0,0
9.2,0.01,8.0,0.74,0.124,0.112,Cape of Good Hope,General,0,0,0
13.88,15.0,6.0,3.46,0.387,0.381,Strait of Malacca,Chemicals,0,0,0
22.29,7.13,6.0,0.46,0.078,0.178,South China Sea,Electronics,0,0,0
18.31,15.01,8.0,3.97,0.717,0.248,Suez Canal,Chemicals,0,0,0
9.77,12.38,8.0,0.01,0.274,0.439,Mediterranean,General,0,0,0
10.48,3.18,4.0,0.72,0.035,0.429,Open Ocean,General,0,0,0
14.67,1.73,8.0,1.52,0.394,0.31,Suez Canal,Chemicals,0,0,0
15.58,3.56,2.0,1.34,0.04,0.49,Arabian Sea,General,0,0,0
15.74,0.0,2.0,1.73,0.418,0.209,Mediterranean,General,0,0,0
13.75,15.85,4.0,18.25,0.539,0.376,Arabian Sea,General,1,0,0
13.73,4.89,8.0,0.67,0.12,0.183,Arabian Sea,Chemicals,0,0,0
12.59,0.98,2.0,0.02,0.365,0.278,Indian Ocean,General,0,0,0
14.55,7.29,4.0,0.15,0.493,0.361,Red Sea,General,0,0,0
15.03,0.82,8.0,0.28,0.444,0.294,Suez Canal,Chemicals,0,0,0
13.58,2.87,8.0,6.07,0.686,0.221,Red Sea,Electronics,1,0,0
12.86,10.99,8.0,2.71,0.239,0.115,Cape of Good Hope,Electronics,0,0,0
7.58,2.15,4.0,3.94,0.1,0.157,English Channel,Automotive,0,0,0
13.04,16.52,6.0,3.71,0.597,0.176,Suez Canal,Automotive,0,0,0
17.6,19.05,6.0,0.99,0.216,0.089,Arabian Sea,Chemicals,0,0,0
13.88,0.51,8.0,4.93,0.005,0.119,Indian Ocean,Chemicals,1,0,0
14.96,0.16,6.0,0.19,0.03,0.042,Indian Ocean,Chemicals,0,0,0
14.84,6.04,4.0,3.91,0.255,0.185,Atlantic,Automotive,0,0,0
10.39,0.14,6.0,0.87,0.246,0.328,Arabian Sea,Electronics,0,0,0
12.28,4.18,4.0,7.58,0.406,0.25,South China Sea,Automotive,1,0,0
14.8,5.21,2.0,10.26,0.692,0.122,Open Ocean,Electronics,1,0,0
14.42,25.12,8.0,0.81,0.266,0.057,North Atlantic,General,0,0,0
11.16,1.02,2.0,0.66,0.044,0.303,North Atlantic,Electronics,0,0,0
14.4,10.51,6.0,0.68,0.259,0.193,Atlantic,Chemicals,0,0,0
10.87,4.89,6.0,1.39,0.074,0.401,Arabian Sea,General,0,0,0
15.88,0.49,2.0,1.01,0.143,0.437,Open Ocean,General,0,0,0
13.22,0.99,4.0,8.45,0.632,0.494,Strait of Malacca,General,1,0,0
14.48,2.59,6.0,12.65,0.792,0.147,Strait of Malacca,Automotive,1,0,0
16.87,2.6,4.0,0.95,0.385,0.211,Cape of Good Hope,General,0,0,0
16.98,11.57,6.0,2.61,0.156,0.172,English Channel,Perishables,0,0,0
14.26,0.32,4.0,0.39,0.027,0.397,Indian Ocean,Electronics,0,0,0
13.44,4.07,4.0,2.21,0.257,0.118,Indian Ocean,Perishables,0,0,0
11.57,11.3,6.0,2.38,0.409,0.083,South China Sea,Electronics,0,0,0
11.21,0.14,2.0,1.23,0.037,0.589,Cape of Good Hope,Perishables,0,0,0
9.99,6.37,8.0,1.33,0.071,0.083,South China Sea,Perishables,0,0,0
13.0,5.34,8.0,17.67,0.723,0.363,Red Sea,Chemicals,1,0,1
9.57,6.84,8.0,0.65,0.03,0.126,Indian Ocean,Electronics,0,0,0
12.96,8.8,8.0,2.7,0.054,0.115,Atlantic,General,0,0,0
12.81,1.5,8.0,0.52,0.244,0.087,Arabian Sea,General,0,0,0
9.05,2.95,2.0,1.9,0.174,0.241,Yellow Sea,Electronics,0,0,0
18.33,0.4,2.0,0.26,0.053,0.149,Mediterranean,Automotive,0,0,0
14.45,1.65,4.0,8.02,0.988,0.474,Red Sea,General,1,0,1
10.01,4.87,4.0,0.96,0.044,0.044,South China Sea,General,0,0,0
12.01,4.99,6.0,1.55,0.089,0.206,Cape of Good Hope,Electronics,0,0,0
19.87,3.84,6.0,10.42,0.738,0.385,Strait of Malacca,Chemicals,1,0,0
6.62,3.33,6.0,4.57,0.261,0.203,Mediterranean,Automotive,1,0,0
15.78,0.62,6.0,1.83,0.081,0.225,Atlantic,Automotive,0,0,0
17.67,1.29,6.0,0.9,0.34,0.145,Pacific,Electronics,0,0,0
16.31,0.77,2.0,1.2,0.15,0.14,North Atlantic,General,0,0,0
17.0,1.77,4.0,0.32,0.09,0.276,Atlantic,General,0,0,0
12.71,0.56,2.0,1.93,0.317,0.208,English Channel,Perishables,0,0,0
14.5,3.58,4.0,0.34,0.466,0.464,Open Ocean,Electronics,0,0,0
9.36,3.02,4.0,2.66,0.249,0.061,Suez Canal,Electronics,0,0,0
10.35,9.69,4.0,1.26,0.502,0.37,Strait of Malacca,Perishables,0,0,0
25.0,0.96,2.0,1.28,0.21,0.537,Pacific,Perishables,0,0,0
16.34,4.99,4.0,4.79,0.23,0.64,Open Ocean,General,1,0,0
12.78,4.12,2.0,0.06,0.109,0.124,North Atlantic,Chemicals,0,0,0
17.38,1.23,2.0,2.17,0.218,0.034,Mediterranean,Chemicals,0,0,0
10.24,1.32,6.0,2.67,0.178,0.228,English Channel,General,0,0,0
16.16,8.96,8.0,2.25,0.129,0.244,Pacific,Automotive,0,0,0
11.39,0.22,4.0,5.43,0.181,0.325,Pacific,Perishables,1,0,0
11.51,0.69,6.0,19.33,0.653,0.165,Strait of Malacca,Electronics,1,0,0
14.03,17.32,8.0,2.23,0.015,0.284,Atlantic,Automotive,0,0,0
13.41,10.82,8.0,5.76,0.269,0.398,Mediterranean,Perishables,1,0,0
10.73,1.95,4.0,2.15,0.588,0.135,Suez Canal,Electronics,0,0,0
11.38,7.56,4.0,0.55,0.142,0.582,Atlantic,General,0,0,0
14.09,1.08,8.0,1.9,0.462,0.106,South China Sea,Perishables,0,0,0
18.66,2.71,6.0,1.88,0.522,0.517,Cape of Good Hope,Automotive,0,0,0
18.97,2.48,2.0,7.11,0.195,0.284,South China Sea,General,1,0,0
17.65,4.23,4.0,2.12,0.52,0.23,English Channel,Chemicals,0,0,0
16.13,2.98,4.0,4.56,0.421,0.15,Yellow Sea,Perishables,1,0,0
16.66,4.28,4.0,6.27,0.907,0.442,Red Sea,Chemicals,1,0,1
19.4,5.45,6.0,4.52,0.277,0.204,South China Sea,Chemicals,1,0,0
9.85,4.92,8.0,1.12,0.019,0.398,Mediterranean,General,0,0,0
11.87,3.76,4.0,3.79,0.131,0.057,Indian Ocean,Automotive,0,0,0
18.36,4.29,6.0,7.37,0.675,0.528,Strait of Malacca,Chemicals,1,0,0
12.69,0.87,2.0,0.91,0.26,0.331,Yellow Sea,Perishables,0,0,0
19.44,1.1,4.0,0.44,0.517,0.231,Red Sea,Electronics,0,0,0
14.98,0.32,2.0,0.07,0.317,0.197,Yellow Sea,Electronics,0,0,0
12.48,13.03,6.0,5.24,0.408,0.203,Strait of Malacca,Perishables,1,0,0
11.89,4.61,4.0,3.69,0.49,0.467,Strait of Malacca,General,0,0,0
13.78,4.8,6.0,3.51,0.651,0.243,Red Sea,Perishables,0,0,0
12.71,0.09,4.0,1.67,0.111,0.353,Atlantic,Perishables,0,0,0
12.46,8.68,8.0,0.79,0.045,0.354,South China Sea,Electronics,0,0,0
13.91,2.12,8.0,2.17,0.241,0.105,Atlantic,Perishables,0,0,0
8.9,3.95,4.0,1.48,0.288,0.256,English Channel,General,0,0,0
16.68,2.72,8.0,3.9,0.02,0.27,Arabian Sea,Chemicals,0,0,0
16.64,3.09,8.0,0.79,0.526,0.617,Strait of Malacca,Chemicals,0,0,0
11.81,0.41,2.0,6.49,0.115,0.351,Cape of Good Hope,Electronics,1,0,0
15.67,0.22,8.0,2.22,0.457,0.39,Open Ocean,Chemicals,0,0,0
5.37,0.36,4.0,3.14,0.059,0.329,South China Sea,Electronics,0,0,0
11.36,4.04,8.0,2.5,0.044,0.348,Mediterranean,General,0,0,0
8.45,17.9,6.0,4.61,0.222,0.303,Open Ocean,Perishables,1,0,0
20.39,0.18,6.0,18.16,0.67,0.349,Suez Canal,Chemicals,1,0,0
14.03,5.41,4.0,6.74,0.077,0.381,Atlantic,Perishables,1,0,0
15.5,8.34,8.0,2.21,0.267,0.361,Strait of Malacca,Automotive,0,0,0
17.15,10.56,8.0,0.48,0.59,0.101,Cape of Good Hope,Automotive,0,0,0
11.02,4.33,4.0,2.36,0.207,0.144,Mediterranean,Chemicals,0,0,0
7.22,3.59,4.0,2.77,0.431,0.39,Red Sea,Electronics,0,0,0
11.95,6.93,8.0,0.73,0.11,0.512,English Channel,Electronics,0,0,0
10.81,31.45,8.0,19.14,0.726,0.617,Cape of Good Hope,Chemicals,1,0,1
14.04,0.18,2.0,0.29,0.268,0.212,Yellow Sea,Electronics,0,0,0
12.72,9.15,4.0,1.15,0.069,0.154,Cape of Good Hope,Electronics,0,0,0
12.36,0.36,6.0,0.15,0.281,0.245,Yellow Sea,Automotive,0,0,0
11.23,6.72,8.0,3.01,0.171,0.385,Yellow Sea,Automotive,0,0,0
13.56,4.29,6.0,2.58,0.456,0.343,Strait of Malacca,General,0,0,0
14.84,2.33,4.0,0.26,0.246,0.326,Indian Ocean,General,0,0,0
15.79,3.54,4.0,3.02,0.348,0.338,Red Sea,Chemicals,0,0,0
12.66,0.96,4.0,1.87,0.277,0.286,Open Ocean,Perishables,0,0,0
18.06,0.55,8.0,8.67,0.007,0.067,Mediterranean,Electronics,1,0,0
11.21,6.14,6.0,0.28,0.388,0.212,Indian Ocean,Automotive,0,0,0
16.75,2.56,4.0,6.15,0.116,0.385,North Atlantic,Automotive,1,0,0
11.31,23.3,8.0,1.34,0.055,0.147,Open Ocean,General,0,0,0
18.17,10.23,8.0,0.36,0.552,0.543,Red Sea,General,0,0,0
16.54,2.08,2.0,0.66,0.077,0.365,Pacific,Automotive,0,0,0
13.14,13.68,6.0,6.0,0.402,0.333,Mediterranean,General,1,0,0
16.9,0.29,4.0,2.02,0.113,0.183,Pacific,Chemicals,0,0,0
14.65,4.77,2.0,0.59,0.146,0.413,Mediterranean,Automotive,0,0,0
12.36,2.58,8.0,2.67,0.229,0.192,Pacific,General,0,0,0
11.18,4.82,6.0,2.94,0.45,0.375,Red Sea,Perishables,0,0,0
10.01,0.15,2.0,0.36,0.043,0.384,Indian Ocean,Chemicals,0,0,0
14.13,12.98,4.0,0.62,0.373,0.354,Arabian Sea,Perishables,0,0,0
12.75,5.89,4.0,7.14,0.291,0.357,Cape of Good Hope,General,1,0,0
10.62,22.15,6.0,0.89,0.029,0.303,Atlantic,Perishables,0,0,0
13.46,9.65,6.0,7.22,0.77,0.219,Red Sea,Electronics,1,0,0
14.62,0.94,2.0,0.72,0.173,0.42,Indian Ocean,Perishables,0,0,0
9.68,3.18,6.0,7.66,0.701,0.3,Suez Canal,General,1,0,0
15.62,0.24,4.0,0.13,0.249,0.373,Strait of Malacca,Electronics,0,0,0
12.52,5.08,2.0,2.11,0.178,0.305,Atlantic,Perishables,0,0,0
13.79,3.0,4.0,1.46,0.168,0.386,Pacific,Electronics,0,0,0
17.0,2.31,8.0,2.1,0.188,0.344,Indian Ocean,Electronics,0,0,0
14.7,2.37,8.0,4.66,0.101,0.166,Pacific,General,1,0,0
14.76,1.49,8.0,12.2,0.033,0.786,North Atlantic,Electronics,1,0,0
10.74,12.54,8.0,1.1,0.17,0.267,North Atlantic,General,0,0,0
20.64,0.61,8.0,0.84,0.088,0.316,Yellow Sea,Perishables,0,0,0
15.51,2.31,4.0,1.52,0.214,0.416,Suez Canal,General,0,0,0
12.46,4.31,6.0,11.38,0.045,0.074,Cape of Good Hope,Perishables,1,0,0
16.87,7.32,6.0,2.3,0.135,0.263,Cape of Good Hope,Electronics,0,0,0
11.97,4.15,4.0,6.06,0.677,0.103,Indian Ocean,Electronics,1,0,0
10.43,0.06,2.0,0.42,0.011,0.544,English Channel,General,0,0,0
11.69,2.7,2.0,19.2,0.683,0.198,Strait of Malacca,Perishables,1,0,1
20.91,2.09,4.0,1.57,0.228,0.423,Arabian Sea,General,0,0,0
10.67,9.09,6.0,1.69,0.348,0.015,Yellow Sea,Chemicals,0,0,0
12.66,1.78,4.0,0.57,0.3,0.348,Cape of Good Hope,Chemicals,0,0,0
13.71,3.18,6.0,0.0,0.153,0.28,Indian Ocean,Chemicals,0,0,0
14.75,3.51,2.0,2.09,0.16,0.359,Indian Ocean,Automotive,0,0,0
18.55,9.37,2.0,0.06,0.058,0.326,Arabian Sea,Chemicals,0,1,0
17.98,10.75,6.0,0.76,0.213,0.136,South China Sea,Chemicals,0,0,0
11.85,2.56,4.0,0.15,0.207,0.14,North Atlantic,Perishables,0,0,0
12.54,15.35,8.0,5.35,0.393,0.392,Red Sea,Perishables,1,0,0
9.2,2.51,6.0,0.04,0.214,0.286,Open Ocean,Chemicals,0,0,0
15.37,4.98,4.0,1.71,0.102,0.21,Indian Ocean,Chemicals,0,0,0
14.76,6.87,4.0,0.3,0.455,0.616,North Atlantic,Perishables,0,0,0
6.02,0.12,2.0,1.63,0.056,0.083,Arabian Sea,General,0,0,0
12.66,8.35,6.0,2.01,0.03,0.203,Yellow Sea,Automotive,0,0,0
18.9,5.36,4.0,1.09,0.55,0.399,South China Sea,Chemicals,0,0,0
12.83,1.79,8.0,1.24,0.241,0.315,Pacific,Perishables,0,0,0
13.26,3.26,4.0,2.21,0.177,0.297,Cape of Good Hope,General,0,0,0
19.58,2.01,4.0,0.83,0.01,0.095,Atlantic,Chemicals,0,0,0
9.61,10.16,8.0,1.83,0.378,0.502,Open Ocean,Perishables,0,0,0
12.32,4.25,4.0,3.51,0.203,0.293,North Atlantic,Electronics,0,0,0
14.83,2.08,4.0,2.8,0.468,0.295,Indian Ocean,Automotive,0,0,0
18.96,0.47,2.0,15.26,0.771,0.435,Strait of Malacca,General,1,0,1
16.66,5.91,8.0,3.21,0.453,0.691,Red Sea,Electronics,0,0,0
14.05,1.78,4.0,4.88,0.132,0.133,English Channel,General,1,0,0
13.15,1.84,6.0,0.21,0.359,0.137,Pacific,General,0,0,0
14.61,1.34,4.0,2.26,0.054,0.101,North Atlantic,Perishables,0,0,0
17.01,8.36,6.0,2.27,0.327,0.476,South China Sea,Electronics,0,0,0
21.61,13.27,8.0,3.91,0.323,0.53,North Atlantic,General,0,0,0
16.83,4.04,4.0,4.77,0.047,0.436,Indian Ocean,Perishables,1,0,0
15.3,3.55,6.0,1.68,0.278,0.21,Arabian Sea,Perishables,0,0,0
10.81,1.41,4.0,22.19,0.634,0.144,Suez Canal,Automotive,1,0,0
16.08,10.0,8.0,1.09,0.17,0.545,English Channel,Perishables,0,0,0
10.82,6.15,4.0,2.12,0.373,0.208,English Channel,Automotive,0,0,0
9.38,0.83,6.0,1.33,0.503,0.398,Strait of Malacca,General,0,0,0
12.38,1.85,4.0,4.51,0.004,0.225,Cape of Good Hope,General,1,0,0
17.16,0.54,2.0,4.59,0.348,0.21,Yellow Sea,Chemicals,1,0,0
17.75,3.03,2.0,2.22,0.118,0.57,Strait of Malacca,Perishables,0,0,0
14.53,23.36,8.0,28.71,0.748,0.208,Suez Canal,General,1,0,1
16.97,0.96,4.0,1.86,0.183,0.236,Yellow Sea,Electronics,0,0,0
11.53,0.86,8.0,1.49,0.742,0.155,Strait of Malacca,General,0,0,0
14.1,19.94,4.0,9.07,0.565,0.186,English Channel,Chemicals,1,1,0
13.1,4.59,2.0,1.32,0.099,0.354,Yellow Sea,General,0,0,0
17.85,0.69,2.0,13.06,0.705,0.329,Red Sea,General,1,0,0
10.55,0.23,2.0,3.64,0.011,0.472,South China Sea,General,0,0,0
10.69,2.6,8.0,2.31,0.58,0.296,Suez Canal,Electronics,0,0,0
10.54,0.21,2.0,1.11,0.65,0.109,Suez Canal,Automotive,0,0,0
11.83,10.52,8.0,1.08,0.378,0.063,Arabian Sea,Automotive,0,0,0
10.57,1.89,4.0,0.62,0.168,0.117,Mediterranean,Automotive,0,0,0
13.1,8.21,8.0,0.46,0.1,0.213,Cape of Good Hope,General,0,0,0
15.42,1.1,4.0,13.62,0.748,0.197,North Atlantic,Electronics,1,0,0
16.16,0.9,2.0,1.58,0.18,0.302,South China Sea,Perishables,0,0,0
15.03,3.53,6.0,4.31,0.654,0.481,Open Ocean,Automotive,1,0,0
11.94,0.55,6.0,4.94,0.193,0.181,Arabian Sea,General,1,0,0
8.8,14.75,6.0,1.49,0.127,0.479,Atlantic,Electronics,0,0,0
14.8,13.99,8.0,20.13,0.654,0.099,Strait of Malacca,Perishables,1,0,0
16.84,7.6,4.0,0.66,0.271,0.102,Indian Ocean,Perishables,0,0,0
10.81,1.35,2.0,5.36,0.438,0.444,South China Sea,Perishables,1,0,0
14.26,0.18,2.0,0.54,0.175,0.516,Indian Ocean,Chemicals,0,0,0
10.86,2.62,2.0,1.88,0.299,0.103,Indian Ocean,Chemicals,0,0,0
15.5,2.11,4.0,1.29,0.233,0.074,Suez Canal,Perishables,0,0,0
10.22,32.06,8.0,0.65,0.15,0.196,Mediterranean,Automotive,0,1,0
12.09,0.38,4.0,0.69,0.315,0.253,Arabian Sea,Automotive,0,0,0
11.3,3.17,8.0,1.38,0.23,0.337,Open Ocean,Chemicals,0,0,0
9.85,6.92,6.0,2.2,0.188,0.051,North Atlantic,Perishables,0,0,0
15.89,3.27,4.0,51.68,0.606,0.231,Strait of Malacca,Automotive,1,0,1
10.69,5.04,8.0,3.57,0.424,0.417,Suez Canal,Chemicals,0,0,0
14.9,7.92,8.0,0.31,0.017,0.272,North Atlantic,Automotive,0,0,0
16.22,2.41,2.0,3.86,0.537,0.118,Pacific,Automotive,0,0,0
16.36,3.72,6.0,0.25,0.248,0.239,Yellow Sea,Electronics,0,0,0
9.63,4.55,6.0,2.43,0.259,0.505,Indian Ocean,General,0,0,0
15.54,1.93,2.0,15.52,0.647,0.332,Arabian Sea,Electronics,1,0,0
11.23,10.94,8.0,2.38,0.499,0.327,Suez Canal,Automotive,0,0,0
20.58,3.5,2.0,1.04,0.023,0.305,Indian Ocean,Automotive,0,0,0
18.31,2.62,2.0,3.29,0.507,0.074,Strait of Malacca,Electronics,0,0,0
7.09,1.58,4.0,4.05,0.182,0.592,Mediterranean,General,1,0,0
12.82,0.3,4.0,3.0,0.188,0.469,Arabian Sea,General,0,0,0
12.37,2.3,2.0,5.48,0.016,0.465,North Atlantic,General,1,0,0
14.16,5.14,8.0,0.03,0.159,0.156,Indian Ocean,General,0,0,0
12.18,5.32,6.0,0.35,0.009,0.632,North Atlantic,General,0,0,0
13.89,4.01,8.0,1.77,0.041,0.291,South China Sea,Perishables,0,0,0
10.28,3.18,2.0,0.09,0.06,0.379,Open Ocean,Automotive,0,0,0
10.33,3.55,6.0,6.24,0.119,0.444,Cape of Good Hope,General,1,0,0
10.09,1.87,4.0,2.22,0.042,0.183,Yellow Sea,Chemicals,0,0,0
10.98,1.11,8.0,0.49,0.022,0.084,Yellow Sea,Automotive,0,0,0
11.89,40.73,8.0,38.9,0.606,0.056,Suez Canal,Perishables,1,1,1
11.43,10.31,4.0,2.11,0.023,0.108,English Channel,General,0,0,0
12.96,1.33,6.0,2.82,0.245,0.4,English Channel,Perishables,0,0,0
10.33,17.73,8.0,0.12,0.035,0.248,Yellow Sea,Chemicals,0,0,0
9.04,2.97,2.0,2.56,0.11,0.228,English Channel,General,0,0,0
17.42,0.7,2.0,2.53,0.509,0.161,Pacific,General,0,0,0
15.91,6.13,6.0,2.37,0.151,0.049,English Channel,General,0,0,0
7.38,4.05,2.0,4.92,0.154,0.251,Yellow Sea,Perishables,1,0,0
15.18,0.38,6.0,2.95,0.169,0.225,Mediterranean,Automotive,0,0,0
15.7,7.8,6.0,0.05,0.058,0.499,Pacific,Chemicals,0,0,0
17.06,0.39,2.0,2.22,0.302,0.237,Arabian Sea,General,0,0,0
16.56,0.44,8.0,8.84,0.621,0.139,Strait of Malacca,Perishables,1,0,0
17.2,18.79,6.0,1.26,0.031,0.298,Arabian Sea,General,0,0,0
18.55,0.54,2.0,1.4,0.16,0.436,Arabian Sea,Automotive,0,0,0
11.51,4.84,4.0,2.32,0.173,0.271,Pacific,Chemicals,0,0,0
12.37,1.55,8.0,0.51,0.047,0.26,Arabian Sea,Electronics,0,0,0
12.6,0.61,4.0,1.1,0.428,0.12,Indian Ocean,Perishables,0,0,0
12.84,6.5,2.0,1.52,0.056,0.223,Yellow Sea,General,0,0,0
15.25,2.22,4.0,0.9,0.523,0.266,Atlantic,Perishables,0,0,0
14.34,3.42,4.0,10.93,0.601,0.545,Red Sea,Perishables,1,0,0
18.08,1.65,2.0,0.88,0.504,0.129,Indian Ocean,General,0,0,0
18.98,2.23,2.0,1.37,0.198,0.272,North Atlantic,Perishables,0,0,0
12.34,3.33,6.0,3.51,0.352,0.087,South China Sea,Electronics,0,0,0
7.88,5.6,6.0,9.15,0.814,0.28,Red Sea,Automotive,1,0,1
12.97,7.4,4.0,0.47,0.004,0.206,Arabian Sea,Electronics,0,0,0
16.82,6.34,6.0,0.28,0.577,0.539,Red Sea,Chemicals,0,0,0
8.4,0.2,4.0,1.65,0.147,0.24,Indian Ocean,General,0,0,0
16.33,6.61,6.0,2.41,0.408,0.113,Strait of Malacca,Perishables,0,0,0
13.18,4.55,2.0,1.25,0.178,0.106,South China Sea,General,0,0,0
11.05,3.6,8.0,1.29,0.049,0.16,Pacific,General,0,0,0
13.19,1.13,2.0,1.68,0.541,0.286,Yellow Sea,Perishables,0,0,0
11.74,3.86,2.0,15.08,0.652,0.657,Strait of Malacca,Automotive,1,0,1
9.77,2.69,2.0,2.73,0.084,0.167,Mediterranean,General,0,0,0
11.81,0.14,4.0,0.21,0.005,0.102,Open Ocean,Electronics,0,0,0
13.81,0.16,2.0,2.31,0.343,0.01,Strait of Malacca,Electronics,0,0,0
16.22,1.86,6.0,3.36,0.235,0.407,Atlantic,Electronics,0,0,0
14.28,2.14,4.0,1.61,0.005,0.318,Cape of Good Hope,Electronics,0,0,0
7.22,7.69,4.0,4.61,0.026,0.303,Mediterranean,Chemicals,1,0,0
14.21,5.7,4.0,0.98,0.067,0.077,South China Sea,Automotive,0,0,0
14.8,2.67,6.0,1.88,0.773,0.395,Strait of Malacca,Chemicals,0,0,0
18.05,11.0,8.0,1.45,0.103,0.471,Open Ocean,Chemicals,0,0,0
6.01,6.44,2.0,14.35,0.049,0.304,North Atlantic,General,1,0,0
14.9,0.56,4.0,1.37,0.286,0.298,Atlantic,Chemicals,0,0,0
14.95,7.44,6.0,30.2,0.63,0.348,Suez Canal,Electronics,1,0,1
15.73,6.07,8.0,1.7,0.193,0.055,Cape of Good Hope,Automotive,0,0,0
13.38,8.03,8.0,0.31,0.029,0.27,North Atlantic,General,0,0,0
14.61,0.09,4.0,1.1,0.038,0.468,Indian Ocean,General,0,0,0
9.38,4.83,6.0,1.19,0.347,0.177,Indian Ocean,Automotive,0,0,0
15.61,6.84,6.0,2.01,0.154,0.326,Open Ocean,Chemicals,0,0,0
13.05,4.31,6.0,0.61,0.254,0.391,Strait of Malacca,General,0,0,0
19.79,4.01,6.0,2.67,0.876,0.618,Strait of Malacca,General,0,0,1
11.65,1.11,6.0,12.09,0.316,0.128,North Atlantic,Perishables,1,0,0
7.36,7.21,6.0,4.14,0.194,0.195,Yellow Sea,General,1,0,0
13.17,7.9,6.0,0.73,0.05,0.215,Pacific,Electronics,0,0,0
17.11,13.68,4.0,27.88,0.774,0.191,Suez Canal,Perishables,1,0,1
14.65,10.2,6.0,3.51,0.043,0.481,South China Sea,Automotive,0,0,0
10.53,2.31,8.0,5.56,0.335,0.264,Pacific,Automotive,1,0,0
14.9,2.55,4.0,1.27,0.227,0.159,Cape of Good Hope,Perishables,0,0,0
12.86,20.65,8.0,0.02,0.141,0.3,English Channel,Chemicals,0,0,0
14.78,1.21,4.0,2.77,0.182,0.156,Mediterranean,Electronics,0,0,0
20.03,3.41,8.0,15.47,0.611,0.037,Strait of Malacca,Perishables,1,0,0
13.03,9.66,6.0,0.41,0.048,0.42,Open Ocean,Automotive,0,0,0
11.67,1.88,8.0,0.02,0.155,0.318,Open Ocean,Perishables,0,0,0
18.42,0.41,6.0,0.67,0.458,0.377,Mediterranean,General,0,0,0
15.66,0.23,4.0,20.29,0.488,0.304,Suez Canal,Perishables,1,0,0
12.36,2.32,8.0,1.43,0.222,0.148,Atlantic,Electronics,0,0,0
14.71,4.38,4.0,1.45,0.073,0.289,Indian Ocean,Automotive,0,0,0
14.53,18.52,8.0,4.32,0.749,0.285,Red Sea,Perishables,1,0,0
21.43,1.08,4.0,2.0,0.23,0.084,Yellow Sea,Electronics,0,0,0
16.05,5.04,8.0,0.98,0.107,0.178,Indian Ocean,General,0,0,0
15.02,1.92,8.0,7.34,0.272,0.419,South China Sea,Perishables,1,0,0
11.4,6.98,6.0,1.91,0.284,0.566,Pacific,Automotive,0,0,0
12.01,4.54,4.0,3.6,0.116,0.445,Red Sea,Electronics,0,0,0
13.77,4.8,2.0,0.48,0.132,0.414,Cape of Good Hope,General,0,0,0
16.43,0.78,2.0,17.48,0.677,0.341,Atlantic,Electronics,1,0,1
11.37,1.63,6.0,1.5,0.426,0.187,Mediterranean,General,0,0,0
11.91,0.61,2.0,2.91,0.273,0.207,Indian Ocean,Automotive,0,0,0
8.76,0.69,6.0,2.96,0.119,0.165,Arabian Sea,General,0,0,0
13.41,9.84,4.0,1.5,0.131,0.279,Cape of Good Hope,Perishables,0,0,0
14.07,2.5,2.0,1.02,0.074,0.152,Open Ocean,General,0,0,0
13.2,2.08,4.0,10.7,0.798,0.198,Suez Canal,Chemicals,1,0,0
17.32,4.73,4.0,6.77,0.354,0.369,English Channel,Automotive,1,0,0
15.56,1.72,4.0,2.94,0.105,0.068,Yellow Sea,Chemicals,0,0,0
16.97,1.47,2.0,0.4,0.036,0.08,Pacific,Electronics,0,0,0
15.57,5.2,2.0,0.25,0.268,0.09,Pacific,Automotive,0,0,0
14.95,5.18,4.0,2.38,0.242,0.389,Indian Ocean,Electronics,0,0,0
14.15,0.02,2.0,0.49,0.045,0.266,Yellow Sea,Automotive,0,0,0
12.55,2.45,2.0,0.69,0.092,0.449,Mediterranean,General,0,0,0
15.44,5.61,6.0,9.85,0.755,0.177,Suez Canal,Chemicals,1,0,0
15.35,4.16,2.0,0.14,0.413,0.336,Cape of Good Hope,Automotive,0,0,0
15.65,1.14,2.0,1.49,0.264,0.322,English Channel,Perishables,0,0,0
16.93,1.82,6.0,0.29,0.105,0.319,Atlantic,Electronics,0,0,0
15.36,0.81,2.0,4.56,0.037,0.183,Open Ocean,Perishables,1,0,0
14.0,19.72,8.0,1.73,0.108,0.239,Yellow Sea,Automotive,0,0,0
15.75,0.5,8.0,1.26,0.237,0.101,Open Ocean,Automotive,0,0,0
11.06,2.17,6.0,6.04,0.275,0.047,Indian Ocean,Perishables,1,0,0
20.55,2.47,8.0,1.32,0.2,0.49,Open Ocean,Perishables,0,0,0
16.32,0.84,4.0,0.86,0.227,0.21,North Atlantic,Chemicals,0,0,0
13.32,4.97,8.0,8.09,0.955,0.134,Red Sea,Automotive,1,0,1
14.78,0.61,8.0,3.31,0.152,0.18,Atlantic,Electronics,0,0,0
9.24,0.55,2.0,0.44,0.324,0.474,Arabian Sea,Perishables,0,0,0
7.34,3.4,8.0,2.66,0.093,0.414,Open Ocean,Perishables,0,0,0
13.67,0.88,2.0,2.08,0.391,0.138,English Channel,Automotive,0,0,0
19.42,2.58,6.0,1.34,0.448,0.306,Red Sea,Automotive,0,0,0
20.34,4.71,8.0,0.49,0.108,0.108,Yellow Sea,Chemicals,0,0,0
9.83,3.98,6.0,1.42,0.078,0.349,Atlantic,Chemicals,0,0,0
19.28,8.83,8.0,2.04,0.085,0.351,Atlantic,Automotive,0,0,0
15.76,2.26,2.0,1.18,0.162,0.353,Mediterranean,Electronics,0,0,0
13.85,0.42,8.0,2.37,0.297,0.228,Suez Canal,Perishables,0,0,0
11.7,7.45,8.0,1.36,0.167,0.14,Atlantic,General,0,0,0
9.99,1.58,8.0,0.66,0.364,0.171,English Channel,Electronics,0,0,0
11.91,14.82,2.0,2.39,0.147,0.55,Arabian Sea,Automotive,0,1,0
10.89,1.46,4.0,2.74,0.724,0.358,Suez Canal,Automotive,0,0,0
20.07,0.09,6.0,0.1,0.298,0.445,Atlantic,Electronics,0,0,0
10.96,1.48,2.0,1.31,0.337,0.511,Arabian Sea,Chemicals,0,0,0
10.94,1.91,8.0,2.94,0.259,0.163,Indian Ocean,General,0,0,0
13.19,0.97,2.0,0.58,0.082,0.025,English Channel,Automotive,0,0,0
13.2,2.65,6.0,2.35,0.51,0.146,Suez Canal,General,0,0,0
14.9,7.23,4.0,1.72,0.149,0.367,Atlantic,Chemicals,0,0,0
11.86,3.16,2.0,4.41,0.01,0.417,Atlantic,Perishables,1,0,0
15.85,5.23,6.0,1.95,0.535,0.447,Suez Canal,Chemicals,0,0,0
16.37,53.67,8.0,0.68,0.234,0.366,Open Ocean,General,0,1,0
8.68,5.4,2.0,3.03,0.215,0.336,Indian Ocean,Automotive,0,0,0
13.13,1.32,2.0,13.81,0.25,0.783,North Atlantic,Perishables,1,0,0
7.33,5.12,8.0,7.69,0.137,0.389,Suez Canal,General,1,0,0
12.05,3.57,2.0,0.07,0.352,0.524,Open Ocean,General,0,0,0
11.52,2.58,8.0,0.0,0.413,0.631,Strait of Malacca,General,0,0,0
15.12,5.46,8.0,1.71,0.12,0.673,Atlantic,General,0,0,0
15.67,2.66,4.0,2.18,0.177,0.259,North Atlantic,Automotive,0,0,0
9.99,11.45,4.0,3.15,0.757,0.171,Strait of Malacca,General,0,0,0
13.93,3.29,2.0,3.37,0.07,0.189,Indian Ocean,Perishables,0,0,0
16.38,4.96,8.0,2.4,0.437,0.152,Cape of Good Hope,Perishables,0,0,0
18.44,1.07,2.0,3.99,0.163,0.235,Mediterranean,General,0,0,0
14.07,0.31,6.0,4.83,0.199,0.319,Cape of Good Hope,Chemicals,1,0,0
19.5,10.16,6.0,4.31,0.384,0.448,South China Sea,Automotive,1,0,0
10.13,1.24,2.0,0.67,0.14,0.192,English Channel,Electronics,0,0,0
14.24,0.98,6.0,0.19,0.011,0.553,Yellow Sea,Electronics,0,0,0
13.55,1.81,4.0,0.2,0.152,0.506,Indian Ocean,Perishables,0,0,0
16.28,2.28,2.0,0.96,0.429,0.175,North Atlantic,Electronics,0,0,0
8.72,2.96,8.0,1.39,0.42,0.274,Cape of Good Hope,Automotive,0,0,0
14.27,9.77,6.0,8.84,0.607,0.33,Strait of Malacca,General,1,0,0
17.41,0.89,4.0,3.93,0.349,0.347,Strait of Malacca,Perishables,0,0,0
15.61,4.56,6.0,0.37,0.594,0.261,Strait of Malacca,Chemicals,0,0,0
12.02,0.33,4.0,0.45,0.34,0.09,Strait of Malacca,General,0,0,0
9.36,11.45,8.0,0.19,0.066,0.208,South China Sea,Automotive,0,0,0
20.93,11.71,8.0,1.35,0.495,0.194,Mediterranean,General,0,0,0
20.53,0.82,2.0,3.12,0.504,0.568,Indian Ocean,Chemicals,0,0,0
14.22,10.58,8.0,0.05,0.308,0.112,Open Ocean,General,0,0,0
18.29,5.95,6.0,0.79,0.008,0.415,North Atlantic,Perishables,0,0,0
16.91,7.81,4.0,0.43,0.028,0.512,English Channel,Electronics,0,0,0
13.21,23.85,8.0,0.21,0.586,0.48,Strait of Malacca,Automotive,0,0,0
9.31,0.61,4.0,1.02,0.253,0.117,Pacific,General,0,0,0
11.14,2.47,4.0,3.06,0.303,0.32,South China Sea,Perishables,0,0,0
13.32,6.21,2.0,0.63,0.002,0.146,Cape of Good Hope,Chemicals,0,0,0
10.92,4.75,6.0,2.87,0.565,0.223,Suez Canal,Electronics,0,0,0
19.98,0.07,2.0,3.0,0.706,0.511,Red Sea,Chemicals,0,0,0
13.59,0.43,4.0,0.97,0.331,0.181,English Channel,General,0,0,0
14.24,10.66,8.0,1.91,0.091,0.083,Arabian Sea,Perishables,0,0,0
15.11,4.12,6.0,9.73,0.204,0.375,Pacific,Electronics,1,0,0
8.16,0.73,2.0,2.1,0.052,0.537,Mediterranean,Chemicals,0,0,0
13.46,3.09,2.0,1.75,0.499,0.088,Cape of Good Hope,Electronics,0,0,0
15.12,4.53,4.0,0.26,0.166,0.199,Open Ocean,General,0,0,0
13.45,6.71,6.0,4.45,0.396,0.246,Suez Canal,Automotive,1,0,0
12.66,8.18,8.0,8.49,0.754,0.296,Red Sea,Chemicals,1,0,0
15.87,7.88,8.0,4.05,0.081,0.14,Cape of Good Hope,Electronics,1,0,0
9.7,1.29,4.0,2.59,0.119,0.125,North Atlantic,Chemicals,0,0,0
14.93,1.27,4.0,1.47,0.105,0.173,Indian Ocean,General,0,0,0
11.75,5.83,2.0,1.75,0.052,0.091,South China Sea,Automotive,0,0,0
13.68,8.37,8.0,16.4,0.896,0.194,Red Sea,General,1,0,1
8.93,6.85,8.0,1.14,0.022,0.423,Open Ocean,Chemicals,0,0,0
16.73,2.52,6.0,4.51,0.903,0.314,Suez Canal,Chemicals,1,0,0
12.67,10.56,4.0,0.17,0.294,0.063,Open Ocean,Chemicals,0,0,0
17.15,1.01,4.0,1.16,0.224,0.275,South China Sea,Electronics,0,0,0
12.52,3.31,6.0,2.0,0.352,0.215,North Atlantic,Chemicals,0,0,0
15.45,2.68,2.0,0.04,0.011,0.422,Mediterranean,Chemicals,0,0,0
13.59,2.39,4.0,4.38,0.463,0.24,Suez Canal,Electronics,1,0,0
11.65,2.52,2.0,0.72,0.278,0.495,Mediterranean,Perishables,0,0,0
16.52,3.74,4.0,5.33,0.492,0.281,Suez Canal,Perishables,1,0,0
15.1,11.95,4.0,0.06,0.151,0.097,Arabian Sea,Automotive,0,0,0
12.97,1.0,8.0,4.7,0.038,0.088,English Channel,Electronics,1,0,0
12.6,0.66,4.0,23.31,0.784,0.08,Suez Canal,Electronics,1,0,1
9.41,1.26,2.0,6.13,0.021,0.526,Indian Ocean,General,1,0,0
13.39,0.3,4.0,1.42,0.051,0.312,Yellow Sea,General,0,0,0
11.71,4.45,6.0,2.7,0.1,0.115,Mediterranean,General,0,0,0
13.23,0.33,4.0,4.48,0.008,0.455,Open Ocean,Chemicals,1,0,0
12.42,0.41,8.0,2.26,0.041,0.464,Indian Ocean,Automotive,0,0,0
16.39,8.25,6.0,0.1,0.032,0.123,North Atlantic,Perishables,0,0,0
13.72,6.49,4.0,5.12,0.142,0.115,Indian Ocean,Automotive,1,0,0
14.73,19.87,4.0,0.05,0.325,0.168,Mediterranean,General,0,1,0
16.22,2.14,6.0,0.97,0.211,0.206,Atlantic,Perishables,0,0,0
13.02,4.1,4.0,0.73,0.101,0.355,South China Sea,General,0,0,0
16.58,3.07,2.0,0.29,0.033,0.415,Atlantic,Chemicals,0,0,0
15.07,1.11,6.0,23.38,0.675,0.247,Strait of Malacca,Electronics,1,0,1
17.69,0.54,2.0,1.38,0.084,0.205,Pacific,Chemicals,0,0,0
19.85,0.79,6.0,3.4,0.006,0.454,Indian Ocean,Chemicals,0,0,0
7.39,4.25,4.0,4.29,0.251,0.209,Mediterranean,Chemicals,1,0,0
13.23,5.43,4.0,0.52,0.07,0.287,Indian Ocean,Electronics,0,0,0
18.66,1.81,8.0,0.51,0.135,0.1,Indian Ocean,Electronics,0,0,0
16.91,0.26,2.0,0.33,0.074,0.244,English Channel,General,0,0,0
16.33,3.75,8.0,6.28,0.046,0.209,Arabian Sea,Perishables,1,0,0
12.12,3.79,8.0,14.35,0.785,0.171,Strait of Malacca,Perishables,1,0,1
11.19,3.74,6.0,3.5,0.445,0.566,Yellow Sea,Electronics,0,0,0
11.32,2.42,2.0,0.04,0.419,0.593,Red Sea,Automotive,0,0,0
18.53,1.91,2.0,0.26,0.482,0.21,North Atlantic,Perishables,0,0,0
15.87,7.44,6.0,0.93,0.013,0.233,Cape of Good Hope,General,0,0,0
14.18,24.68,8.0,1.16,0.076,0.354,Open Ocean,General,0,0,0
18.18,3.26,4.0,3.02,0.4,0.491,Mediterranean,Automotive,0,0,0
12.13,6.69,2.0,0.94,0.292,0.262,South China Sea,Perishables,0,0,0
15.32,1.66,2.0,6.03,0.339,0.133,Arabian Sea,Chemicals,1,0,0
13.91,0.01,2.0,21.27,0.701,0.254,Red Sea,Electronics,1,0,1
7.8,1.56,8.0,1.73,0.29,0.032,Indian Ocean,Automotive,0,0,0
11.61,0.7,4.0,31.35,0.824,0.106,Red Sea,Perishables,1,0,1
15.09,2.86,4.0,8.72,0.425,0.179,Mediterranean,Perishables,1,0,0
10.99,9.07,8.0,0.88,0.036,0.214,English Channel,Perishables,0,0,0
15.71,6.2,6.0,0.37,0.035,0.42,North Atlantic,Electronics,0,0,0
13.6,11.47,6.0,2.59,0.289,0.273,Indian Ocean,Electronics,0,0,0
14.59,3.27,6.0,0.38,0.581,0.145,Suez Canal,Electronics,0,0,0
12.94,3.9,2.0,12.1,0.426,0.497,Yellow Sea,Electronics,1,0,0
11.08,0.84,4.0,0.02,0.172,0.542,Indian Ocean,General,0,0,0
9.31,7.39,4.0,0.36,0.508,0.057,Suez Canal,General,0,0,0
10.2,1.52,8.0,2.18,0.166,0.252,Cape of Good Hope,Chemicals,0,0,0
11.3,0.06,8.0,1.41,0.573,0.312,Suez Canal,General,0,0,0
14.06,4.13,2.0,1.86,0.472,0.07,Red Sea,Automotive,0,0,0
16.28,2.24,2.0,2.56,0.418,0.353,Open Ocean,Automotive,0,0,0
14.91,1.73,4.0,2.32,0.498,0.488,Cape of Good Hope,Automotive,0,0,0
17.91,4.4,8.0,7.81,0.003,0.372,Atlantic,Electronics,1,0,0
13.66,2.32,2.0,1.07,0.509,0.288,Strait of Malacca,Electronics,0,0,0
14.34,2.66,8.0,1.29,0.244,0.084,Arabian Sea,Perishables,0,0,0
12.89,2.23,6.0,6.84,0.77,0.351,Strait of Malacca,Perishables,1,0,0
11.63,0.01,4.0,2.37,0.28,0.239,Open Ocean,Chemicals,0,0,0
15.14,6.13,6.0,4.15,0.113,0.205,Indian Ocean,Electronics,1,0,0
15.44,0.62,4.0,5.99,0.127,0.179,English Channel,Chemicals,1,0,0
11.57,0.26,4.0,0.38,0.261,0.333,Open Ocean,Electronics,0,0,0
13.58,3.35,4.0,1.17,0.057,0.424,Yellow Sea,Automotive,0,0,0
13.24,2.1,2.0,0.48,0.208,0.406,Mediterranean,Perishables,0,0,0
11.9,0.64,6.0,2.68,0.012,0.341,Mediterranean,Automotive,0,0,0
11.54,3.98,6.0,0.43,0.06,0.406,South China Sea,General,0,0,0
10.63,4.48,8.0,0.99,0.149,0.293,Arabian Sea,Electronics,0,0,0
12.16,0.52,6.0,2.01,0.279,0.317,North Atlantic,Chemicals,0,0,0
12.89,2.87,8.0,6.23,0.685,0.123,Red Sea,General,1,0,0
18.29,9.06,4.0,0.6,0.097,0.542,English Channel,Automotive,0,0,0
17.13,14.19,6.0,1.73,0.116,0.139,Yellow Sea,General,0,0,0
12.71,1.61,6.0,0.15,0.13,0.473,Cape of Good Hope,General,0,0,0
10.62,1.91,4.0,2.52,0.101,0.415,North Atlantic,Automotive,0,0,0
12.18,1.62,8.0,0.07,0.055,0.442,Pacific,Electronics,0,0,0
13.39,3.95,8.0,1.34,0.129,0.204,Pacific,Chemicals,0,0,0
15.33,1.97,8.0,0.19,0.02,0.097,Atlantic,General,0,0,0
16.73,7.13,6.0,0.04,0.177,0.317,North Atlantic,Chemicals,0,0,0
12.09,4.17,8.0,3.1,0.042,0.418,English Channel,Electronics,0,0,0
15.88,4.52,4.0,2.95,0.528,0.292,Suez Canal,Chemicals,0,0,0
6.85,0.54,4.0,10.81,0.294,0.079,Cape of Good Hope,Electronics,1,0,0
9.12,1.82,2.0,0.5,0.075,0.147,Open Ocean,General,0,0,0
13.37,1.51,6.0,31.85,0.838,0.383,Red Sea,Automotive,1,0,1
7.84,6.01,8.0,3.84,0.842,0.473,Strait of Malacca,General,0,0,1
14.8,1.29,2.0,13.98,0.835,0.253,Suez Canal,Automotive,1,0,1
12.08,9.33,8.0,1.08,0.1,0.403,Arabian Sea,Perishables,0,0,0
13.36,0.24,4.0,0.02,0.396,0.276,Strait of Malacca,Electronics,0,0,0
14.6,7.2,8.0,0.98,0.149,0.29,South China Sea,Chemicals,0,0,0
18.4,19.91,8.0,5.08,0.136,0.477,South China Sea,Perishables,1,0,0
18.11,2.37,8.0,4.7,0.042,0.493,Indian Ocean,General,1,0,0
15.04,0.65,8.0,4.83,0.24,0.316,South China Sea,General,1,0,0
17.95,1.35,6.0,0.1,0.046,0.12,Mediterranean,Automotive,0,0,0
10.32,21.14,8.0,4.01,0.138,0.104,Atlantic,General,1,0,0
17.32,17.05,8.0,1.94,0.196,0.647,Cape of Good Hope,Electronics,0,0,0
15.69,7.95,4.0,8.24,0.666,0.07,Suez Canal,General,1,0,0
15.13,6.91,4.0,0.24,0.042,0.42,Arabian Sea,Automotive,0,0,0
14.13,1.6,4.0,0.16,0.088,0.342,Pacific,Electronics,0,0,0
18.33,2.11,4.0,22.72,0.672,0.087,Suez Canal,General,1,0,0
14.85,3.9,4.0,0.54,0.08,0.082,Pacific,General,0,0,0
12.96,5.51,6.0,2.63,0.169,0.106,Mediterranean,Chemicals,0,0,0
17.42,0.2,6.0,1.58,0.185,0.628,English Channel,General,0,0,0
12.61,5.58,2.0,1.51,0.007,0.412,Arabian Sea,Electronics,0,0,0
11.86,6.88,6.0,4.02,0.076,0.178,Open Ocean,Chemicals,1,0,0
12.04,5.7,4.0,2.74,0.23,0.062,Red Sea,Perishables,0,0,0
15.99,0.51,4.0,0.04,0.335,0.395,English Channel,Chemicals,0,0,0
11.86,0.13,2.0,2.19,0.081,0.266,Pacific,Automotive,0,0,0
14.37,1.58,2.0,0.02,0.005,0.384,Open Ocean,Chemicals,0,0,0
10.11,0.97,2.0,3.83,0.125,0.084,English Channel,General,0,0,0
14.69,5.85,4.0,3.22,0.517,0.105,Strait of Malacca,Electronics,0,0,0
17.93,1.49,2.0,6.71,0.083,0.144,Indian Ocean,General,1,0,0
13.83,3.45,2.0,0.24,0.288,0.126,Yellow Sea,Automotive,0,0,0
10.04,4.46,6.0,0.62,0.227,0.417,North Atlantic,General,0,0,0
7.44,0.09,2.0,1.83,0.343,0.137,Mediterranean,General,0,0,0
8.58,0.36,2.0,0.52,0.328,0.316,Indian Ocean,General,0,0,0
17.49,1.69,6.0,0.76,0.251,0.107,North Atlantic,Automotive,0,0,0
18.85,2.07,2.0,0.49,0.288,0.139,Pacific,Electronics,0,0,0
13.12,4.15,4.0,2.53,0.199,0.175,South China Sea,Automotive,0,0,0
14.92,1.1,2.0,2.33,0.338,0.686,South China Sea,Automotive,0,0,0
17.02,0.18,2.0,2.5,0.072,0.583,Pacific,Perishables,0,0,0
15.42,1.69,2.0,2.04,0.115,0.495,Indian Ocean,Automotive,0,0,0
22.87,2.41,2.0,14.17,0.064,0.118,North Atlantic,Automotive,1,0,0
11.05,0.86,6.0,0.61,0.187,0.267,South China Sea,Chemicals,0,0,0
15.29,9.3,6.0,1.05,0.246,0.4,Atlantic,Chemicals,0,0,0
14.63,0.16,2.0,0.55,0.049,0.387,North Atlantic,Electronics,0,0,0
9.43,2.94,4.0,0.93,0.174,0.463,Open Ocean,General,0,0,0
16.84,0.51,4.0,1.26,0.366,0.336,Mediterranean,Automotive,0,0,0
15.3,3.28,8.0,1.53,0.411,0.332,Suez Canal,Perishables,0,0,0
14.02,3.25,6.0,0.53,0.338,0.366,Yellow Sea,Perishables,0,0,0
11.54,1.71,4.0,0.08,0.595,0.292,Red Sea,General,0,0,0
14.8,0.82,2.0,0.98,0.399,0.128,Arabian Sea,Chemicals,0,0,0
14.05,3.06,4.0,1.24,0.242,0.202,English Channel,Electronics,0,0,0
14.48,0.72,2.0,1.7,0.039,0.14,Arabian Sea,Chemicals,0,0,0
16.72,17.73,4.0,0.36,0.003,0.243,Arabian Sea,Automotive,0,1,0
10.46,5.22,8.0,15.87,0.866,0.599,Red Sea,Chemicals,1,0,1
12.3,0.38,4.0,2.33,0.072,0.251,Indian Ocean,Perishables,0,0,0
16.6,2.03,2.0,4.61,0.214,0.215,Indian Ocean,Perishables,1,0,0
21.49,18.79,8.0,4.2,0.49,0.214,Pacific,Automotive,1,0,0
14.94,0.52,2.0,24.11,0.602,0.29,Red Sea,Perishables,1,0,1
16.24,7.75,8.0,0.68,0.125,0.36,South China Sea,Chemicals,0,0,0
12.26,2.97,2.0,2.76,0.134,0.352,Cape of Good Hope,General,0,0,0
17.21,0.11,4.0,6.98,0.666,0.29,South China Sea,Perishables,1,0,0
14.08,16.1,6.0,30.93,0.832,0.057,Red Sea,General,1,0,1
17.74,2.4,8.0,0.76,0.094,0.151,Mediterranean,Perishables,0,0,0
13.32,24.81,8.0,2.77,0.014,0.346,Yellow Sea,General,0,0,0
14.62,0.93,6.0,0.79,0.063,0.25,Atlantic,Electronics,0,0,0
14.87,8.29,6.0,2.83,0.036,0.475,South China Sea,Perishables,0,0,0
18.11,1.14,2.0,15.17,0.771,0.423,Strait of Malacca,Electronics,1,0,1
17.54,3.04,4.0,0.77,0.126,0.216,Open Ocean,Chemicals,0,0,0
15.24,0.77,2.0,6.49,0.647,0.093,Strait of Malacca,Perishables,1,0,0
11.6,12.27,4.0,1.86,0.192,0.386,Atlantic,Perishables,0,0,0
9.56,0.01,2.0,2.97,0.12,0.193,Mediterranean,Electronics,0,0,0
25.0,1.82,2.0,0.3,0.0,0.207,Mediterranean,General,0,0,0
16.44,6.46,4.0,3.59,0.176,0.327,Cape of Good Hope,Automotive,0,0,0
12.53,0.07,2.0,1.24,0.598,0.593,Indian Ocean,Electronics,0,0,0
11.83,1.11,8.0,3.36,0.154,0.256,Arabian Sea,Perishables,0,0,0
15.63,0.62,4.0,5.69,0.137,0.503,English Channel,Perishables,1,0,0
11.88,6.93,6.0,2.23,0.278,0.181,Atlantic,Automotive,0,0,0
11.08,2.84,4.0,3.22,0.34,0.118,Yellow Sea,Perishables,0,0,0
14.07,0.86,2.0,0.2,0.119,0.423,Arabian Sea,Automotive,0,0,0
10.72,3.05,2.0,3.9,0.21,0.205,Cape of Good Hope,Automotive,0,0,0
17.88,1.95,8.0,5.54,0.139,0.404,Atlantic,General,1,0,0
14.44,0.95,8.0,0.01,0.294,0.392,Cape of Good Hope,General,0,0,0
14.62,16.43,8.0,7.17,0.36,0.247,Arabian Sea,Perishables,1,0,0
12.63,5.58,6.0,1.07,0.423,0.318,Arabian Sea,Perishables,0,0,0
17.08,0.66,8.0,1.64,0.395,0.33,Mediterranean,General,0,0,0
11.45,1.87,8.0,5.45,0.018,0.12,Yellow Sea,General,1,0,0
8.41,23.01,8.0,1.1,0.013,0.222,North Atlantic,Automotive,0,0,0
9.64,2.13,2.0,2.31,0.311,0.588,Arabian Sea,Electronics,0,0,0
10.9,0.47,2.0,10.93,0.77,0.222,Strait of Malacca,Chemicals,1,0,0
14.05,8.74,4.0,25.59,0.681,0.516,Red Sea,Perishables,1,0,1
15.54,5.14,4.0,1.4,0.032,0.349,Arabian Sea,Perishables,0,0,0
10.73,4.67,6.0,1.0,0.049,0.18,Pacific,Perishables,0,0,0
14.41,1.94,6.0,3.93,0.467,0.585,Yellow Sea,Chemicals,0,0,0
15.61,6.34,4.0,2.58,0.746,0.411,Strait of Malacca,Automotive,0,0,0
14.12,1.48,8.0,1.08,0.105,0.253,Cape of Good Hope,Electronics,0,0,0
12.84,0.67,2.0,4.97,0.332,0.145,Mediterranean,General,1,0,0
12.15,1.14,6.0,2.94,0.174,0.341,Indian Ocean,Automotive,0,0,0
16.29,4.5,6.0,0.18,0.111,0.196,English Channel,General,0,0,0
14.85,1.53,4.0,0.82,0.012,0.123,South China Sea,Automotive,0,0,0
14.96,10.58,8.0,0.08,0.422,0.057,Open Ocean,Automotive,0,0,0
10.18,0.11,4.0,1.2,0.044,0.672,Cape of Good Hope,Perishables,0,0,0
20.14,2.86,4.0,0.35,0.032,0.238,Indian Ocean,Chemicals,0,0,0
16.77,3.54,8.0,3.3,0.245,0.236,English Channel,General,0,0,0
14.64,0.75,6.0,0.84,0.307,0.19,Atlantic,Chemicals,0,0,0
11.37,10.72,8.0,0.4,0.035,0.053,Yellow Sea,Chemicals,0,0,0
7.42,10.79,2.0,4.34,0.03,0.185,Pacific,Automotive,1,1,0
17.11,2.69,6.0,3.93,0.119,0.116,Atlantic,Chemicals,0,0,0
9.49,1.36,6.0,0.83,0.079,0.401,Cape of Good Hope,General,0,0,0
12.72,2.27,8.0,0.84,0.385,0.238,Pacific,Perishables,0,0,0
16.95,8.99,6.0,2.17,0.127,0.156,Atlantic,Chemicals,0,0,0
17.05,0.76,2.0,0.12,0.18,0.39,Mediterranean,General,0,0,0
16.6,10.28,8.0,1.55,0.139,0.112,Cape of Good Hope,Chemicals,0,0,0
19.37,11.1,6.0,2.04,0.023,0.422,English Channel,Electronics,0,0,0
14.63,0.58,6.0,10.02,0.751,0.266,Suez Canal,Chemicals,1,0,0
10.4,1.37,8.0,0.79,0.131,0.246,South China Sea,General,0,0,0
9.91,6.97,8.0,4.38,0.198,0.04,Open Ocean,Electronics,1,0,0
15.46,4.77,8.0,5.84,0.375,0.449,Mediterranean,Perishables,1,0,0
11.3,3.65,8.0,1.22,0.37,0.354,South China Sea,Perishables,0,0,0
16.23,10.64,8.0,2.56,0.198,0.285,Open Ocean,Electronics,0,0,0
10.55,10.57,8.0,0.15,0.012,0.133,Cape of Good Hope,General,0,0,0
13.03,3.69,6.0,0.66,0.077,0.443,Atlantic,General,0,0,0
19.41,10.68,4.0,5.48,0.053,0.112,Open Ocean,General,1,0,0
13.52,4.55,4.0,0.43,0.055,0.053,Open Ocean,Electronics,0,0,0
8.77,2.94,6.0,3.59,0.228,0.277,North Atlantic,Electronics,0,0,0
12.55,1.38,8.0,0.25,0.048,0.233,Arabian Sea,Chemicals,0,0,0
10.48,1.62,4.0,3.14,0.269,0.113,Open Ocean,General,0,0,0
10.32,6.87,8.0,0.05,0.368,0.06,Red Sea,Perishables,0,0,0
9.32,5.47,2.0,3.47,0.215,0.099,Yellow Sea,Perishables,0,0,0
17.07,9.75,8.0,2.94,0.018,0.227,Arabian Sea,Perishables,0,0,0
17.77,8.87,8.0,2.26,0.223,0.187,Cape of Good Hope,Chemicals,0,0,0
15.62,3.57,6.0,1.1,0.182,0.207,Yellow Sea,Chemicals,0,0,0
16.08,6.53,4.0,0.31,0.079,0.309,Arabian Sea,Electronics,0,0,0
18.77,1.89,4.0,1.95,0.171,0.137,Cape of Good Hope,Automotive,0,0,0
10.54,0.25,4.0,0.26,0.053,0.585,Pacific,Automotive,0,0,0
15.3,0.38,4.0,4.17,0.501,0.065,Yellow Sea,Perishables,1,0,0
14.02,9.48,4.0,2.01,0.182,0.236,English Channel,Perishables,0,0,0
14.71,6.84,8.0,9.05,0.606,0.159,Indian Ocean,Electronics,1,0,0
8.09,13.18,8.0,0.54,0.063,0.434,North Atlantic,Perishables,0,0,0
10.62,0.38,8.0,0.01,0.186,0.331,Cape of Good Hope,Automotive,0,0,0
16.53,25.16,8.0,30.95,0.729,0.585,Red Sea,Electronics,1,0,1
16.18,12.44,8.0,4.96,0.009,0.21,Atlantic,Electronics,1,0,0
11.62,4.66,6.0,3.68,0.259,0.394,North Atlantic,Perishables,0,0,0
7.29,1.71,8.0,12.61,0.247,0.084,Open Ocean,Chemicals,1,0,0
13.54,22.18,8.0,0.91,0.512,0.225,Strait of Malacca,Perishables,0,0,0
21.33,4.02,4.0,2.82,0.343,0.201,Yellow Sea,Automotive,0,0,0
8.41,11.78,4.0,1.42,0.176,0.044,Indian Ocean,Perishables,0,0,0
13.22,0.0,4.0,1.81,0.539,0.179,Strait of Malacca,Electronics,0,0,0
13.47,5.38,6.0,1.39,0.403,0.248,Cape of Good Hope,Chemicals,0,0,0
20.64,1.06,6.0,1.66,0.357,0.567,English Channel,General,0,0,0
18.47,0.44,2.0,1.39,0.035,0.36,Cape of Good Hope,Electronics,0,0,0
9.61,14.45,6.0,2.37,0.515,0.123,Red Sea,Electronics,0,0,0
13.38,7.11,8.0,5.23,0.386,0.194,Mediterranean,Electronics,1,0,0
14.07,9.16,8.0,0.38,0.435,0.243,Indian Ocean,Automotive,0,0,0
17.76,4.89,2.0,0.37,0.028,0.411,Indian Ocean,Perishables,0,0,0
17.62,1.53,8.0,8.83,0.806,0.202,Suez Canal,Chemicals,1,0,0
13.98,1.31,4.0,5.26,0.176,0.247,Atlantic,Chemicals,1,0,0
12.73,0.14,8.0,2.81,0.227,0.256,North Atlantic,General,0,0,0
14.39,6.79,6.0,4.9,0.12,0.564,Indian Ocean,Perishables,1,0,0
14.03,1.83,4.0,0.06,0.056,0.319,English Channel,Electronics,0,0,0
13.54,0.78,6.0,0.57,0.008,0.084,North Atlantic,General,0,0,0
15.78,14.24,6.0,5.23,0.058,0.037,Mediterranean,Perishables,1,0,0
12.4,2.13,4.0,0.53,0.232,0.213,Pacific,Automotive,0,0,0
16.89,10.95,8.0,4.22,0.49,0.179,Cape of Good Hope,Perishables,1,0,0
14.45,7.62,4.0,10.65,0.764,0.064,Cape of Good Hope,Electronics,1,0,0
13.06,0.23,6.0,0.06,0.342,0.42,Suez Canal,Chemicals,0,0,0
16.33,14.06,4.0,1.33,0.318,0.274,South China Sea,Perishables,0,0,0
12.83,0.55,8.0,1.73,0.265,0.368,South China Sea,Chemicals,0,0,0
16.26,12.01,8.0,0.8,0.472,0.081,Strait of Malacca,Electronics,0,0,0
5.13,11.71,6.0,16.96,0.879,0.41,Strait of Malacca,General,1,0,1
13.4,0.31,4.0,0.22,0.421,0.255,Red Sea,Electronics,0,0,0
8.67,2.71,4.0,1.73,0.182,0.271,Mediterranean,General,0,0,0
13.48,1.45,4.0,0.47,0.252,0.356,Indian Ocean,General,0,0,0
10.53,8.53,4.0,0.39,0.533,0.163,Arabian Sea,Perishables,0,0,0
12.94,1.2,2.0,1.75,0.019,0.145,Yellow Sea,Perishables,0,0,0
11.98,2.93,6.0,0.28,0.339,0.035,North Atlantic,General,0,0,0
10.47,1.73,4.0,0.38,0.187,0.251,Mediterranean,Automotive,0,0,0
14.72,9.3,6.0,1.29,0.171,0.296,English Channel,General,0,0,0
14.21,0.15,4.0,10.8,0.756,0.155,Mediterranean,Perishables,1,0,0
16.28,1.76,4.0,3.87,0.914,0.164,Suez Canal,Electronics,0,0,0
10.79,7.74,4.0,3.63,0.283,0.058,Pacific,Chemicals,0,0,0
14.72,5.66,6.0,3.74,0.215,0.55,Indian Ocean,Perishables,0,0,0
15.43,7.51,2.0,1.1,0.079,0.309,Yellow Sea,Perishables,0,0,0
17.85,3.58,2.0,3.68,0.392,0.409,Pacific,Automotive,0,0,0
16.16,0.08,2.0,3.94,0.171,0.321,Cape of Good Hope,Automotive,0,0,0
13.08,1.97,8.0,1.29,0.575,0.416,Arabian Sea,General,0,0,0
11.24,2.5,8.0,0.99,0.297,0.634,Mediterranean,Automotive,0,0,0
11.7,45.66,8.0,2.64,0.543,0.483,Cape of Good Hope,Automotive,0,1,0
12.82,1.13,2.0,0.88,0.004,0.177,Yellow Sea,Chemicals,0,0,0
13.16,44.89,8.0,1.87,0.13,0.327,Open Ocean,Chemicals,0,1,0
16.87,0.68,2.0,0.6,0.042,0.293,North Atlantic,Automotive,0,0,0
17.19,1.11,8.0,4.89,0.11,0.449,Atlantic,Automotive,1,0,0
15.15,3.15,2.0,6.67,0.046,0.284,South China Sea,Perishables,1,0,0
22.13,0.26,2.0,4.89,0.64,0.4,Strait of Malacca,Automotive,1,0,0
15.35,1.09,4.0,2.87,0.454,0.373,Strait of Malacca,General,0,0,0
13.57,2.1,4.0,0.02,0.075,0.095,Indian Ocean,Chemicals,0,0,0
13.31,1.28,2.0,7.17,0.195,0.119,Open Ocean,Automotive,1,0,0
11.14,1.36,2.0,1.9,0.072,0.145,Yellow Sea,General,0,0,0
15.77,5.81,8.0,0.01,0.187,0.398,South China Sea,Electronics,0,0,0
13.94,4.51,4.0,4.16,0.154,0.341,Mediterranean,Electronics,1,0,0
13.73,7.61,6.0,1.58,0.031,0.153,Pacific,Electronics,0,0,0
11.49,0.76,2.0,0.24,0.053,0.169,Cape of Good Hope,Automotive,0,0,0
14.0,1.57,6.0,0.65,0.129,0.566,South China Sea,Electronics,0,0,0
13.57,25.77,6.0,1.75,0.255,0.634,Atlantic,General,0,1,0
14.97,5.86,6.0,1.03,0.151,0.594,South China Sea,Perishables,0,0,0
16.7,32.04,6.0,2.27,0.071,0.388,English Channel,Automotive,0,1,0
20.8,5.77,8.0,0.05,0.153,0.389,Indian Ocean,Automotive,0,0,0
15.96,5.98,6.0,4.01,0.18,0.432,South China Sea,Chemicals,1,0,0
17.18,7.97,4.0,0.74,0.55,0.562,Red Sea,Electronics,0,0,0
12.81,0.5,4.0,8.7,0.115,0.145,Cape of Good Hope,Perishables,1,0,0
16.52,4.71,4.0,7.26,0.692,0.318,Strait of Malacca,Chemicals,1,0,0
11.21,1.2,6.0,16.36,0.712,0.507,Strait of Malacca,Electronics,1,0,1
13.89,6.03,8.0,3.22,0.372,0.19,North Atlantic,Perishables,0,0,0
10.14,1.32,6.0,15.8,0.639,0.412,Arabian Sea,Perishables,1,0,1
13.0,0.88,2.0,0.16,0.302,0.325,Arabian Sea,General,0,0,0
17.78,17.19,8.0,2.55,0.059,0.434,Arabian Sea,Chemicals,0,0,0
11.67,0.4,4.0,0.95,0.209,0.186,Indian Ocean,Electronics,0,0,0
14.73,0.48,4.0,0.64,0.011,0.306,South China Sea,Automotive,0,0,0
9.14,0.14,2.0,2.97,0.105,0.563,Indian Ocean,Chemicals,0,0,0
14.98,2.14,2.0,12.95,0.657,0.763,Strait of Malacca,Chemicals,1,0,1
13.5,1.03,4.0,14.73,0.967,0.395,Red Sea,Electronics,1,0,1
16.28,2.61,4.0,4.2,0.017,0.502,Arabian Sea,Perishables,1,0,0
19.58,0.22,2.0,0.72,0.046,0.327,Mediterranean,General,0,0,0
10.36,4.82,6.0,6.13,0.107,0.557,Indian Ocean,Perishables,1,0,0
14.94,5.42,4.0,1.94,0.469,0.379,South China Sea,Electronics,0,0,0
11.79,21.82,6.0,1.06,0.001,0.034,North Atlantic,Electronics,0,0,0
13.23,1.37,8.0,0.52,0.461,0.413,South China Sea,Electronics,0,0,0
11.49,1.33,2.0,3.68,0.25,0.648,Pacific,Electronics,0,0,0
17.87,0.96,2.0,0.05,0.401,0.547,Suez Canal,Perishables,0,0,0
11.3,17.57,6.0,0.18,0.252,0.517,Open Ocean,General,0,0,0
12.12,10.09,4.0,2.63,0.328,0.024,Atlantic,General,0,0,0
11.19,1.12,4.0,14.82,0.668,0.18,Strait of Malacca,Chemicals,1,0,0
19.66,9.83,4.0,0.15,0.422,0.116,Suez Canal,Electronics,0,0,0
16.51,1.0,2.0,1.59,0.029,0.59,Arabian Sea,General,0,0,0
16.35,0.63,8.0,1.5,0.181,0.164,South China Sea,Perishables,0,0,0
11.93,0.09,6.0,22.81,0.621,0.204,Red Sea,Perishables,1,0,1
12.91,0.2,8.0,4.45,0.626,0.159,Strait of Malacca,General,1,0,0
17.99,0.15,8.0,0.25,0.044,0.27,Yellow Sea,Electronics,0,0,0
13.81,2.32,4.0,2.69,0.465,0.252,Mediterranean,General,0,0,0
13.75,1.47,6.0,0.0,0.214,0.237,Pacific,Chemicals,0,0,0
17.93,8.16,6.0,7.98,0.141,0.159,Arabian Sea,Perishables,1,0,0
12.95,0.29,2.0,7.74,0.989,0.309,Red Sea,Automotive,1,0,1
16.89,2.86,4.0,1.27,0.178,0.207,Open Ocean,Electronics,0,0,0
18.37,1.92,4.0,0.5,0.054,0.24,Cape of Good Hope,Automotive,0,0,0
14.36,10.65,4.0,2.58,0.094,0.128,North Atlantic,Electronics,0,0,0
10.57,5.29,6.0,16.42,0.616,0.18,Red Sea,General,1,0,0
17.07,2.39,8.0,1.8,0.106,0.135,North Atlantic,Automotive,0,0,0
19.83,0.58,4.0,1.42,0.307,0.34,Yellow Sea,Perishables,0,0,0
17.04,0.26,4.0,1.33,0.38,0.501,Strait of Malacca,Electronics,0,0,0
17.95,0.97,6.0,0.25,0.1,0.015,Pacific,Electronics,0,0,0
12.87,3.21,2.0,18.64,0.906,0.246,Suez Canal,General,1,0,1
13.83,9.6,4.0,0.14,0.153,0.109,Yellow Sea,Automotive,0,0,0
11.48,2.31,8.0,17.68,0.65,0.235,Strait of Malacca,Perishables,1,0,0
11.77,6.11,6.0,5.19,0.196,0.135,Yellow Sea,Chemicals,1,0,0
6.44,2.26,6.0,10.93,0.253,0.542,Indian Ocean,Automotive,1,0,0
16.24,2.19,6.0,35.48,0.683,0.187,Red Sea,Automotive,1,0,1
15.08,1.32,4.0,0.21,0.097,0.215,Mediterranean,Chemicals,0,0,0
15.61,0.61,2.0,15.04,0.706,0.179,Suez Canal,Electronics,1,0,0
13.75,0.66,2.0,2.76,0.016,0.432,North Atlantic,General,0,0,0
13.73,5.96,8.0,3.13,0.409,0.36,Suez Canal,Automotive,0,0,0
20.36,3.62,2.0,2.76,0.379,0.264,Strait of Malacca,Perishables,0,0,0
19.03,5.39,4.0,2.21,0.152,0.494,Yellow Sea,Perishables,0,0,0
9.07,1.24,2.0,2.34,0.089,0.109,North Atlantic,Chemicals,0,0,0
13.32,0.83,6.0,9.76,0.697,0.469,Red Sea,Chemicals,1,0,1
8.98,1.92,4.0,3.35,0.013,0.144,Mediterranean,Chemicals,0,0,0
11.18,4.4,6.0,5.06,0.676,0.206,Strait of Malacca,General,1,0,0
12.38,3.33,8.0,2.4,0.138,0.591,South China Sea,Automotive,0,0,0
8.09,3.02,2.0,0.27,0.102,0.256,Open Ocean,Chemicals,0,0,0
14.34,6.22,2.0,1.02,0.012,0.349,Arabian Sea,General,0,0,0
14.31,0.25,4.0,20.83,0.67,0.576,Strait of Malacca,Perishables,1,0,1
14.47,1.4,6.0,3.39,0.186,0.223,Pacific,Automotive,0,0,0
9.93,1.27,2.0,0.82,0.041,0.146,Pacific,Chemicals,0,0,0
17.81,3.62,2.0,0.21,0.229,0.131,Cape of Good Hope,General,0,0,0
12.76,7.41,8.0,5.37,0.275,0.233,Pacific,Chemicals,1,0,0
11.46,2.83,6.0,2.71,0.311,0.445,North Atlantic,Electronics,0,0,0
15.5,0.2,2.0,42.21,0.632,0.069,Strait of Malacca,Perishables,1,0,1
19.37,15.07,4.0,0.08,0.318,0.302,Red Sea,Electronics,0,0,0
9.91,0.79,8.0,3.71,0.059,0.3,Atlantic,Automotive,0,0,0
17.17,1.97,2.0,0.22,0.292,0.139,English Channel,Chemicals,0,0,0
13.03,1.3,6.0,2.34,0.224,0.301,South China Sea,Chemicals,0,0,0
18.18,0.65,2.0,1.7,0.521,0.137,Indian Ocean,Chemicals,0,0,0
13.41,2.9,4.0,36.2,0.719,0.138,Strait of Malacca,Electronics,1,0,1
21.39,10.49,8.0,0.69,0.171,0.239,Atlantic,Perishables,0,0,0
13.97,8.14,4.0,18.55,0.83,0.332,Red Sea,Chemicals,1,0,1
16.75,4.66,2.0,5.06,0.646,0.142,Pacific,Electronics,1,0,0
10.23,7.27,4.0,2.12,0.174,0.159,North Atlantic,General,0,0,0
16.16,6.7,2.0,10.81,0.73,0.123,Red Sea,Chemicals,1,0,0
17.11,2.0,4.0,1.85,0.21,0.129,Atlantic,General,0,0,0
10.68,1.79,6.0,1.76,0.027,0.055,North Atlantic,Electronics,0,0,0
13.11,2.74,4.0,0.24,0.324,0.36,Cape of Good Hope,Automotive,0,0,0
17.96,2.69,6.0,8.26,0.924,0.439,Red Sea,Perishables,1,0,1
16.36,0.71,4.0,0.39,0.283,0.684,Cape of Good Hope,Chemicals,0,0,0
13.29,0.15,2.0,14.1,0.507,0.383,Red Sea,Perishables,1,0,0
17.32,2.43,2.0,0.62,0.37,0.189,Arabian Sea,General,0,0,0
14.5,0.39,2.0,4.9,0.955,0.172,Red Sea,Perishables,1,0,0
14.02,1.89,8.0,0.37,0.174,0.293,English Channel,Automotive,0,0,0
16.49,7.34,6.0,7.56,0.109,0.166,Pacific,Perishables,1,0,0
16.58,5.04,6.0,8.21,0.421,0.016,Indian Ocean,Automotive,1,0,0
16.48,0.74,4.0,5.11,0.555,0.073,Suez Canal,Perishables,1,0,0
14.39,4.99,6.0,6.18,0.126,0.147,Indian Ocean,Electronics,1,0,0
11.75,1.33,4.0,52.75,0.893,0.15,Red Sea,General,1,0,1
21.56,0.22,8.0,7.31,0.91,0.427,Strait of Malacca,Electronics,1,0,1
13.79,0.88,6.0,1.6,0.285,0.045,Yellow Sea,Automotive,0,0,0
15.73,0.76,2.0,0.61,0.369,0.369,Yellow Sea,Electronics,0,0,0
18.55,1.66,8.0,0.85,0.449,0.255,Strait of Malacca,General,0,0,0
16.76,0.88,8.0,2.21,0.039,0.034,Pacific,Automotive,0,0,0
11.17,0.7,2.0,1.21,0.226,0.471,Open Ocean,General,0,0,0
7.84,21.29,8.0,9.03,0.048,0.109,Yellow Sea,Electronics,1,0,0
10.62,4.66,4.0,0.1,0.3,0.261,Indian Ocean,Chemicals,0,0,0
20.51,16.44,4.0,0.91,0.164,0.019,Mediterranean,Electronics,0,1,0
14.19,2.64,8.0,0.23,0.142,0.443,English Channel,Perishables,0,0,0
13.41,4.37,4.0,1.79,0.144,0.238,English Channel,Automotive,0,0,0
14.61,0.69,6.0,3.17,0.2,0.265,Mediterranean,Perishables,0,0,0
13.72,1.52,6.0,1.35,0.555,0.032,Strait of Malacca,General,0,0,0
13.85,6.85,6.0,1.3,0.218,0.116,Cape of Good Hope,Chemicals,0,0,0
11.69,2.17,4.0,0.88,0.17,0.185,North Atlantic,Automotive,0,0,0
13.87,0.95,4.0,2.59,0.15,0.347,Cape of Good Hope,General,0,0,0
13.65,1.44,6.0,1.68,0.045,0.253,English Channel,Perishables,0,0,0
22.2,4.91,6.0,3.54,0.056,0.706,Yellow Sea,Perishables,0,0,0
12.93,15.52,8.0,3.42,0.176,0.15,Strait of Malacca,Chemicals,0,0,0
16.32,12.23,8.0,2.28,0.017,0.139,Mediterranean,General,0,0,0
9.52,1.24,2.0,1.77,0.278,0.335,Arabian Sea,Perishables,0,0,0
15.93,2.77,4.0,0.98,0.559,0.139,Mediterranean,General,0,0,0
5.78,15.48,8.0,3.63,0.655,0.366,Suez Canal,Automotive,0,0,0
17.68,0.25,2.0,1.75,0.014,0.154,Atlantic,Automotive,0,0,0
15.79,22.94,6.0,0.06,0.481,0.359,Cape of Good Hope,Automotive,0,0,0
20.44,3.39,4.0,10.23,0.005,0.758,South China Sea,Automotive,1,0,0
12.92,6.6,6.0,26.21,0.828,0.365,Strait of Malacca,Chemicals,1,0,1
14.81,1.18,8.0,2.67,0.278,0.227,Mediterranean,Automotive,0,0,0
16.12,3.92,6.0,0.85,0.032,0.28,South China Sea,Electronics,0,0,0
13.53,3.52,4.0,2.41,0.177,0.284,Arabian Sea,Chemicals,0,0,0
14.32,1.6,2.0,3.44,0.031,0.165,English Channel,Automotive,0,0,0
14.01,7.39,4.0,0.99,0.021,0.058,Pacific,Chemicals,0,0,0
12.53,4.88,4.0,4.06,0.356,0.32,Mediterranean,General,1,0,0
12.66,5.64,4.0,0.31,0.033,0.133,Pacific,General,0,0,0
8.89,2.67,8.0,0.26,0.366,0.547,English Channel,Automotive,0,0,0
13.04,2.88,4.0,3.09,0.264,0.136,Suez Canal,Perishables,0,0,0
11.17,27.6,8.0,1.09,0.198,0.069,Strait of Malacca,General,0,0,0
10.24,1.36,2.0,9.26,0.764,0.295,Suez Canal,Perishables,1,0,0
13.2,7.92,4.0,0.54,0.372,0.182,South China Sea,General,0,0,0
12.84,1.53,2.0,2.5,0.001,0.211,Arabian Sea,Perishables,0,0,0
13.41,4.64,4.0,1.76,0.63,0.198,Strait of Malacca,Perishables,0,0,0
11.87,25.85,8.0,0.77,0.077,0.076,Arabian Sea,General,0,0,0
13.6,6.46,6.0,0.17,0.036,0.03,Open Ocean,Chemicals,0,0,0
12.29,0.91,4.0,9.25,0.126,0.201,Mediterranean,Perishables,1,0,0
11.05,2.61,2.0,6.6,0.253,0.394,Cape of Good Hope,General,1,0,0
12.43,0.35,2.0,7.85,0.405,0.312,Atlantic,Electronics,1,0,0
11.76,0.43,4.0,4.31,0.515,0.102,Open Ocean,Perishables,1,0,0
9.17,1.5,4.0,1.38,0.024,0.51,North Atlantic,Automotive,0,0,0
19.72,16.78,8.0,0.5,0.535,0.085,Mediterranean,Chemicals,0,0,0
16.63,4.68,4.0,3.5,0.262,0.368,Atlantic,General,0,0,0
9.87,7.65,4.0,3.57,0.49,0.182,Red Sea,Electronics,0,0,0
12.59,4.39,6.0,0.25,0.59,0.281,Suez Canal,General,0,0,0
12.46,5.33,8.0,0.24,0.143,0.049,North Atlantic,Automotive,0,0,0
11.22,0.04,6.0,0.38,0.324,0.232,Red Sea,Electronics,0,0,0
15.29,2.77,2.0,2.24,0.339,0.292,North Atlantic,Electronics,0,0,0
15.62,9.08,8.0,1.46,0.212,0.46,Arabian Sea,Chemicals,0,0,0
8.5,12.99,6.0,3.44,0.195,0.095,Indian Ocean,General,0,0,0
10.84,1.92,8.0,0.95,0.043,0.255,Indian Ocean,Electronics,0,0,0
18.35,3.42,4.0,0.57,0.426,0.097,Red Sea,Perishables,0,0,0
14.93,35.17,8.0,2.25,0.021,0.44,Indian Ocean,Chemicals,0,1,0
13.27,0.56,8.0,1.45,0.062,0.528,Indian Ocean,Chemicals,0,0,0
17.15,4.23,8.0,2.31,0.02,0.158,Cape of Good Hope,Perishables,0,0,0
14.76,0.24,2.0,0.71,0.583,0.421,Suez Canal,Perishables,0,0,0
13.95,0.64,6.0,5.74,0.168,0.716,Atlantic,Chemicals,1,0,0
12.28,4.98,6.0,1.46,0.366,0.195,Open Ocean,Automotive,0,0,0
12.56,6.05,6.0,2.57,0.111,0.017,Yellow Sea,Automotive,0,0,0
20.7,2.79,6.0,1.14,0.199,0.199,Open Ocean,Chemicals,0,0,0
9.53,22.91,8.0,15.9,0.863,0.661,Red Sea,General,1,0,1
18.45,0.3,2.0,9.85,0.93,0.285,Suez Canal,Automotive,1,0,1
17.01,3.95,2.0,0.76,0.118,0.336,Arabian Sea,Electronics,0,0,0
10.62,1.18,6.0,2.19,0.492,0.198,Suez Canal,Electronics,0,0,0
18.04,0.81,2.0,1.05,0.089,0.386,Indian Ocean,Automotive,0,0,0
14.82,6.19,8.0,1.44,0.09,0.322,Mediterranean,General,0,0,0
16.6,2.09,4.0,1.26,0.254,0.079,Cape of Good Hope,Automotive,0,0,0
15.39,6.08,2.0,5.25,0.449,0.119,North Atlantic,General,1,0,0
14.43,0.34,2.0,0.02,0.055,0.338,South China Sea,General,0,0,0
11.16,0.58,2.0,5.51,0.241,0.277,English Channel,Electronics,1,0,0
16.9,0.57,2.0,0.98,0.027,0.265,Arabian Sea,Perishables,0,0,0
14.11,0.05,2.0,6.16,0.153,0.114,Strait of Malacca,Electronics,1,0,0
15.02,0.94,2.0,1.37,0.278,0.236,Indian Ocean,Automotive,0,0,0
12.27,2.64,6.0,5.5,0.278,0.477,Mediterranean,General,1,0,0
15.38,4.69,4.0,0.49,0.064,0.386,Cape of Good Hope,Automotive,0,0,0
15.37,1.42,6.0,2.12,0.267,0.411,Arabian Sea,Perishables,0,0,0
15.86,7.48,4.0,0.11,0.319,0.108,Pacific,General,0,0,0
13.46,4.49,4.0,0.66,0.242,0.432,Indian Ocean,Chemicals,0,0,0
20.2,14.59,8.0,3.42,0.269,0.193,Red Sea,Automotive,0,0,0
16.69,4.2,8.0,1.79,0.395,0.126,Yellow Sea,General,0,0,0
10.26,2.54,6.0,1.43,0.058,0.13,Indian Ocean,Chemicals,0,0,0
16.73,0.4,8.0,2.74,0.059,0.126,South China Sea,General,0,0,0
11.99,2.41,4.0,2.36,0.217,0.112,English Channel,Automotive,0,0,0
12.16,1.74,2.0,0.93,0.039,0.465,South China Sea,General,0,0,0
16.91,6.36,8.0,0.95,0.054,0.168,South China Sea,Chemicals,0,0,0
15.16,0.51,4.0,5.39,0.771,0.266,Strait of Malacca,Electronics,1,0,0
16.4,4.49,4.0,1.9,0.131,0.166,Cape of Good Hope,Chemicals,0,0,0
16.92,5.23,8.0,0.74,0.39,0.512,Strait of Malacca,Chemicals,0,0,0
13.26,3.36,2.0,14.07,0.764,0.074,South China Sea,Perishables,1,0,0
14.25,0.26,4.0,0.18,0.082,0.168,English Channel,Automotive,0,0,0
13.15,1.49,2.0,2.88,0.063,0.221,Pacific,Electronics,0,0,0
16.05,3.19,6.0,3.13,0.301,0.595,Yellow Sea,Electronics,0,0,0
18.87,8.82,2.0,1.19,0.108,0.282,English Channel,Perishables,0,1,0
17.55,6.81,8.0,0.25,0.358,0.358,Open Ocean,Perishables,0,0,0
8.9,1.57,6.0,9.22,0.69,0.26,Strait of Malacca,Electronics,1,0,0
15.58,4.72,2.0,2.31,0.01,0.114,North Atlantic,General,0,0,0
15.59,12.37,6.0,1.17,0.34,0.326,Cape of Good Hope,General,0,0,0
12.38,8.33,4.0,0.98,0.227,0.214,South China Sea,Perishables,0,0,0
20.3,8.9,6.0,1.28,0.463,0.208,Arabian Sea,Chemicals,0,0,0
18.55,1.52,4.0,36.39,0.823,0.198,Strait of Malacca,General,1,0,1
16.34,7.85,6.0,3.59,0.022,0.429,Pacific,General,0,0,0
16.53,11.21,6.0,2.65,0.166,0.101,South China Sea,Automotive,0,0,0
14.37,9.63,8.0,0.05,0.099,0.319,English Channel,Chemicals,0,0,0
9.79,1.22,2.0,1.27,0.273,0.495,Atlantic,Electronics,0,0,0
15.73,12.97,8.0,2.57,0.435,0.128,Mediterranean,General,0,0,0
14.47,4.1,6.0,0.03,0.099,0.233,Atlantic,Chemicals,0,0,0
16.45,1.55,4.0,0.34,0.526,0.228,Mediterranean,General,0,0,0
15.59,0.04,8.0,19.12,0.831,0.181,Red Sea,General,1,0,1
10.66,5.09,8.0,0.1,0.037,0.314,Open Ocean,Perishables,0,0,0
12.61,0.62,4.0,0.48,0.38,0.655,Strait of Malacca,Automotive,0,0,0
13.27,3.01,2.0,1.24,0.272,0.363,Yellow Sea,General,0,0,0
10.93,0.54,2.0,0.73,0.592,0.24,Strait of Malacca,Perishables,0,0,0
13.36,0.8,2.0,0.67,0.22,0.172,Cape of Good Hope,General,0,0,0
17.41,9.66,6.0,5.28,0.091,0.41,Cape of Good Hope,Perishables,1,0,0
9.83,5.58,4.0,0.18,0.387,0.429,English Channel,Electronics,0,0,0
18.69,5.18,6.0,4.71,0.033,0.287,Yellow Sea,Perishables,1,0,0
10.46,0.7,6.0,5.29,0.528,0.369,Pacific,Chemicals,1,0,0
14.21,1.47,2.0,0.66,0.006,0.282,Mediterranean,Perishables,0,0,0
13.08,2.35,4.0,2.36,0.046,0.245,Indian Ocean,Automotive,0,0,0
12.82,0.05,8.0,0.0,0.179,0.334,English Channel,Automotive,0,0,0
12.57,13.46,6.0,1.17,0.306,0.578,South China Sea,Electronics,0,0,0
15.09,0.37,8.0,5.7,0.013,0.179,Yellow Sea,Automotive,1,0,0
9.34,0.44,2.0,1.26,0.077,0.277,South China Sea,Chemicals,0,0,0
18.22,6.05,6.0,2.06,0.185,0.298,Yellow Sea,Chemicals,0,0,0
11.1,0.88,8.0,1.37,0.129,0.528,Cape of Good Hope,Perishables,0,0,0
18.42,0.71,2.0,1.01,0.348,0.398,English Channel,General,0,0,0
12.94,3.62,2.0,18.33,0.721,0.438,Strait of Malacca,Automotive,1,0,1
16.51,3.89,2.0,27.82,0.399,0.744,Atlantic,Perishables,1,0,1
19.22,7.47,4.0,3.2,0.181,0.298,Atlantic,Chemicals,0,0,0
11.43,43.48,8.0,4.33,0.081,0.374,Open Ocean,Electronics,1,1,0
15.29,19.09,6.0,3.96,0.161,0.412,Pacific,Electronics,0,0,0
14.49,15.17,4.0,0.01,0.488,0.054,Yellow Sea,Chemicals,0,0,0
12.2,25.02,8.0,0.77,0.055,0.285,Arabian Sea,General,0,0,0
10.84,3.62,4.0,0.34,0.003,0.123,Indian Ocean,General,0,0,0
14.68,0.86,8.0,3.32,0.099,0.197,Arabian Sea,Electronics,0,0,0
15.29,0.58,4.0,4.41,0.084,0.534,Open Ocean,General,1,0,0
13.93,2.21,8.0,1.63,0.146,0.256,Pacific,General,0,0,0
14.94,3.03,2.0,2.66,0.238,0.239,Open Ocean,Perishables,0,0,0
18.48,2.9,2.0,1.2,0.584,0.388,Mediterranean,Automotive,0,0,0
14.29,0.98,2.0,55.61,0.687,0.208,Strait of Malacca,Automotive,1,0,1
13.7,3.83,2.0,1.88,0.112,0.539,Mediterranean,General,0,0,0
16.69,2.07,2.0,1.7,0.29,0.356,Cape of Good Hope,Automotive,0,0,0
15.44,3.73,4.0,4.35,0.152,0.188,Atlantic,Perishables,1,0,0
12.86,3.03,2.0,3.79,0.441,0.052,Suez Canal,Chemicals,0,0,0
15.05,0.29,2.0,0.14,0.092,0.361,Cape of Good Hope,General,0,0,0
17.54,1.36,4.0,0.39,0.041,0.155,Pacific,Electronics,0,0,0
9.05,3.83,4.0,1.13,0.023,0.201,Cape of Good Hope,Automotive,0,0,0
18.15,1.7,2.0,4.66,0.295,0.172,Indian Ocean,Automotive,1,0,0
14.95,5.94,4.0,0.88,0.349,0.081,North Atlantic,Automotive,0,0,0
10.86,16.78,4.0,0.39,0.146,0.225,Yellow Sea,Automotive,0,1,0
10.17,0.53,2.0,3.36,0.163,0.133,Cape of Good Hope,Chemicals,0,0,0
9.96,0.2,2.0,0.34,0.316,0.199,Strait of Malacca,Automotive,0,0,0
15.23,1.42,4.0,0.92,0.101,0.19,English Channel,Chemicals,0,0,0
15.15,2.42,8.0,3.63,0.066,0.207,Pacific,Chemicals,0,0,0
14.82,0.39,6.0,0.01,0.304,0.245,English Channel,Automotive,0,0,0
10.04,1.2,4.0,0.33,0.132,0.441,Yellow Sea,Automotive,0,0,0
13.43,3.35,2.0,1.4,0.092,0.079,South China Sea,Automotive,0,0,0
16.52,4.56,4.0,0.59,0.085,0.175,Indian Ocean,Perishables,0,0,0
13.57,2.76,4.0,18.68,0.937,0.171,Suez Canal,Perishables,1,0,1
7.97,1.57,2.0,12.25,0.156,0.398,Pacific,Electronics,1,0,0
12.16,2.46,2.0,0.15,0.311,0.205,Pacific,Electronics,0,0,0
14.59,10.44,6.0,1.3,0.146,0.175,Red Sea,Electronics,0,0,0
14.37,1.89,2.0,25.53,0.832,0.183,Suez Canal,General,1,0,1
14.71,11.37,8.0,1.38,0.394,0.299,Pacific,Chemicals,0,0,0
16.53,5.94,2.0,0.1,0.497,0.108,Open Ocean,General,0,0,0
16.3,1.3,2.0,2.67,0.24,0.104,North Atlantic,Perishables,0,0,0
13.01,2.89,4.0,0.28,0.291,0.056,Pacific,Automotive,0,0,0
13.99,3.44,6.0,0.7,0.12,0.322,Pacific,Electronics,0,0,0
13.69,3.3,4.0,0.16,0.344,0.306,Indian Ocean,Electronics,0,0,0
11.47,0.66,6.0,1.15,0.11,0.139,Atlantic,Chemicals,0,0,0
11.85,5.35,4.0,7.11,0.923,0.507,Red Sea,Automotive,1,0,1
14.48,2.88,4.0,1.3,0.154,0.257,Atlantic,Automotive,0,0,0
16.32,2.09,4.0,0.64,0.376,0.138,English Channel,Perishables,0,0,0
9.72,2.99,4.0,0.31,0.1,0.369,Cape of Good Hope,Automotive,0,0,0
13.05,4.47,8.0,26.45,0.057,0.774,English Channel,Automotive,1,0,0
14.93,0.84,8.0,2.13,0.249,0.366,Mediterranean,General,0,0,0
13.66,3.18,8.0,0.36,0.162,0.149,English Channel,General,0,0,0
17.93,1.41,8.0,3.3,0.572,0.031,Yellow Sea,Perishables,0,0,0
10.98,0.88,2.0,0.39,0.19,0.489,Pacific,General,0,0,0
10.67,4.06,6.0,1.63,0.106,0.051,Atlantic,Automotive,0,0,0
18.79,14.14,4.0,2.68,0.271,0.256,Yellow Sea,General,0,0,0
19.87,1.29,6.0,0.79,0.401,0.357,Atlantic,Electronics,0,0,0
14.25,8.99,6.0,1.91,0.125,0.135,Yellow Sea,General,0,0,0
11.6,0.76,2.0,2.37,0.1,0.496,Mediterranean,Perishables,0,0,0
11.91,0.77,4.0,1.03,0.53,0.209,North Atlantic,General,0,0,0
13.67,1.41,2.0,3.35,0.062,0.274,Arabian Sea,General,0,0,0
16.66,1.95,8.0,11.63,0.8,0.18,Strait of Malacca,Electronics,1,0,0
17.97,19.9,6.0,5.54,0.117,0.268,Indian Ocean,Chemicals,1,0,0
11.47,3.04,4.0,4.22,0.027,0.323,Indian Ocean,Electronics,1,0,0
12.77,4.93,4.0,12.42,0.857,0.252,Suez Canal,Perishables,1,0,1
17.65,1.9,2.0,2.85,0.083,0.587,Yellow Sea,General,0,0,0
13.63,8.41,8.0,1.48,0.039,0.264,Mediterranean,Chemicals,0,0,0
18.99,4.35,2.0,3.03,0.023,0.067,Pacific,Electronics,0,0,0
13.35,0.3,2.0,3.55,0.011,0.194,Open Ocean,Automotive,0,0,0
15.33,11.33,6.0,2.38,0.161,0.281,Pacific,Perishables,0,0,0
9.73,0.25,4.0,2.89,0.18,0.163,North Atlantic,General,0,0,0
11.24,2.79,6.0,2.62,0.559,0.352,Atlantic,Chemicals,0,0,0
10.05,9.79,4.0,0.2,0.148,0.196,Yellow Sea,Automotive,0,0,0
11.45,1.45,4.0,1.03,0.005,0.168,Pacific,Chemicals,0,0,0
14.37,1.45,2.0,0.86,0.379,0.256,Atlantic,Perishables,0,0,0
15.03,0.78,2.0,2.93,0.558,0.678,Arabian Sea,Automotive,0,0,0
11.25,15.49,6.0,2.61,0.295,0.215,Atlantic,Automotive,0,0,0
10.87,2.11,4.0,1.75,0.235,0.292,Yellow Sea,Chemicals,0,0,0
13.9,0.17,2.0,0.62,0.052,0.181,Mediterranean,General,0,0,0
11.99,3.11,6.0,6.73,0.013,0.332,Open Ocean,Automotive,1,0,0
15.47,24.0,8.0,0.14,0.024,0.308,North Atlantic,Electronics,0,0,0
14.44,3.96,6.0,2.65,0.309,0.401,Atlantic,Chemicals,0,0,0
15.59,0.2,4.0,3.26,0.09,0.231,North Atlantic,Electronics,0,0,0
11.86,1.0,4.0,2.17,0.187,0.52,South China Sea,General,0,0,0
14.03,2.68,6.0,1.78,0.296,0.481,Open Ocean,Perishables,0,0,0
9.56,0.29,2.0,3.42,0.035,0.3,Arabian Sea,General,0,0,0
15.01,3.12,8.0,0.36,0.024,0.627,Arabian Sea,Automotive,0,0,0
13.01,4.03,8.0,1.9,0.463,0.132,North Atlantic,Chemicals,0,0,0
17.03,8.58,4.0,1.7,0.327,0.113,Indian Ocean,General,0,0,0
11.82,1.92,2.0,8.28,0.314,0.133,Yellow Sea,Electronics,1,0,0
11.86,5.74,6.0,2.81,0.008,0.69,Yellow Sea,General,0,0,0
15.42,0.07,2.0,0.62,0.048,0.192,North Atlantic,General,0,0,0
17.93,0.38,2.0,0.68,0.033,0.293,Mediterranean,Electronics,0,0,0
10.28,0.22,2.0,0.89,0.01,0.395,South China Sea,Perishables,0,0,0
16.75,1.24,6.0,4.0,0.075,0.119,North Atlantic,Electronics,0,0,0
14.22,7.34,6.0,8.26,0.837,0.147,Suez Canal,Perishables,1,0,0
14.47,5.26,6.0,5.89,0.156,0.264,South China Sea,Automotive,1,0,0
14.59,2.19,2.0,2.91,0.094,0.572,North Atlantic,Automotive,0,0,0
12.94,0.43,4.0,0.15,0.034,0.388,North Atlantic,Electronics,0,0,0
12.88,3.37,8.0,22.3,0.605,0.263,Atlantic,Automotive,1,0,1
16.56,4.23,4.0,1.84,0.24,0.113,Cape of Good Hope,Chemicals,0,0,0
14.36,2.24,2.0,5.44,0.923,0.22,Red Sea,Electronics,1,0,0
15.7,4.48,8.0,4.55,0.489,0.411,Suez Canal,Perishables,1,0,0
11.37,2.8,8.0,3.92,0.128,0.273,Yellow Sea,General,0,0,0
10.0,3.82,4.0,0.42,0.115,0.409,North Atlantic,General,0,0,0
15.47,3.4,4.0,4.5,0.209,0.41,Arabian Sea,Perishables,1,0,0
14.39,9.2,6.0,0.31,0.262,0.074,Cape of Good Hope,Perishables,0,0,0
15.32,7.78,8.0,0.43,0.178,0.304,Indian Ocean,Electronics,0,0,0
20.36,3.27,8.0,0.38,0.438,0.399,Strait of Malacca,Electronics,0,0,0
13.58,4.07,8.0,0.57,0.546,0.395,Red Sea,Chemicals,0,0,0
17.92,4.72,6.0,1.77,0.1,0.541,Mediterranean,Electronics,0,0,0
11.54,20.38,8.0,31.66,0.655,0.414,Strait of Malacca,Perishables,1,0,1
14.42,1.06,2.0,1.2,0.039,0.348,Arabian Sea,Chemicals,0,0,0
16.38,0.89,2.0,10.84,0.233,0.749,Mediterranean,Perishables,1,0,0
13.99,2.32,2.0,0.44,0.206,0.582,South China Sea,Electronics,0,0,0
11.61,7.0,6.0,0.27,0.12,0.197,Cape of Good Hope,General,0,0,0
10.57,0.12,2.0,1.6,0.56,0.386,South China Sea,Perishables,0,0,0
15.09,1.86,6.0,0.33,0.161,0.261,Pacific,Perishables,0,0,0
16.54,0.03,2.0,5.85,0.606,0.111,Yellow Sea,Electronics,1,0,0
12.96,4.22,4.0,0.55,0.049,0.247,Mediterranean,Automotive,0,0,0
9.85,2.88,8.0,2.28,0.412,0.31,Indian Ocean,General,0,0,0
9.92,5.98,4.0,0.67,0.041,0.215,Mediterranean,Perishables,0,0,0
14.49,8.02,4.0,1.45,0.014,0.444,South China Sea,Chemicals,0,0,0
15.44,1.61,4.0,9.51,0.406,0.78,Mediterranean,Electronics,1,0,0
17.73,2.26,6.0,0.92,0.175,0.288,Atlantic,Perishables,0,0,0
13.66,0.67,6.0,1.17,0.086,0.064,Indian Ocean,Perishables,0,0,0
14.75,12.17,8.0,1.69,0.188,0.026,Indian Ocean,Electronics,0,0,0
13.74,5.56,4.0,3.18,0.136,0.604,Yellow Sea,Chemicals,0,0,0
12.44,1.42,6.0,2.77,0.226,0.459,Red Sea,Perishables,0,0,0
11.07,0.45,8.0,2.13,0.465,0.356,Strait of Malacca,Automotive,0,0,0
11.38,3.34,4.0,0.7,0.018,0.175,Indian Ocean,Automotive,0,0,0
10.75,2.81,4.0,2.24,0.015,0.597,Atlantic,Perishables,0,0,0
10.09,4.16,4.0,0.63,0.229,0.272,North Atlantic,General,0,0,0
10.77,4.88,2.0,0.97,0.203,0.12,North Atlantic,Chemicals,0,0,0
13.8,0.7,2.0,0.16,0.163,0.645,Mediterranean,Perishables,0,0,0
14.06,0.23,2.0,1.66,0.193,0.384,Arabian Sea,General,0,0,0
15.53,0.19,6.0,88.61,0.883,0.126,Suez Canal,Chemicals,1,0,2
14.7,10.91,6.0,0.49,0.072,0.03,Indian Ocean,Chemicals,0,0,0
17.58,0.87,2.0,2.75,0.278,0.345,Strait of Malacca,Perishables,0,0,0
12.81,1.32,6.0,0.24,0.399,0.329,Suez Canal,Chemicals,0,0,0
15.97,5.68,2.0,0.97,0.235,0.478,Arabian Sea,Automotive,0,0,0
10.82,2.29,8.0,0.28,0.218,0.12,Indian Ocean,Automotive,0,0,0
13.8,16.16,6.0,0.48,0.204,0.178,North Atlantic,Chemicals,0,0,0
20.7,15.2,8.0,0.54,0.036,0.225,Yellow Sea,Automotive,0,0,0
10.55,1.25,2.0,8.95,0.388,0.206,Mediterranean,Perishables,1,0,0
12.41,3.57,4.0,1.95,0.251,0.343,Red Sea,Chemicals,0,0,0
7.16,15.52,6.0,4.31,0.806,0.468,Strait of Malacca,Electronics,1,0,1
13.16,5.11,2.0,0.26,0.245,0.274,Arabian Sea,Automotive,0,0,0
10.33,0.53,4.0,5.04,0.645,0.311,Strait of Malacca,Perishables,1,0,0
14.86,3.65,6.0,0.61,0.189,0.086,English Channel,Chemicals,0,0,0
16.87,1.47,6.0,1.21,0.491,0.166,Open Ocean,Perishables,0,0,0
10.76,4.63,2.0,5.73,0.103,0.338,Indian Ocean,General,1,0,0
14.88,0.53,4.0,1.34,0.091,0.111,English Channel,General,0,0,0
11.33,1.24,2.0,4.35,0.762,0.044,Red Sea,General,1,0,0
13.05,4.77,8.0,1.1,0.064,0.146,Mediterranean,General,0,0,0
13.18,10.26,4.0,9.39,0.742,0.344,Red Sea,General,1,0,0
13.81,6.25,2.0,6.67,0.543,0.393,Mediterranean,Automotive,1,0,0
15.58,0.86,6.0,1.4,0.455,0.379,Red Sea,General,0,0,0
10.17,8.84,4.0,1.5,0.019,0.198,Open Ocean,Chemicals,0,0,0
19.16,0.41,2.0,2.87,0.362,0.445,Arabian Sea,Chemicals,0,0,0
13.02,18.07,4.0,2.76,0.424,0.303,Pacific,Chemicals,0,1,0
17.53,6.39,2.0,8.01,0.145,0.733,South China Sea,Automotive,1,0,0
16.0,7.28,4.0,1.91,0.314,0.074,Arabian Sea,General,0,0,0
14.03,2.54,8.0,3.09,0.241,0.207,Cape of Good Hope,Chemicals,0,0,0
13.54,9.87,6.0,0.25,0.166,0.221,Pacific,Automotive,0,0,0
11.09,3.71,2.0,2.38,0.77,0.352,Red Sea,General,0,0,0
13.25,10.58,8.0,1.4,0.594,0.144,Strait of Malacca,Perishables,0,0,0
20.48,4.57,6.0,0.45,0.145,0.124,North Atlantic,Electronics,0,0,0
17.72,0.49,2.0,1.44,0.136,0.073,English Channel,Electronics,0,0,0
14.19,9.87,6.0,2.29,0.05,0.047,English Channel,Automotive,0,0,0
15.23,3.17,8.0,0.06,0.1,0.18,Cape of Good Hope,Electronics,0,0,0
14.64,3.0,4.0,3.85,0.468,0.39,Suez Canal,Perishables,0,0,0
11.83,4.77,4.0,0.55,0.064,0.135,Arabian Sea,Perishables,0,0,0
15.19,16.61,8.0,2.77,0.045,0.277,Yellow Sea,Electronics,0,0,0
14.61,0.45,2.0,0.95,0.135,0.224,North Atlantic,Chemicals,0,0,0
12.4,0.8,2.0,1.47,0.264,0.003,Atlantic,General,0,0,0
16.47,13.09,6.0,9.12,0.008,0.108,Atlantic,Perishables,1,0,0
18.32,2.26,2.0,3.29,0.376,0.223,North Atlantic,Chemicals,0,0,0
20.04,0.73,4.0,0.31,0.19,0.552,Pacific,Perishables,0,0,0
22.0,11.23,6.0,1.13,0.424,0.603,Open Ocean,Chemicals,0,0,0
14.19,2.11,2.0,0.96,0.053,0.184,Indian Ocean,Automotive,0,0,0
12.41,6.5,8.0,1.53,0.143,0.292,South China Sea,Chemicals,0,0,0
14.05,1.48,8.0,7.41,0.685,0.121,Suez Canal,Electronics,1,0,0
17.32,0.5,4.0,3.04,0.069,0.272,Pacific,Electronics,0,0,0
17.03,0.89,2.0,22.22,0.744,0.043,Red Sea,Electronics,1,0,0
11.37,3.31,2.0,1.44,0.258,0.579,English Channel,Chemicals,0,0,0
13.44,7.47,8.0,3.59,0.037,0.452,Atlantic,Chemicals,0,0,0
13.19,4.28,2.0,0.94,0.115,0.467,Open Ocean,Electronics,0,0,0
13.91,15.34,8.0,0.59,0.903,0.661,Strait of Malacca,Electronics,0,0,1
13.52,6.24,6.0,0.19,0.49,0.19,Indian Ocean,Chemicals,0,0,0
19.09,1.73,4.0,0.12,0.245,0.509,Arabian Sea,Electronics,0,0,0
9.54,0.76,2.0,0.33,0.309,0.184,Pacific,Automotive,0,0,0
13.25,15.64,8.0,2.26,0.116,0.004,South China Sea,Electronics,0,0,0
17.58,0.19,2.0,0.58,0.42,0.333,Indian Ocean,Chemicals,0,0,0
11.79,0.2,2.0,1.42,0.076,0.128,Yellow Sea,Electronics,0,0,0
10.96,1.98,4.0,6.43,0.458,0.614,Yellow Sea,Perishables,1,0,0
11.19,3.33,2.0,7.26,0.702,0.561,Strait of Malacca,Chemicals,1,0,1
12.54,2.47,6.0,4.13,0.089,0.178,Mediterranean,Chemicals,1,0,0
10.99,0.91,2.0,0.28,0.582,0.334,English Channel,Automotive,0,0,0
11.19,6.12,4.0,12.21,0.749,0.253,Strait of Malacca,Perishables,1,0,0
12.39,1.55,2.0,1.95,0.054,0.505,North Atlantic,General,0,0,0
13.84,2.64,6.0,0.41,0.066,0.219,Yellow Sea,General,0,0,0
9.38,3.06,6.0,4.53,0.113,0.343,North Atlantic,Chemicals,1,0,0
11.4,0.39,8.0,0.69,0.038,0.362,English Channel,General,0,0,0
13.35,0.1,2.0,13.41,0.779,0.097,Strait of Malacca,Chemicals,1,0,0
11.39,1.22,2.0,0.17,0.53,0.15,Suez Canal,General,0,0,0
13.74,3.17,2.0,0.58,0.005,0.098,Arabian Sea,General,0,0,0
9.03,1.18,2.0,0.4,0.001,0.146,English Channel,Automotive,0,0,0
8.33,1.97,4.0,1.15,0.032,0.098,Indian Ocean,Perishables,0,0,0
13.55,1.14,6.0,0.6,0.165,0.331,Mediterranean,Perishables,0,0,0
8.24,0.85,2.0,0.48,0.492,0.147,Yellow Sea,Automotive,0,0,0
16.09,1.44,6.0,2.44,0.654,0.266,Cape of Good Hope,Automotive,0,0,0
16.22,1.99,8.0,56.7,0.786,0.202,Suez Canal,Electronics,1,0,1
10.34,25.86,6.0,2.0,0.515,0.061,Arabian Sea,Perishables,0,1,0
10.77,0.81,4.0,1.62,0.531,0.283,Yellow Sea,General,0,0,0
12.89,3.74,4.0,3.01,0.158,0.572,Mediterranean,Electronics,0,0,0
13.15,1.59,6.0,11.14,0.159,0.21,Indian Ocean,Chemicals,1,0,0
10.77,27.47,6.0,0.26,0.016,0.104,Pacific,Perishables,0,1,0
10.4,0.81,2.0,3.77,0.107,0.331,North Atlantic,General,0,0,0
17.1,0.66,2.0,22.2,0.746,0.565,Suez Canal,Chemicals,1,0,1
10.87,0.03,4.0,4.71,0.241,0.223,Pacific,Automotive,1,0,0
17.04,0.68,2.0,3.08,0.31,0.186,North Atlantic,Automotive,0,0,0
16.35,1.47,4.0,1.78,0.042,0.076,Indian Ocean,General,0,0,0
16.05,7.14,2.0,8.34,0.397,0.365,South China Sea,Chemicals,1,0,0
8.87,5.64,6.0,1.15,0.069,0.258,Yellow Sea,Perishables,0,0,0
13.08,6.53,8.0,0.15,0.189,0.223,English Channel,Automotive,0,0,0
13.85,2.0,8.0,0.88,0.475,0.152,Yellow Sea,General,0,0,0
12.81,14.66,8.0,1.69,0.776,0.163,Red Sea,Electronics,0,0,0
12.28,5.49,8.0,0.34,0.165,0.291,Open Ocean,General,0,0,0
10.13,2.39,6.0,29.04,0.036,0.707,English Channel,Automotive,1,0,0
14.8,0.99,4.0,1.84,0.188,0.329,English Channel,Electronics,0,0,0
16.48,0.42,2.0,1.78,0.074,0.526,Mediterranean,General,0,0,0
13.58,0.2,2.0,0.64,0.268,0.072,Pacific,Automotive,0,0,0
13.05,1.35,4.0,0.58,0.04,0.077,Open Ocean,General,0,0,0
14.18,2.73,2.0,2.98,0.041,0.218,North Atlantic,Electronics,0,0,0
8.42,3.78,4.0,5.94,0.017,0.283,Open Ocean,Automotive,1,0,0
10.97,0.92,4.0,4.01,0.573,0.519,Atlantic,General,1,0,0
19.12,0.94,2.0,3.04,0.077,0.166,Yellow Sea,Automotive,0,0,0
17.26,14.26,4.0,0.58,0.412,0.383,Open Ocean,Perishables,0,0,0
18.64,0.9,8.0,3.13,0.255,0.086,Indian Ocean,General,0,0,0
14.87,0.6,4.0,3.76,0.029,0.048,South China Sea,Chemicals,0,0,0
19.94,12.25,4.0,1.26,0.527,0.282,Strait of Malacca,Automotive,0,0,0
16.4,2.31,2.0,1.6,0.011,0.695,Yellow Sea,Perishables,0,0,0
12.5,0.45,4.0,0.31,0.038,0.091,North Atlantic,Perishables,0,0,0
0.6,4.11,2.0,7.26,0.543,0.129,Strait of Malacca,Perishables,1,0,0
20.83,2.38,2.0,49.28,0.672,0.12,Suez Canal,General,1,0,1
15.51,2.97,4.0,0.1,0.416,0.406,Yellow Sea,General,0,0,0
12.36,0.56,2.0,0.73,0.254,0.172,South China Sea,Electronics,0,0,0
18.39,0.85,8.0,2.48,0.423,0.333,Strait of Malacca,Electronics,0,0,0
17.09,7.97,8.0,0.28,0.004,0.348,Indian Ocean,Perishables,0,0,0
15.91,13.94,8.0,0.1,0.45,0.427,Indian Ocean,General,0,0,0
9.27,3.19,4.0,3.14,0.632,0.378,Red Sea,Automotive,0,0,0
13.69,8.57,6.0,22.17,0.786,0.272,Suez Canal,Chemicals,1,0,1
14.76,2.35,4.0,11.58,0.806,0.133,Suez Canal,Electronics,1,0,0
16.91,4.24,4.0,5.6,0.183,0.188,Cape of Good Hope,Perishables,1,0,0
13.92,0.24,6.0,1.35,0.099,0.112,North Atlantic,Perishables,0,0,0
13.88,3.2,4.0,0.03,0.261,0.437,Yellow Sea,General,0,0,0
14.38,7.71,4.0,2.4,0.008,0.045,English Channel,Chemicals,0,0,0
14.29,2.75,2.0,3.84,0.149,0.126,Atlantic,General,0,0,0
17.18,0.13,2.0,3.26,0.591,0.191,Red Sea,Electronics,0,0,0
15.02,3.19,2.0,4.43,0.299,0.335,Indian Ocean,Automotive,1,0,0
11.66,1.74,4.0,0.11,0.09,0.376,South China Sea,Electronics,0,0,0
17.33,2.31,2.0,2.13,0.166,0.297,Yellow Sea,General,0,0,0
12.19,5.39,4.0,0.44,0.16,0.047,Strait of Malacca,General,0,0,0
9.96,1.44,6.0,2.52,0.009,0.035,Arabian Sea,Automotive,0,0,0
12.82,11.8,8.0,1.47,0.224,0.319,Mediterranean,Perishables,0,0,0
14.92,0.82,4.0,0.6,0.231,0.25,Atlantic,Automotive,0,0,0
15.29,1.22,6.0,9.43,0.859,0.244,Suez Canal,General,1,0,0
19.69,1.94,6.0,1.74,0.009,0.192,North Atlantic,Automotive,0,0,0
17.33,2.01,2.0,11.05,0.791,0.354,Mediterranean,Perishables,1,0,1
14.88,2.77,4.0,2.59,0.78,0.174,Strait of Malacca,Electronics,0,0,0
13.26,1.79,2.0,0.61,0.188,0.14,Pacific,Automotive,0,0,0
18.52,0.59,2.0,1.31,0.578,0.281,Pacific,General,0,0,0
10.31,0.27,4.0,7.05,0.646,0.205,Red Sea,Electronics,1,0,0
13.31,7.3,2.0,14.85,0.935,0.22,Suez Canal,General,1,0,1
11.33,1.08,4.0,3.78,0.633,0.217,Atlantic,Chemicals,0,0,0
11.6,0.16,2.0,0.15,0.028,0.368,Indian Ocean,General,0,0,0
16.06,0.78,2.0,4.19,0.132,0.531,English Channel,Perishables,1,0,0
13.96,0.04,8.0,7.88,0.241,0.434,Mediterranean,General,1,0,0
16.22,10.22,8.0,2.7,0.019,0.253,Cape of Good Hope,Automotive,0,0,0
14.95,3.27,6.0,1.2,0.031,0.212,Cape of Good Hope,Chemicals,0,0,0
15.55,2.77,6.0,5.36,0.075,0.119,Pacific,Electronics,1,0,0
13.93,13.94,4.0,15.76,0.851,0.239,Strait of Malacca,General,1,0,1
11.15,17.82,8.0,2.47,0.494,0.046,Suez Canal,Chemicals,0,0,0
20.78,1.79,4.0,6.12,0.758,0.256,Suez Canal,General,1,0,0
14.24,1.68,2.0,0.46,0.12,0.04,Cape of Good Hope,Perishables,0,0,0
16.83,21.58,8.0,0.16,0.051,0.397,Open Ocean,Electronics,0,0,0
11.48,0.76,2.0,2.57,0.262,0.081,Red Sea,General,0,0,0
12.24,2.76,8.0,20.69,0.798,0.383,Suez Canal,Automotive,1,0,1
15.61,3.66,4.0,1.63,0.106,0.322,Pacific,Automotive,0,0,0
19.21,0.69,8.0,1.65,0.104,0.281,Pacific,Automotive,0,0,0
17.08,7.45,8.0,5.01,0.159,0.044,Cape of Good Hope,General,1,0,0
14.85,0.97,2.0,3.09,0.041,0.266,Mediterranean,General,0,0,0
11.49,1.06,2.0,0.14,0.112,0.405,Pacific,Automotive,0,0,0
16.39,3.83,4.0,39.72,0.848,0.222,Red Sea,Electronics,1,0,1
14.74,1.88,4.0,1.96,0.058,0.325,South China Sea,General,0,0,0
14.88,0.33,4.0,2.35,0.244,0.27,English Channel,Automotive,0,0,0
10.66,10.95,8.0,0.46,0.013,0.176,Cape of Good Hope,Chemicals,0,0,0
14.17,2.33,6.0,10.03,0.027,0.215,North Atlantic,General,1,0,0
13.93,3.82,6.0,1.05,0.09,0.064,Cape of Good Hope,General,0,0,0
14.0,0.06,2.0,0.67,0.297,0.448,Yellow Sea,Electronics,0,0,0
20.6,1.23,2.0,1.18,0.208,0.283,Red Sea,Perishables,0,0,0
15.77,29.23,8.0,2.64,0.436,0.198,Pacific,Automotive,0,0,0
16.25,1.73,2.0,1.47,0.441,0.171,Open Ocean,Chemicals,0,0,0
11.6,3.19,2.0,0.57,0.189,0.272,Indian Ocean,Perishables,0,0,0
16.48,5.16,8.0,1.13,0.018,0.121,Indian Ocean,General,0,0,0
14.66,20.36,8.0,0.31,0.261,0.278,English Channel,Chemicals,0,0,0
13.87,9.95,4.0,0.56,0.138,0.13,Mediterranean,Automotive,0,0,0
13.6,21.63,8.0,2.06,0.319,0.238,Suez Canal,Automotive,0,0,0
15.26,4.12,4.0,3.95,0.026,0.342,Pacific,Electronics,0,0,0
14.2,0.3,4.0,1.77,0.157,0.169,English Channel,Perishables,0,0,0
14.65,35.71,8.0,1.48,0.245,0.241,Atlantic,Electronics,0,1,0
11.84,18.46,6.0,2.95,0.286,0.627,Pacific,Automotive,0,0,0
15.87,5.96,2.0,4.36,0.182,0.314,South China Sea,Chemicals,1,0,0
11.54,0.91,6.0,1.08,0.16,0.145,English Channel,General,0,0,0
13.5,41.0,8.0,0.71,0.009,0.349,Arabian Sea,Automotive,0,1,0
4.06,5.86,8.0,12.02,0.244,0.228,South China Sea,Chemicals,1,0,0
15.16,0.37,4.0,1.85,0.236,0.463,Cape of Good Hope,Automotive,0,0,0
11.84,13.33,8.0,0.58,0.122,0.067,Indian Ocean,Automotive,0,0,0
18.04,30.29,6.0,1.11,0.484,0.254,Pacific,General,0,1,0
12.19,7.37,6.0,0.17,0.234,0.529,Mediterranean,Chemicals,0,0,0
14.36,8.38,2.0,8.29,0.861,0.49,Red Sea,Automotive,1,1,1
12.29,4.33,8.0,2.76,0.554,0.536,Indian Ocean,Automotive,0,0,0
14.7,0.4,2.0,1.21,0.224,0.6,South China Sea,Chemicals,0,0,0
15.56,5.09,8.0,0.6,0.284,0.124,Cape of Good Hope,Chemicals,0,0,0
15.53,0.75,4.0,1.28,0.545,0.075,Suez Canal,General,0,0,0
12.25,3.13,2.0,0.04,0.167,0.334,Indian Ocean,Electronics,0,0,0
15.95,13.63,6.0,8.68,0.441,0.597,Suez Canal,Electronics,1,0,0
13.83,2.94,6.0,1.08,0.491,0.255,South China Sea,Perishables,0,0,0
9.86,0.92,2.0,0.41,0.158,0.511,English Channel,Electronics,0,0,0
13.9,5.3,8.0,0.77,0.4,0.354,Strait of Malacca,General,0,0,0
17.83,1.21,4.0,39.31,0.742,0.109,Red Sea,Chemicals,1,0,1
11.59,4.63,8.0,4.1,0.002,0.154,Open Ocean,Electronics,1,0,0
8.44,1.3,4.0,19.89,0.748,0.029,Suez Canal,Perishables,1,0,1
15.02,1.78,4.0,0.82,0.09,0.341,Mediterranean,Perishables,0,0,0
15.53,4.82,6.0,0.87,0.333,0.385,Arabian Sea,Electronics,0,0,0
11.58,0.87,2.0,0.36,0.046,0.054,Atlantic,Perishables,0,0,0
14.72,1.21,2.0,3.27,0.002,0.111,Atlantic,Perishables,0,0,0
11.1,2.9,6.0,17.43,0.787,0.337,Suez Canal,Electronics,1,0,1
15.56,12.44,8.0,0.64,0.01,0.068,Arabian Sea,Electronics,0,0,0
17.95,6.1,8.0,1.45,0.33,0.26,Atlantic,Chemicals,0,0,0
17.6,1.3,2.0,2.2,0.041,0.508,Pacific,Perishables,0,0,0
20.35,3.54,8.0,0.04,0.449,0.347,Red Sea,General,0,0,0
13.31,2.61,6.0,5.49,0.081,0.391,Mediterranean,General,1,0,0
11.75,0.29,2.0,1.47,0.716,0.166,Strait of Malacca,Automotive,0,0,0
12.95,22.05,4.0,0.46,0.098,0.642,Atlantic,Electronics,0,1,0
17.77,3.19,6.0,3.02,0.846,0.16,Red Sea,Perishables,0,0,0
11.98,4.17,8.0,5.7,0.395,0.166,Pacific,Automotive,1,0,0
13.87,5.39,6.0,3.27,0.357,0.287,Atlantic,Chemicals,0,0,0
16.81,9.97,6.0,0.07,0.13,0.138,Pacific,General,0,0,0
15.74,14.64,6.0,1.42,0.122,0.155,Open Ocean,Automotive,0,0,0
11.97,2.06,2.0,16.07,0.953,0.11,Strait of Malacca,Perishables,1,0,1
11.52,0.07,4.0,0.14,0.525,0.238,Red Sea,Perishables,0,0,0
11.09,5.96,4.0,2.26,0.668,0.533,Red Sea,Chemicals,0,0,0
14.91,0.86,8.0,2.29,0.115,0.328,Indian Ocean,Perishables,0,0,0
16.26,0.69,8.0,6.14,0.032,0.728,English Channel,Automotive,1,0,0
8.61,7.91,4.0,1.91,0.059,0.066,Atlantic,Electronics,0,0,0
19.11,14.61,4.0,6.8,0.153,0.032,South China Sea,Perishables,1,0,0
14.16,7.71,6.0,6.43,0.501,0.241,Atlantic,Automotive,1,0,0
18.34,26.05,6.0,0.8,0.509,0.251,North Atlantic,Chemicals,0,1,0
14.5,1.97,2.0,2.17,0.198,0.207,North Atlantic,Perishables,0,0,0
13.4,3.05,6.0,4.78,0.134,0.254,English Channel,General,1,0,0
18.66,3.28,8.0,1.56,0.034,0.127,Arabian Sea,Perishables,0,0,0
13.99,3.23,8.0,2.97,0.212,0.505,Arabian Sea,General,0,0,0
20.19,3.05,4.0,0.08,0.022,0.302,Indian Ocean,Perishables,0,0,0
9.62,2.04,4.0,0.06,0.065,0.287,Mediterranean,General,0,0,0
12.38,1.75,4.0,1.22,0.227,0.337,Yellow Sea,Perishables,0,0,0
17.41,1.42,4.0,69.03,0.701,0.755,Strait of Malacca,Perishables,1,0,2
10.12,7.65,4.0,1.07,0.2,0.368,Indian Ocean,Electronics,0,0,0
16.39,0.34,2.0,2.06,0.055,0.278,Yellow Sea,General,0,0,0
8.59,1.13,2.0,2.75,0.084,0.096,Yellow Sea,Perishables,0,0,0
18.68,16.11,8.0,1.43,0.018,0.334,Arabian Sea,Electronics,0,0,0
11.05,0.31,4.0,0.41,0.584,0.23,Red Sea,General,0,0,0
17.95,0.8,2.0,4.77,0.021,0.334,Arabian Sea,Automotive,1,0,0
13.97,5.12,2.0,1.07,0.123,0.236,Arabian Sea,Chemicals,0,0,0
15.81,1.38,4.0,2.75,0.54,0.155,Mediterranean,General,0,0,0
13.8,5.3,6.0,0.46,0.46,0.208,Indian Ocean,Automotive,0,0,0
16.86,1.99,2.0,1.87,0.18,0.381,Yellow Sea,General,0,0,0
13.71,8.69,4.0,17.73,0.895,0.153,Red Sea,Electronics,1,0,1
9.11,6.06,2.0,0.12,0.192,0.111,Atlantic,Automotive,0,0,0
10.39,0.61,8.0,0.81,0.259,0.178,Mediterranean,Chemicals,0,0,0
13.03,0.54,2.0,3.85,0.259,0.496,Indian Ocean,Chemicals,0,0,0
10.41,6.96,6.0,0.38,0.489,0.186,Indian Ocean,Electronics,0,0,0
19.66,0.63,4.0,1.29,0.129,0.338,Atlantic,Perishables,0,0,0
11.74,1.13,8.0,4.14,0.188,0.308,Mediterranean,Automotive,1,0,0
11.66,1.74,8.0,4.0,0.329,0.128,English Channel,Automotive,1,0,0
13.74,11.95,8.0,0.34,0.222,0.059,Open Ocean,Electronics,0,0,0
16.17,0.37,4.0,3.8,0.021,0.52,Arabian Sea,General,0,0,0
10.2,2.75,2.0,4.26,0.001,0.196,Atlantic,General,1,0,0
13.46,6.29,6.0,3.69,0.4,0.121,Strait of Malacca,Automotive,0,0,0
12.61,6.63,2.0,3.56,0.826,0.311,Suez Canal,Perishables,0,0,0
17.05,1.86,4.0,6.36,0.062,0.532,Yellow Sea,Electronics,1,0,0
18.46,4.46,8.0,3.1,0.169,0.446,Indian Ocean,Automotive,0,0,0
14.86,0.94,2.0,0.32,0.016,0.065,Cape of Good Hope,Chemicals,0,0,0
16.42,9.21,8.0,0.2,0.039,0.12,Open Ocean,General,0,0,0
17.94,6.16,4.0,2.42,0.091,0.395,North Atlantic,Automotive,0,0,0
14.98,6.68,8.0,0.07,0.233,0.298,South China Sea,Automotive,0,0,0
12.62,0.57,2.0,2.13,0.296,0.248,Red Sea,Perishables,0,0,0
12.03,6.2,4.0,4.17,0.571,0.184,Suez Canal,Electronics,1,0,0
13.66,1.71,8.0,4.05,0.265,0.068,Suez Canal,Automotive,1,0,0
13.15,2.79,8.0,2.62,0.233,0.35,Open Ocean,Chemicals,0,0,0
12.38,6.73,2.0,0.51,0.416,0.342,Yellow Sea,Electronics,0,0,0
9.53,0.32,4.0,0.29,0.296,0.33,Suez Canal,Chemicals,0,0,0
12.02,4.0,8.0,7.04,0.342,0.317,Open Ocean,Electronics,1,0,0
12.84,2.7,8.0,1.53,0.069,0.198,South China Sea,Chemicals,0,0,0
15.68,1.04,2.0,1.04,0.215,0.171,Yellow Sea,Electronics,0,0,0
12.95,4.72,6.0,1.06,0.232,0.457,Mediterranean,General,0,0,0
15.0,2.09,8.0,2.89,0.52,0.292,Arabian Sea,Chemicals,0,0,0
8.26,7.03,6.0,0.65,0.222,0.077,South China Sea,Electronics,0,0,0
13.42,0.84,2.0,3.24,0.574,0.453,Suez Canal,General,0,0,0
4.92,4.99,4.0,2.44,0.228,0.259,Suez Canal,General,0,0,0
11.86,1.35,8.0,3.64,0.164,0.165,Pacific,Electronics,0,0,0
17.13,2.44,6.0,25.93,0.698,0.18,Suez Canal,Chemicals,1,0,1
14.84,3.81,4.0,0.93,0.076,0.395,Mediterranean,Automotive,0,0,0
13.72,3.43,4.0,4.22,0.166,0.279,Pacific,Electronics,1,0,0
13.3,0.21,6.0,0.0,0.029,0.31,Pacific,General,0,0,0
12.57,12.12,4.0,4.65,0.215,0.059,Indian Ocean,Perishables,1,0,0
18.23,6.11,4.0,0.85,0.471,0.146,Pacific,General,0,0,0
15.17,0.16,4.0,3.83,0.091,0.457,South China Sea,General,0,0,0
14.6,2.06,2.0,3.49,0.033,0.411,Yellow Sea,Chemicals,0,0,0
14.71,1.41,4.0,20.98,0.042,0.598,Arabian Sea,Chemicals,1,0,0
18.06,6.02,8.0,3.56,0.055,0.107,Arabian Sea,General,0,0,0
11.86,1.08,2.0,3.74,0.637,0.039,Red Sea,General,0,0,0
17.15,0.22,2.0,1.7,0.405,0.394,Atlantic,General,0,0,0
13.85,19.3,8.0,0.24,0.501,0.398,Atlantic,Chemicals,0,0,0
16.43,8.67,8.0,62.42,0.848,0.288,Strait of Malacca,Electronics,1,0,2
13.0,5.52,2.0,1.15,0.363,0.389,Cape of Good Hope,Perishables,0,0,0
13.94,0.0,2.0,0.38,0.124,0.546,North Atlantic,Electronics,0,0,0
13.04,20.97,6.0,0.69,0.242,0.048,Open Ocean,Electronics,0,0,0
18.05,15.56,6.0,0.96,0.121,0.334,Pacific,General,0,0,0
14.64,0.08,6.0,0.37,0.224,0.215,Pacific,Automotive,0,0,0
12.78,4.23,2.0,0.19,0.393,0.08,Atlantic,Perishables,0,0,0
13.66,0.54,8.0,1.24,0.398,0.176,Open Ocean,Chemicals,0,0,0
13.99,1.63,4.0,12.82,0.018,0.126,North Atlantic,Automotive,1,0,0
18.99,0.18,8.0,1.0,0.334,0.255,Arabian Sea,Automotive,0,0,0
6.86,5.88,4.0,3.54,0.103,0.333,Cape of Good Hope,Perishables,0,0,0
16.24,5.85,6.0,2.16,0.142,0.309,Indian Ocean,Chemicals,0,0,0
13.39,3.28,2.0,0.11,0.428,0.204,English Channel,Chemicals,0,0,0
13.31,9.61,4.0,0.74,0.025,0.456,Pacific,Chemicals,0,0,0
10.76,0.86,4.0,5.51,0.209,0.476,Pacific,Automotive,1,0,0
11.67,0.32,2.0,0.55,0.11,0.356,Arabian Sea,General,0,0,0
20.97,0.96,2.0,22.99,0.736,0.132,Strait of Malacca,Perishables,1,0,0
6.83,0.27,4.0,23.03,0.681,0.347,Indian Ocean,Electronics,1,0,1
15.37,7.64,6.0,0.38,0.109,0.271,Pacific,General,0,0,0
10.72,1.7,2.0,5.56,0.758,0.752,Red Sea,Electronics,1,0,1
14.41,0.01,6.0,1.45,0.417,0.135,Arabian Sea,Automotive,0,0,0
16.01,15.04,8.0,1.89,0.35,0.187,Atlantic,General,0,0,0
11.64,0.09,4.0,23.1,0.75,0.341,Red Sea,Electronics,1,0,1
12.98,0.18,2.0,0.61,0.194,0.475,Arabian Sea,Electronics,0,0,0
10.13,6.71,4.0,1.54,0.538,0.556,Strait of Malacca,General,0,0,0
10.56,1.08,6.0,0.92,0.158,0.268,Yellow Sea,Perishables,0,0,0
17.78,0.46,2.0,0.37,0.003,0.171,Mediterranean,Electronics,0,0,0
14.01,4.94,6.0,3.13,0.136,0.34,Indian Ocean,Automotive,0,0,0
15.96,0.71,8.0,1.45,0.083,0.303,Arabian Sea,Chemicals,0,0,0
12.95,11.71,2.0,1.21,0.173,0.207,Pacific,General,0,1,0
14.31,22.48,8.0,2.05,0.535,0.508,Indian Ocean,Chemicals,0,0,0
11.41,0.57,4.0,35.46,0.673,0.146,Strait of Malacca,Automotive,1,0,1
19.47,1.04,4.0,11.56,0.112,0.251,English Channel,Automotive,1,0,0
13.18,28.4,8.0,4.16,0.456,0.321,Red Sea,General,1,0,0
11.42,0.39,8.0,0.47,0.039,0.282,Atlantic,General,0,0,0
9.16,2.22,6.0,6.59,0.843,0.375,Strait of Malacca,Electronics,1,0,1
9.51,1.15,4.0,2.08,0.021,0.54,Pacific,Chemicals,0,0,0
12.57,0.9,6.0,0.76,0.061,0.369,Yellow Sea,Electronics,0,0,0
15.67,1.03,2.0,15.46,0.824,0.495,Suez Canal,General,1,0,1
13.34,2.79,8.0,2.08,0.159,0.084,Indian Ocean,Automotive,0,0,0
14.3,1.84,8.0,1.33,0.392,0.426,Arabian Sea,Perishables,0,0,0
14.78,0.1,6.0,1.48,0.009,0.091,North Atlantic,General,0,0,0
9.41,0.49,2.0,0.69,0.147,0.175,Indian Ocean,Automotive,0,0,0
14.71,11.11,4.0,0.11,0.036,0.263,Open Ocean,Chemicals,0,0,0
14.48,0.74,2.0,0.92,0.062,0.103,Indian Ocean,General,0,0,0
12.6,3.48,6.0,2.75,0.027,0.521,Open Ocean,Automotive,0,0,0
18.32,4.19,4.0,3.39,0.028,0.217,Indian Ocean,Electronics,0,0,0
10.13,3.81,2.0,1.1,0.21,0.247,Cape of Good Hope,Electronics,0,0,0
18.76,1.25,4.0,0.71,0.149,0.376,Open Ocean,Perishables,0,0,0
12.2,2.13,2.0,2.02,0.129,0.628,North Atlantic,Chemicals,0,0,0
12.67,4.01,2.0,2.66,0.384,0.333,Cape of Good Hope,Chemicals,0,0,0
14.72,6.55,6.0,0.43,0.142,0.233,Atlantic,Chemicals,0,0,0
16.09,6.1,6.0,3.36,0.022,0.177,Atlantic,Chemicals,0,0,0
14.25,11.89,8.0,0.94,0.422,0.099,Suez Canal,Electronics,0,0,0
18.16,0.6,2.0,1.4,0.25,0.272,Mediterranean,Automotive,0,0,0
9.41,2.44,8.0,1.33,0.091,0.29,North Atlantic,Perishables,0,0,0
16.28,3.93,6.0,3.05,0.035,0.56,Yellow Sea,General,0,0,0
15.17,9.16,4.0,0.18,0.488,0.368,Red Sea,Electronics,0,0,0
12.34,25.78,4.0,0.04,0.135,0.176,Atlantic,Perishables,0,1,0
16.12,2.09,8.0,0.11,0.109,0.656,Yellow Sea,Automotive,0,0,0
14.38,0.09,4.0,0.92,0.088,0.138,Yellow Sea,Chemicals,0,0,0
16.36,4.0,2.0,1.13,0.084,0.214,Mediterranean,Perishables,0,0,0
13.63,0.21,2.0,2.89,0.266,0.35,English Channel,Perishables,0,0,0
15.16,24.62,4.0,6.35,0.079,0.184,South China Sea,General,1,1,0
13.03,7.84,2.0,5.0,0.768,0.088,Suez Canal,General,1,0,0
13.1,1.58,4.0,2.47,0.311,0.199,North Atlantic,Electronics,0,0,0
12.14,2.94,4.0,3.11,0.255,0.387,Arabian Sea,General,0,0,0
8.79,4.34,4.0,12.28,0.289,0.376,Atlantic,Chemicals,1,0,0
13.72,3.68,8.0,6.08,0.826,0.079,Red Sea,Electronics,1,0,0
16.51,3.32,8.0,25.97,0.669,0.054,Strait of Malacca,Chemicals,1,0,0
15.0,1.97,2.0,0.16,0.152,0.302,Indian Ocean,Electronics,0,0,0
5.26,7.73,4.0,13.72,0.625,0.229,Strait of Malacca,Chemicals,1,0,0
12.51,11.24,6.0,2.86,0.473,0.347,Indian Ocean,Electronics,0,0,0
8.31,12.87,8.0,1.97,0.104,0.381,Arabian Sea,General,0,0,0
10.16,2.21,2.0,0.25,0.187,0.105,Mediterranean,General,0,0,0
11.41,1.09,6.0,1.63,0.346,0.459,Cape of Good Hope,Automotive,0,0,0
13.47,3.47,8.0,0.86,0.5,0.166,Arabian Sea,Automotive,0,0,0
11.97,2.97,2.0,0.36,0.423,0.101,Arabian Sea,Electronics,0,0,0
13.74,5.25,8.0,20.03,0.654,0.421,Red Sea,Perishables,1,0,1
9.92,1.09,2.0,0.12,0.196,0.313,Indian Ocean,Chemicals,0,0,0
15.18,3.69,8.0,2.43,0.398,0.112,Cape of Good Hope,Automotive,0,0,0
12.41,13.76,8.0,3.21,0.062,0.231,Cape of Good Hope,Automotive,0,0,0
14.85,0.86,2.0,3.12,0.075,0.102,Open Ocean,Chemicals,0,0,0
19.1,3.27,6.0,0.79,0.038,0.379,Yellow Sea,General,0,0,0
11.19,0.12,2.0,2.53,0.04,0.103,South China Sea,General,0,0,0
15.99,2.74,8.0,4.27,0.392,0.307,Atlantic,Perishables,1,0,0
16.09,2.44,2.0,0.8,0.294,0.132,Suez Canal,Electronics,0,0,0
10.7,0.76,6.0,5.41,0.848,0.214,Red Sea,Chemicals,1,0,0
13.83,3.67,8.0,2.76,0.005,0.114,Open Ocean,Automotive,0,0,0
11.28,2.79,6.0,1.03,0.017,0.161,Pacific,Chemicals,0,0,0
12.83,1.68,4.0,10.27,0.582,0.337,Mediterranean,Automotive,1,0,0
18.14,7.1,6.0,0.89,0.233,0.207,North Atlantic,Automotive,0,0,0
19.99,3.46,8.0,4.17,0.199,0.234,Atlantic,Perishables,1,0,0
9.32,1.55,8.0,3.37,0.122,0.043,Arabian Sea,Chemicals,0,0,0
12.32,0.08,2.0,2.97,0.121,0.209,South China Sea,Electronics,0,0,0
9.18,15.08,4.0,0.88,0.274,0.438,English Channel,Perishables,0,0,0
10.98,9.65,4.0,1.01,0.542,0.267,North Atlantic,Perishables,0,0,0
13.65,2.22,6.0,0.2,0.014,0.117,Arabian Sea,General,0,0,0
16.15,4.17,2.0,6.42,0.227,0.005,Mediterranean,General,1,0,0
15.33,1.89,6.0,1.54,0.2,0.323,Yellow Sea,Electronics,0,0,0
14.02,0.5,2.0,4.53,0.093,0.226,English Channel,Chemicals,1,0,0
13.86,9.85,2.0,2.36,0.017,0.081,Mediterranean,General,0,1,0
15.28,2.62,4.0,0.65,0.246,0.292,English Channel,General,0,0,0
14.75,1.17,6.0,4.04,0.025,0.16,Cape of Good Hope,Automotive,1,0,0
14.05,5.58,6.0,11.37,0.249,0.772,Cape of Good Hope,Electronics,1,0,0
11.3,2.41,6.0,0.75,0.033,0.188,Mediterranean,Electronics,0,0,0
19.29,6.38,4.0,14.85,0.927,0.206,Suez Canal,General,1,0,1
15.13,4.29,8.0,0.73,0.167,0.025,Pacific,Electronics,0,0,0
11.93,0.11,4.0,3.94,0.273,0.162,Suez Canal,Perishables,0,0,0
13.85,12.55,6.0,1.69,0.044,0.031,North Atlantic,Automotive,0,0,0
14.26,2.99,2.0,0.99,0.029,0.37,English Channel,Automotive,0,0,0
15.73,0.67,4.0,1.63,0.057,0.028,Mediterranean,Electronics,0,0,0
9.14,1.55,8.0,3.32,0.252,0.335,Pacific,Perishables,0,0,0
14.68,0.55,8.0,2.43,0.411,0.285,Open Ocean,General,0,0,0
21.62,6.61,6.0,3.16,0.178,0.497,Suez Canal,Chemicals,0,0,0
15.28,4.87,6.0,3.71,0.131,0.548,Open Ocean,General,0,0,0
14.42,34.09,8.0,6.96,0.192,0.379,Pacific,Perishables,1,1,0
12.02,2.97,4.0,0.75,0.061,0.113,Indian Ocean,Electronics,0,0,0
20.97,0.41,2.0,6.14,0.701,0.059,English Channel,Automotive,1,0,0
15.75,13.61,8.0,6.26,0.135,0.129,North Atlantic,Chemicals,1,0,0
16.23,7.43,6.0,3.37,0.124,0.195,Cape of Good Hope,Automotive,0,0,0
14.22,1.05,6.0,0.26,0.172,0.243,Mediterranean,Chemicals,0,0,0
11.26,3.15,2.0,1.47,0.036,0.293,Pacific,Electronics,0,0,0
15.84,4.25,2.0,12.53,0.766,0.091,English Channel,Automotive,1,0,0
13.7,2.1,2.0,0.35,0.205,0.348,Indian Ocean,General,0,0,0
15.94,0.06,2.0,46.68,0.712,0.424,Suez Canal,Electronics,1,0,1
15.47,0.17,8.0,0.32,0.345,0.169,Open Ocean,Chemicals,0,0,0
13.46,9.91,4.0,7.12,0.379,0.355,Indian Ocean,Chemicals,1,0,0
6.0,6.8,6.0,14.68,0.044,0.103,Atlantic,Electronics,1,0,0
15.74,2.36,2.0,0.04,0.045,0.267,English Channel,Chemicals,0,0,0
11.08,15.89,6.0,3.67,0.086,0.191,North Atlantic,Automotive,0,0,0
23.26,1.38,6.0,27.28,0.736,0.213,Red Sea,Automotive,1,0,1
15.6,2.59,2.0,5.88,0.179,0.405,Open Ocean,Electronics,1,0,0
14.52,9.52,8.0,2.44,0.467,0.258,Red Sea,Electronics,0,0,0
15.23,8.26,8.0,0.02,0.211,0.208,Cape of Good Hope,General,0,0,0
15.34,9.64,8.0,2.59,0.109,0.282,Atlantic,Automotive,0,0,0
19.64,0.17,4.0,3.72,0.643,0.056,Suez Canal,Electronics,0,0,0
20.26,19.32,6.0,23.92,0.696,0.153,Suez Canal,Electronics,1,0,0
7.66,1.83,2.0,3.65,0.212,0.483,North Atlantic,General,0,0,0
17.48,6.16,6.0,5.8,0.138,0.135,Strait of Malacca,Perishables,1,0,0
17.46,1.78,4.0,0.81,0.005,0.125,Pacific,Automotive,0,0,0
7.85,0.38,6.0,17.42,0.205,0.483,Pacific,Automotive,1,0,0
9.62,2.96,8.0,0.93,0.033,0.423,South China Sea,Automotive,0,0,0
17.87,4.57,6.0,2.63,0.587,0.562,Strait of Malacca,Automotive,0,0,0
14.85,4.19,6.0,20.7,0.819,0.145,Red Sea,Automotive,1,0,1
16.5,2.18,2.0,0.67,0.097,0.371,Yellow Sea,General,0,0,0
8.7,3.42,8.0,3.28,0.066,0.727,Indian Ocean,Chemicals,0,0,0
11.01,9.4,8.0,1.39,0.085,0.164,Arabian Sea,Perishables,0,0,0
12.6,11.93,6.0,7.43,0.393,0.424,Suez Canal,Perishables,1,0,0
6.9,0.57,8.0,1.42,0.562,0.2,Red Sea,Electronics,0,0,0
21.06,0.52,6.0,0.83,0.597,0.022,Suez Canal,General,0,0,0
16.6,1.01,6.0,0.56,0.544,0.292,Strait of Malacca,General,0,0,0
12.44,0.95,2.0,3.95,0.428,0.064,North Atlantic,Perishables,0,0,0
15.22,2.85,2.0,6.89,0.912,0.311,Suez Canal,Automotive,1,0,1
18.57,10.73,4.0,2.67,0.063,0.346,Arabian Sea,Perishables,0,0,0
11.9,0.69,4.0,5.8,0.097,0.173,Mediterranean,Perishables,1,0,0
15.7,7.94,8.0,3.41,0.023,0.056,Yellow Sea,Perishables,0,0,0
10.62,6.76,8.0,0.23,0.589,0.325,Suez Canal,Automotive,0,0,0
16.82,0.18,2.0,1.36,0.002,0.177,Indian Ocean,Chemicals,0,0,0
12.48,2.03,4.0,0.53,0.617,0.226,Indian Ocean,Electronics,0,0,0
13.08,8.6,8.0,2.35,0.256,0.094,Yellow Sea,Automotive,0,0,0
11.02,8.13,6.0,1.0,0.103,0.174,Mediterranean,Chemicals,0,0,0
12.66,7.42,4.0,0.95,0.122,0.085,Mediterranean,Electronics,0,0,0
11.18,11.58,6.0,0.99,0.146,0.26,Indian Ocean,Electronics,0,0,0
9.47,12.24,8.0,0.0,0.396,0.154,Open Ocean,Electronics,0,0,0
16.01,1.17,4.0,1.27,0.307,0.122,Strait of Malacca,Chemicals,0,0,0
16.14,15.43,8.0,0.29,0.554,0.093,Pacific,General,0,0,0
14.32,6.57,8.0,2.25,0.056,0.096,Yellow Sea,Chemicals,0,0,0
8.69,1.1,2.0,1.99,0.225,0.18,South China Sea,Chemicals,0,0,0
14.46,2.86,6.0,0.01,0.022,0.644,Mediterranean,Perishables,0,0,0
16.89,0.19,2.0,6.87,0.441,0.072,Indian Ocean,General,1,0,0
13.64,0.92,6.0,4.78,0.559,0.098,Suez Canal,Perishables,1,0,0
18.65,0.81,4.0,32.75,0.628,0.051,Suez Canal,Chemicals,1,0,1
14.45,7.35,8.0,1.9,0.047,0.423,Cape of Good Hope,General,0,0,0
12.67,8.25,4.0,1.3,0.027,0.092,Yellow Sea,Electronics,0,0,0
16.3,1.42,2.0,0.42,0.237,0.697,North Atlantic,Electronics,0,0,0
8.8,0.47,6.0,1.51,0.48,0.329,Yellow Sea,General,0,0,0
12.71,1.89,6.0,17.29,0.453,0.539,Strait of Malacca,Chemicals,1,0,0
15.05,2.34,6.0,1.49,0.059,0.113,North Atlantic,Perishables,0,0,0
17.04,0.45,2.0,1.76,0.076,0.25,Indian Ocean,Electronics,0,0,0
14.34,1.3,2.0,3.31,0.474,0.205,Open Ocean,Chemicals,0,0,0
19.54,0.07,2.0,2.01,0.366,0.522,Cape of Good Hope,Electronics,0,0,0
14.88,0.69,2.0,0.78,0.095,0.167,Indian Ocean,Chemicals,0,0,0
14.43,1.78,2.0,0.51,0.008,0.242,Atlantic,General,0,0,0
19.16,6.36,8.0,0.08,0.075,0.232,Atlantic,Chemicals,0,0,0
14.01,2.54,4.0,0.99,0.004,0.245,Pacific,Automotive,0,0,0
17.1,1.04,8.0,3.14,0.267,0.053,North Atlantic,Chemicals,0,0,0
12.62,2.11,4.0,2.04,0.078,0.353,Cape of Good Hope,Chemicals,0,0,0
17.9,8.24,6.0,7.3,0.003,0.082,Cape of Good Hope,General,1,0,0
10.65,0.92,2.0,7.54,0.196,0.266,Mediterranean,Automotive,1,0,0
15.25,10.17,4.0,0.11,0.161,0.05,Pacific,Automotive,0,0,0
17.74,1.12,8.0,1.19,0.115,0.073,Arabian Sea,Chemicals,0,0,0
14.57,13.01,8.0,1.67,0.057,0.203,Atlantic,Automotive,0,0,0
12.74,7.98,8.0,3.58,0.803,0.401,Suez Canal,General,0,0,0
8.15,4.96,4.0,25.59,0.845,0.492,Red Sea,General,1,0,1
14.59,11.95,8.0,2.67,0.033,0.279,North Atlantic,General,0,0,0
20.57,1.16,2.0,0.2,0.283,0.12,Atlantic,Automotive,0,0,0
15.91,4.07,2.0,2.82,0.039,0.134,Mediterranean,Electronics,0,0,0
17.41,7.62,8.0,1.02,0.363,0.067,Suez Canal,Automotive,0,0,0
13.03,5.2,8.0,2.71,0.077,0.403,Yellow Sea,Electronics,0,0,0
13.59,0.05,8.0,3.72,0.295,0.208,South China Sea,General,0,0,0
15.36,0.17,2.0,3.04,0.201,0.054,Cape of Good Hope,Electronics,0,0,0
19.8,1.4,6.0,5.66,0.078,0.376,Atlantic,General,1,0,0
17.25,5.72,4.0,11.55,0.819,0.224,Strait of Malacca,Perishables,1,0,0
5.37,1.25,4.0,2.4,0.151,0.092,Indian Ocean,Chemicals,0,0,0
15.0,2.99,6.0,4.76,0.223,0.128,Mediterranean,Chemicals,1,0,0
16.93,1.0,4.0,24.03,0.707,0.437,Red Sea,Perishables,1,0,1
13.96,9.16,8.0,0.1,0.004,0.119,Open Ocean,Automotive,0,0,0
10.36,2.22,4.0,13.01,0.638,0.108,Suez Canal,General,1,0,0
17.96,0.3,4.0,15.25,0.748,0.357,Strait of Malacca,Electronics,1,0,1
15.71,3.79,8.0,1.2,0.191,0.199,South China Sea,General,0,0,0
10.07,2.09,4.0,1.99,0.06,0.478,Yellow Sea,General,0,0,0
17.83,16.51,8.0,1.84,0.083,0.654,Cape of Good Hope,General,0,0,0
11.72,4.1,6.0,2.08,0.009,0.497,Atlantic,Chemicals,0,0,0
15.01,7.53,8.0,0.13,0.001,0.462,Atlantic,Chemicals,0,0,0
17.11,1.35,2.0,3.82,0.354,0.061,Arabian Sea,Chemicals,0,0,0
11.94,10.37,8.0,3.9,0.486,0.107,Pacific,Automotive,0,0,0
18.58,0.38,2.0,0.06,0.063,0.511,South China Sea,General,0,0,0
11.87,0.81,4.0,0.59,0.363,0.394,Cape of Good Hope,Automotive,0,0,0
14.48,21.21,6.0,0.97,0.018,0.47,Yellow Sea,Automotive,0,0,0
12.63,3.03,8.0,0.28,0.301,0.321,Cape of Good Hope,Chemicals,0,0,0
8.41,0.83,2.0,5.57,0.002,0.28,Atlantic,Chemicals,1,0,0
11.44,12.42,6.0,1.36,0.161,0.336,Pacific,Automotive,0,0,0
12.57,0.68,4.0,1.56,0.095,0.038,Cape of Good Hope,Chemicals,0,0,0
13.12,0.8,4.0,1.97,0.136,0.283,Pacific,Electronics,0,0,0
11.77,2.06,8.0,3.76,0.636,0.286,Strait of Malacca,Automotive,0,0,0
14.19,0.34,4.0,31.08,0.852,0.364,Strait of Malacca,Chemicals,1,0,1
11.98,12.04,8.0,2.11,0.141,0.156,North Atlantic,Electronics,0,0,0
11.13,19.01,6.0,0.92,0.213,0.304,Yellow Sea,Electronics,0,0,0
14.86,11.14,6.0,0.47,0.07,0.089,Arabian Sea,Electronics,0,0,0
7.2,0.05,2.0,5.55,0.182,0.376,North Atlantic,Electronics,1,0,0
16.65,2.63,8.0,3.23,0.264,0.216,Arabian Sea,Electronics,0,0,0
15.02,4.98,8.0,0.61,0.1,0.266,South China Sea,Electronics,0,0,0
14.98,0.42,6.0,1.06,0.098,0.175,North Atlantic,Perishables,0,0,0
13.39,1.2,2.0,0.44,0.118,0.232,Mediterranean,General,0,0,0
16.52,5.06,8.0,3.39,0.47,0.39,South China Sea,Automotive,0,0,0
18.55,1.6,4.0,1.32,0.082,0.432,Mediterranean,Automotive,0,0,0
11.28,3.46,4.0,3.67,0.197,0.297,Indian Ocean,Chemicals,0,0,0
12.87,15.57,6.0,0.5,0.135,0.206,Cape of Good Hope,General,0,0,0
15.97,12.96,8.0,0.74,0.05,0.366,South China Sea,Electronics,0,0,0
14.1,10.85,8.0,6.51,0.889,0.092,Red Sea,Perishables,1,0,0
9.97,13.87,6.0,0.11,0.535,0.085,Cape of Good Hope,Chemicals,0,0,0
13.07,0.85,4.0,0.07,0.173,0.537,Cape of Good Hope,Automotive,0,0,0
18.44,1.54,2.0,1.8,0.207,0.039,Arabian Sea,Automotive,0,0,0
15.35,1.65,4.0,8.16,0.677,0.129,Red Sea,Electronics,1,0,0
14.91,7.63,6.0,1.61,0.081,0.449,Cape of Good Hope,Automotive,0,0,0
21.18,6.55,6.0,1.42,0.14,0.233,South China Sea,Chemicals,0,0,0
13.92,3.44,4.0,0.17,0.274,0.261,Mediterranean,Automotive,0,0,0
14.57,6.72,4.0,0.61,0.265,0.183,Pacific,General,0,0,0
14.24,15.9,8.0,0.45,0.045,0.182,Arabian Sea,Perishables,0,0,0
15.24,0.69,2.0,3.0,0.174,0.169,North Atlantic,General,0,0,0
10.1,6.65,8.0,0.14,0.008,0.339,Atlantic,General,0,0,0
14.61,1.57,4.0,2.69,0.122,0.186,Arabian Sea,General,0,0,0
15.5,4.65,4.0,3.45,0.007,0.364,Atlantic,Electronics,0,0,0
12.03,1.68,6.0,3.17,0.068,0.229,Indian Ocean,Electronics,0,0,0
11.51,3.54,6.0,6.99,0.03,0.014,Yellow Sea,Electronics,1,0,0
10.88,0.17,4.0,2.46,0.189,0.407,Cape of Good Hope,General,0,0,0
12.36,9.8,6.0,0.5,0.394,0.166,Cape of Good Hope,Chemicals,0,0,0
11.55,3.86,6.0,1.53,0.245,0.238,Cape of Good Hope,Perishables,0,0,0
18.94,11.47,8.0,1.13,0.108,0.073,Yellow Sea,Chemicals,0,0,0
14.33,4.07,8.0,68.88,0.664,0.535,Open Ocean,Perishables,1,0,2
15.1,8.22,6.0,3.62,0.305,0.13,Strait of Malacca,Chemicals,0,0,0
16.94,0.55,2.0,0.64,0.265,0.203,Arabian Sea,Perishables,0,0,0
16.93,2.54,8.0,3.35,0.55,0.133,South China Sea,Automotive,0,0,0
12.85,0.62,4.0,1.6,0.148,0.063,English Channel,Perishables,0,0,0
9.31,0.68,4.0,1.57,0.188,0.385,South China Sea,Electronics,0,0,0
15.23,1.25,4.0,6.25,0.033,0.08,Yellow Sea,Chemicals,1,0,0
12.84,1.53,2.0,0.26,0.248,0.066,South China Sea,General,0,0,0
18.31,5.38,6.0,2.38,0.042,0.339,Open Ocean,Automotive,0,0,0
20.65,0.01,8.0,18.09,0.955,0.327,Red Sea,Perishables,1,0,1
15.4,0.42,4.0,4.36,0.009,0.282,Pacific,Perishables,1,0,0
12.25,4.14,4.0,0.24,0.447,0.289,Suez Canal,Automotive,0,0,0
16.38,2.14,2.0,0.12,0.237,0.454,Open Ocean,Perishables,0,0,0
19.47,0.89,2.0,1.69,0.074,0.118,Indian Ocean,Electronics,0,0,0
14.86,3.13,6.0,35.59,0.782,0.748,Suez Canal,Automotive,1,0,1
18.06,7.17,2.0,0.58,0.216,0.46,Atlantic,General,0,0,0
17.49,16.77,8.0,3.73,0.03,0.375,Arabian Sea,Chemicals,0,0,0
13.89,1.52,2.0,2.33,0.055,0.054,Arabian Sea,Automotive,0,0,0
10.7,8.33,8.0,4.02,0.143,0.304,Pacific,Chemicals,1,0,0
12.47,10.38,6.0,68.05,0.735,0.09,Strait of Malacca,Perishables,1,0,2
14.48,0.07,2.0,1.27,0.227,0.289,Mediterranean,General,0,0,0
15.94,2.73,4.0,0.21,0.152,0.127,Yellow Sea,Chemicals,0,0,0
18.78,1.62,2.0,4.73,0.671,0.032,Red Sea,Electronics,1,0,0
12.02,3.68,2.0,1.65,0.222,0.287,South China Sea,Electronics,0,0,0
15.51,2.19,8.0,1.36,0.541,0.566,English Channel,General,0,0,0
17.24,6.82,8.0,0.52,0.015,0.061,North Atlantic,Electronics,0,0,0
15.78,11.04,4.0,0.07,0.288,0.316,English Channel,Automotive,0,0,0
14.15,6.97,8.0,0.17,0.329,0.223,Pacific,Electronics,0,0,0
11.5,6.0,2.0,2.15,0.451,0.024,Strait of Malacca,Perishables,0,0,0
15.0,8.38,6.0,0.72,0.118,0.478,Open Ocean,Perishables,0,0,0
16.1,2.76,4.0,3.15,0.019,0.331,Yellow Sea,Perishables,0,0,0
16.15,0.64,4.0,3.03,0.106,0.188,Open Ocean,Automotive,0,0,0
8.74,0.22,2.0,0.1,0.216,0.224,Atlantic,General,0,0,0
10.64,1.58,8.0,10.63,0.797,0.264,Suez Canal,Chemicals,1,0,1
15.22,10.03,6.0,0.29,0.166,0.313,Arabian Sea,General,0,0,0
9.77,5.21,6.0,7.62,0.119,0.221,South China Sea,Perishables,1,0,0
11.48,1.55,2.0,8.33,0.227,0.656,Mediterranean,Automotive,1,0,0
13.9,3.22,4.0,1.47,0.165,0.559,Cape of Good Hope,General,0,0,0
16.25,5.75,4.0,6.13,0.101,0.35,Open Ocean,General,1,0,0
15.38,3.3,6.0,5.19,0.508,0.281,Arabian Sea,Perishables,1,0,0
12.89,3.84,4.0,2.23,0.416,0.32,Open Ocean,Chemicals,0,0,0
15.28,0.72,8.0,0.42,0.218,0.122,North Atlantic,General,0,0,0
18.35,8.45,8.0,2.93,0.291,0.303,Suez Canal,Perishables,0,0,0
13.21,16.35,6.0,1.45,0.226,0.46,Cape of Good Hope,Automotive,0,0,0
15.74,0.71,8.0,15.9,0.743,0.125,Red Sea,Electronics,1,0,0
7.49,0.99,4.0,1.29,0.349,0.242,South China Sea,Electronics,0,0,0
9.43,2.95,8.0,2.37,0.048,0.346,English Channel,Perishables,0,0,0
12.65,10.51,8.0,79.21,0.918,0.151,Strait of Malacca,Electronics,1,0,2
14.21,6.24,4.0,14.3,0.623,0.085,Red Sea,General,1,0,0
11.8,2.48,6.0,2.39,0.12,0.222,Mediterranean,Electronics,0,0,0
9.32,2.12,8.0,0.13,0.317,0.228,English Channel,Chemicals,0,0,0
11.83,10.61,8.0,3.92,0.584,0.166,North Atlantic,Perishables,0,0,0
12.25,6.51,4.0,11.05,0.58,0.227,Suez Canal,Automotive,1,0,0
19.0,1.47,2.0,0.2,0.549,0.056,Suez Canal,Perishables,0,0,0
12.2,0.96,4.0,0.67,0.421,0.298,Strait of Malacca,Electronics,0,0,0
10.8,8.0,6.0,0.16,0.04,0.561,Cape of Good Hope,General,0,0,0
11.52,5.28,8.0,3.08,0.084,0.25,Open Ocean,Automotive,0,0,0
6.99,0.97,4.0,19.27,0.408,0.284,South China Sea,Chemicals,1,0,0
16.1,2.06,6.0,0.55,0.088,0.343,Pacific,Chemicals,0,0,0
9.8,4.47,6.0,0.93,0.192,0.629,Mediterranean,Perishables,0,0,0
18.22,5.24,6.0,0.63,0.418,0.267,Pacific,General,0,0,0
12.37,0.35,2.0,0.07,0.158,0.06,Atlantic,Chemicals,0,0,0
16.17,0.25,2.0,1.33,0.244,0.515,Atlantic,Perishables,0,0,0
10.96,1.61,6.0,0.35,0.377,0.346,Indian Ocean,General,0,0,0
12.18,15.51,8.0,4.77,0.638,0.251,Red Sea,Automotive,1,0,0
15.99,0.06,2.0,1.54,0.332,0.336,Mediterranean,Automotive,0,0,0
12.03,1.53,8.0,0.33,0.096,0.401,Atlantic,Perishables,0,0,0
12.14,3.96,6.0,2.01,0.148,0.368,Open Ocean,Automotive,0,0,0
13.95,1.28,2.0,0.0,0.181,0.478,Mediterranean,Perishables,0,0,0
8.33,4.02,2.0,5.42,0.435,0.265,Red Sea,Automotive,1,0,0
13.55,10.18,4.0,0.7,0.299,0.433,Arabian Sea,Automotive,0,0,0
10.33,0.54,4.0,0.85,0.166,0.196,Open Ocean,Perishables,0,0,0
8.65,5.93,6.0,0.9,0.011,0.476,North Atlantic,Electronics,0,0,0
16.58,0.51,8.0,16.51,0.741,0.261,Suez Canal,Automotive,1,0,1
14.71,5.07,6.0,0.56,0.063,0.447,South China Sea,Perishables,0,0,0
20.36,6.56,4.0,0.0,0.312,0.101,Red Sea,Electronics,0,0,0
11.08,2.86,4.0,6.65,0.161,0.162,Yellow Sea,Perishables,1,0,0
15.8,3.53,8.0,0.8,0.123,0.564,Cape of Good Hope,Electronics,0,0,0
10.33,1.84,8.0,1.69,0.079,0.23,Atlantic,Chemicals,0,0,0
13.37,3.68,4.0,0.4,0.595,0.435,Atlantic,Perishables,0,0,0
12.08,7.2,4.0,0.98,0.198,0.257,South China Sea,Perishables,0,0,0
11.69,8.14,4.0,0.53,0.082,0.047,North Atlantic,Electronics,0,0,0
14.1,2.61,8.0,1.03,0.302,0.247,Pacific,Electronics,0,0,0
6.14,1.35,2.0,37.28,0.195,0.294,South China Sea,Perishables,1,0,0
15.67,0.02,6.0,0.55,0.007,0.473,Yellow Sea,Electronics,0,0,0
16.22,0.64,2.0,39.3,0.107,0.789,Open Ocean,Electronics,1,0,1
10.51,1.33,4.0,2.65,0.338,0.171,English Channel,General,0,0,0
14.68,1.41,2.0,0.58,0.147,0.096,North Atlantic,Perishables,0,0,0
14.24,7.76,8.0,2.4,0.243,0.606,Open Ocean,Automotive,0,0,0
15.29,7.82,8.0,24.21,0.658,0.438,Red Sea,Automotive,1,0,1
13.66,3.9,2.0,7.03,0.77,0.33,Red Sea,Automotive,1,0,0
16.06,1.5,8.0,0.79,0.317,0.188,Suez Canal,Perishables,0,0,0
15.51,2.7,4.0,0.47,0.468,0.141,Atlantic,General,0,0,0
11.36,3.94,6.0,3.69,0.029,0.626,Mediterranean,General,0,0,0
15.94,3.65,4.0,22.6,0.834,0.493,Strait of Malacca,General,1,0,1
15.5,0.58,4.0,7.22,0.172,0.451,Cape of Good Hope,Chemicals,1,0,0
12.62,9.6,4.0,1.01,0.256,0.332,Pacific,Chemicals,0,0,0
12.12,2.38,8.0,5.12,0.094,0.184,North Atlantic,Perishables,1,0,0
11.52,7.21,6.0,0.67,0.34,0.459,Strait of Malacca,Chemicals,0,0,0
17.97,1.83,4.0,6.38,0.589,0.249,Suez Canal,General,1,0,0
11.84,0.56,4.0,13.53,0.738,0.141,Pacific,Electronics,1,0,0
20.39,15.85,6.0,1.35,0.069,0.029,Atlantic,General,0,0,0
14.73,3.98,8.0,2.67,0.014,0.474,Indian Ocean,Automotive,0,0,0
13.39,3.41,2.0,9.22,0.908,0.391,Suez Canal,General,1,0,1
15.03,2.42,4.0,3.97,0.614,0.352,Atlantic,Perishables,0,0,0
5.76,2.25,4.0,0.21,0.027,0.234,Open Ocean,General,0,0,0
16.22,1.87,4.0,4.39,0.307,0.272,Arabian Sea,General,1,0,0
20.48,13.04,4.0,0.67,0.163,0.106,Indian Ocean,Chemicals,0,0,0
18.87,1.16,2.0,5.03,0.353,0.175,Cape of Good Hope,General,1,0,0
16.75,7.14,4.0,6.3,0.099,0.28,Arabian Sea,Perishables,1,0,0
10.17,7.67,4.0,3.08,0.203,0.437,Strait of Malacca,Automotive,0,0,0
9.75,0.39,2.0,11.86,0.744,0.584,Strait of Malacca,Automotive,1,0,1
19.0,6.77,4.0,0.21,0.099,0.07,Open Ocean,Perishables,0,0,0
16.87,12.26,4.0,0.59,0.349,0.31,Yellow Sea,Automotive,0,0,0
16.37,1.79,2.0,15.09,0.91,0.213,Red Sea,Perishables,1,0,1
11.19,0.41,6.0,3.93,0.534,0.191,Suez Canal,Automotive,0,0,0
8.99,0.41,4.0,0.53,0.394,0.203,Arabian Sea,Automotive,0,0,0
18.88,0.03,8.0,2.44,0.379,0.272,Suez Canal,General,0,0,0
9.97,9.75,2.0,1.76,0.191,0.287,English Channel,Chemicals,0,1,0
21.8,4.16,6.0,3.69,0.157,0.315,Mediterranean,Perishables,0,0,0
14.97,11.56,8.0,0.14,0.128,0.293,Pacific,Automotive,0,0,0
15.07,1.22,6.0,0.82,0.082,0.381,South China Sea,Electronics,0,0,0
12.29,0.7,2.0,1.46,0.354,0.391,Mediterranean,General,0,0,0
10.82,6.98,8.0,4.81,0.24,0.026,Atlantic,Automotive,1,0,0
13.24,10.08,6.0,2.5,0.119,0.133,Indian Ocean,Chemicals,0,0,0
10.73,3.96,6.0,1.34,0.263,0.199,Mediterranean,Automotive,0,0,0
11.79,1.21,4.0,2.34,0.289,0.412,Open Ocean,Chemicals,0,0,0
10.72,0.4,2.0,3.69,0.294,0.163,North Atlantic,General,0,0,0
8.11,2.12,6.0,0.05,0.085,0.545,Pacific,General,0,0,0
15.99,0.11,2.0,1.72,0.313,0.159,English Channel,Automotive,0,0,0
19.39,5.97,8.0,11.94,0.845,0.164,Suez Canal,Automotive,1,0,0
15.17,0.01,4.0,3.46,0.674,0.285,Strait of Malacca,Automotive,0,0,0
15.02,8.42,8.0,6.46,0.002,0.113,North Atlantic,Electronics,1,0,0
17.18,2.15,2.0,1.05,0.096,0.135,South China Sea,Chemicals,0,0,0
9.04,5.93,6.0,0.03,0.016,0.137,Pacific,Automotive,0,0,0
9.27,1.9,8.0,1.7,0.412,0.556,Strait of Malacca,Chemicals,0,0,0
13.83,19.51,8.0,1.66,0.171,0.075,Pacific,General,0,0,0
11.88,7.82,6.0,3.58,0.281,0.083,Arabian Sea,General,0,0,0
12.22,4.14,6.0,0.07,0.031,0.387,North Atlantic,General,0,0,0
19.79,4.16,4.0,1.4,0.306,0.102,Red Sea,General,0,0,0
15.56,0.44,4.0,1.99,0.804,0.44,Red Sea,General,0,0,0
8.32,1.32,2.0,42.59,0.92,0.043,Suez Canal,Chemicals,1,0,1
13.67,16.63,8.0,4.03,0.223,0.124,Open Ocean,Chemicals,1,0,0
16.23,0.97,2.0,1.59,0.275,0.15,Arabian Sea,General,0,0,0
12.09,2.56,6.0,2.12,0.216,0.501,South China Sea,Perishables,0,0,0
12.63,4.16,6.0,2.87,0.181,0.219,Arabian Sea,Perishables,0,0,0
18.69,2.4,4.0,0.86,0.043,0.143,North Atlantic,Perishables,0,0,0
15.17,5.36,2.0,2.96,0.12,0.254,Arabian Sea,Electronics,0,0,0
18.39,3.45,6.0,1.75,0.487,0.42,Red Sea,Perishables,0,0,0
6.94,0.8,4.0,6.35,0.262,0.03,Arabian Sea,General,1,0,0
14.74,6.94,4.0,3.84,0.044,0.154,North Atlantic,Chemicals,0,0,0
18.13,2.26,8.0,1.26,0.029,0.207,Yellow Sea,Electronics,0,0,0
8.46,1.66,4.0,3.11,0.241,0.228,Atlantic,Perishables,0,0,0
12.03,1.57,4.0,1.65,0.383,0.12,Atlantic,Electronics,0,0,0
14.49,7.1,6.0,1.02,0.077,0.254,Pacific,Chemicals,0,0,0
15.19,0.34,2.0,0.01,0.291,0.359,English Channel,Automotive,0,0,0
9.98,0.21,6.0,0.32,0.274,0.182,Red Sea,Automotive,0,0,0
16.18,1.92,8.0,1.89,0.168,0.111,Mediterranean,General,0,0,0
19.07,1.44,8.0,2.53,0.248,0.289,North Atlantic,Chemicals,0,0,0
18.83,0.85,8.0,0.91,0.144,0.056,English Channel,Chemicals,0,0,0
15.15,6.02,8.0,1.04,0.162,0.681,Arabian Sea,Electronics,0,0,0
15.12,1.1,6.0,1.37,0.041,0.007,Arabian Sea,Chemicals,0,0,0
14.92,3.08,2.0,1.98,0.12,0.074,Open Ocean,Chemicals,0,0,0
13.56,1.7,4.0,2.48,0.232,0.215,Pacific,Perishables,0,0,0
15.21,6.64,8.0,0.26,0.042,0.439,Mediterranean,Perishables,0,0,0
17.43,0.16,2.0,1.15,0.215,0.323,Arabian Sea,Automotive,0,0,0
13.58,2.73,4.0,5.92,0.358,0.631,Strait of Malacca,Chemicals,1,0,0
16.82,0.08,4.0,2.34,0.438,0.25,Mediterranean,Perishables,0,0,0
10.9,9.87,8.0,2.81,0.102,0.111,English Channel,General,0,0,0
14.38,5.55,6.0,23.21,0.753,0.095,Red Sea,Electronics,1,0,1
12.11,23.56,8.0,2.24,0.095,0.135,Indian Ocean,Electronics,0,0,0
13.3,0.68,6.0,1.31,0.001,0.071,Pacific,Chemicals,0,0,0
13.13,0.24,8.0,5.53,0.159,0.035,Arabian Sea,Chemicals,1,0,0
11.61,2.58,2.0,1.08,0.693,0.313,Suez Canal,Automotive,0,0,0
11.44,4.86,4.0,0.75,0.186,0.18,Mediterranean,Chemicals,0,0,0
12.45,9.89,8.0,0.13,0.125,0.555,Strait of Malacca,Automotive,0,0,0
14.63,0.4,2.0,0.4,0.412,0.456,Yellow Sea,General,0,0,0
15.17,0.3,4.0,3.35,0.286,0.365,Mediterranean,Perishables,0,0,0
15.91,16.23,8.0,16.24,0.848,0.612,Strait of Malacca,Perishables,1,0,1
18.5,13.48,8.0,1.11,0.053,0.091,North Atlantic,Chemicals,0,0,0
19.27,42.47,8.0,1.99,0.053,0.269,Mediterranean,Electronics,0,1,0
11.02,2.38,8.0,3.56,0.456,0.098,Strait of Malacca,Automotive,0,0,0
13.26,5.34,8.0,0.56,0.04,0.103,Cape of Good Hope,Perishables,0,0,0
15.22,3.15,8.0,0.62,0.281,0.566,Mediterranean,Automotive,0,0,0
12.74,3.31,8.0,0.93,0.36,0.389,Indian Ocean,General,0,0,0
11.96,2.45,6.0,4.34,0.193,0.159,Arabian Sea,Electronics,1,0,0
15.58,1.91,8.0,0.56,0.166,0.223,Cape of Good Hope,Automotive,0,0,0
12.7,8.1,2.0,3.83,0.209,0.317,South China Sea,General,0,1,0
20.33,12.46,8.0,2.33,0.117,0.584,Open Ocean,Automotive,0,0,0
16.54,3.84,6.0,7.24,0.902,0.211,Strait of Malacca,General,1,0,0
15.27,3.62,4.0,4.05,0.166,0.547,Arabian Sea,Electronics,1,0,0
12.15,2.82,8.0,1.55,0.512,0.365,Red Sea,General,0,0,0
13.63,4.24,4.0,5.14,0.013,0.027,Arabian Sea,Electronics,1,0,0
14.1,1.38,2.0,8.65,0.589,0.53,Red Sea,Chemicals,1,0,0
13.35,1.81,2.0,0.72,0.346,0.069,Open Ocean,Electronics,0,0,0
6.63,7.22,2.0,2.69,0.514,0.532,English Channel,Automotive,0,0,0
16.17,4.52,8.0,1.24,0.022,0.343,North Atlantic,General,0,0,0
11.34,7.28,4.0,2.91,0.248,0.201,Cape of Good Hope,Perishables,0,0,0
9.26,9.18,8.0,6.42,0.005,0.031,Atlantic,General,1,0,0
16.33,1.09,6.0,0.63,0.069,0.15,Yellow Sea,Electronics,0,0,0
12.02,0.16,4.0,3.5,0.13,0.486,Mediterranean,General,0,0,0
8.69,11.47,6.0,0.86,0.05,0.08,Indian Ocean,Electronics,0,0,0
11.5,5.77,6.0,1.4,0.026,0.092,Cape of Good Hope,General,0,0,0
10.07,6.4,6.0,0.72,0.091,0.431,Pacific,Chemicals,0,0,0
14.98,3.26,4.0,1.56,0.107,0.174,North Atlantic,Automotive,0,0,0
16.0,4.57,6.0,27.5,0.825,0.252,Suez Canal,Chemicals,1,0,1
11.57,5.34,4.0,0.29,0.198,0.166,Arabian Sea,Perishables,0,0,0
11.91,3.21,2.0,0.77,0.323,0.133,Yellow Sea,General,0,0,0
15.38,7.16,8.0,1.98,0.162,0.251,Atlantic,Perishables,0,0,0
14.82,0.06,2.0,2.35,0.104,0.153,Open Ocean,Electronics,0,0,0
16.19,11.57,8.0,1.27,0.154,0.308,South China Sea,Electronics,0,0,0
13.61,2.03,4.0,0.24,0.504,0.097,Atlantic,Automotive,0,0,0
18.3,8.83,8.0,0.14,0.345,0.441,Arabian Sea,Automotive,0,0,0
15.21,14.14,6.0,6.14,0.022,0.265,Open Ocean,General,1,0,0
17.75,2.12,4.0,0.76,0.056,0.33,Atlantic,Chemicals,0,0,0
14.48,2.58,6.0,0.44,0.326,0.3,English Channel,Automotive,0,0,0
18.93,5.27,2.0,1.29,0.343,0.038,Suez Canal,Perishables,0,0,0
7.37,9.22,4.0,7.9,0.245,0.814,Open Ocean,Automotive,1,0,0
14.31,0.47,2.0,1.95,0.289,0.059,Pacific,Electronics,0,0,0
12.74,2.42,2.0,0.7,0.21,0.137,Atlantic,General,0,0,0
13.8,11.55,6.0,7.34,0.61,0.463,Red Sea,Chemicals,1,0,0
15.47,0.5,4.0,0.88,0.02,0.075,Indian Ocean,General,0,0,0
9.41,0.41,6.0,9.75,0.557,0.151,English Channel,Perishables,1,0,0
14.86,1.79,2.0,2.57,0.143,0.67,Atlantic,Electronics,0,0,0
10.67,6.94,6.0,1.67,0.374,0.331,Red Sea,Electronics,0,0,0
11.49,1.39,8.0,3.04,0.289,0.493,North Atlantic,Perishables,0,0,0
15.8,2.83,4.0,8.56,0.649,0.186,Red Sea,Automotive,1,0,0
13.6,1.59,4.0,3.63,0.403,0.171,North Atlantic,Automotive,0,0,0
17.35,1.57,6.0,0.34,0.42,0.256,Cape of Good Hope,General,0,0,0
11.05,2.85,4.0,7.93,0.31,0.257,Pacific,Automotive,1,0,0
14.62,1.32,2.0,0.03,0.015,0.121,English Channel,Chemicals,0,0,0
18.23,25.87,8.0,3.1,0.023,0.218,Yellow Sea,Automotive,0,0,0
22.56,4.33,8.0,1.84,0.481,0.415,Strait of Malacca,Perishables,0,0,0
13.84,5.16,4.0,3.84,0.576,0.085,Yellow Sea,General,0,0,0
16.98,7.91,8.0,2.57,0.406,0.29,Suez Canal,General,0,0,0
9.02,0.41,4.0,0.26,0.223,0.286,Arabian Sea,Automotive,0,0,0
12.79,1.1,2.0,0.11,0.22,0.293,Suez Canal,Chemicals,0,0,0
8.51,0.8,4.0,0.48,0.046,0.37,Mediterranean,Automotive,0,0,0
12.24,1.99,2.0,0.22,0.224,0.319,South China Sea,Perishables,0,0,0
11.78,0.4,4.0,0.01,0.266,0.26,Arabian Sea,Chemicals,0,0,0
16.43,3.52,6.0,0.85,0.484,0.312,Yellow Sea,General,0,0,0
18.77,1.4,8.0,1.3,0.028,0.137,Open Ocean,Chemicals,0,0,0
13.74,10.24,4.0,3.12,0.501,0.315,Indian Ocean,Perishables,0,0,0
19.7,2.91,2.0,4.09,0.145,0.196,Strait of Malacca,General,1,0,0
15.8,0.7,2.0,2.92,0.161,0.381,Arabian Sea,Automotive,0,0,0
13.66,30.6,8.0,4.57,0.368,0.231,North Atlantic,Automotive,1,0,0
17.77,0.22,4.0,5.26,0.238,0.281,Yellow Sea,Automotive,1,0,0
19.42,0.46,2.0,0.63,0.032,0.154,Cape of Good Hope,Chemicals,0,0,0
14.28,6.39,6.0,1.51,0.104,0.41,North Atlantic,Automotive,0,0,0
10.47,1.9,8.0,4.22,0.137,0.323,Cape of Good Hope,General,1,0,0
12.85,0.13,8.0,11.3,0.103,0.234,Mediterranean,Perishables,1,0,0
16.28,6.26,8.0,0.62,0.571,0.621,Red Sea,Perishables,0,0,0
16.56,1.14,2.0,1.76,0.324,0.148,Strait of Malacca,Electronics,0,0,0
12.94,5.4,8.0,3.82,0.016,0.282,Yellow Sea,General,0,0,0
15.86,10.75,8.0,7.45,0.589,0.178,Indian Ocean,Perishables,1,0,0
14.56,13.39,4.0,4.31,0.238,0.172,English Channel,General,1,0,0
19.77,0.97,2.0,4.62,0.23,0.218,English Channel,Chemicals,1,0,0
14.57,2.09,2.0,0.6,0.042,0.43,Open Ocean,Chemicals,0,0,0
16.15,4.37,8.0,0.2,0.04,0.144,Indian Ocean,Automotive,0,0,0
14.42,2.36,2.0,1.42,0.133,0.265,South China Sea,Perishables,0,0,0
18.05,3.54,2.0,1.07,0.134,0.025,North Atlantic,General,0,0,0
10.38,8.58,6.0,5.14,0.702,0.109,Suez Canal,Automotive,1,0,0
13.88,9.41,6.0,0.0,0.299,0.242,Red Sea,General,0,0,0
11.3,6.02,6.0,0.38,0.234,0.277,English Channel,Electronics,0,0,0
18.99,9.62,6.0,0.85,0.554,0.249,Strait of Malacca,Chemicals,0,0,0
14.77,3.23,6.0,1.18,0.199,0.096,English Channel,Perishables,0,0,0
17.58,6.14,6.0,2.75,0.243,0.171,Arabian Sea,Chemicals,0,0,0
13.61,12.04,8.0,2.29,0.062,0.316,Pacific,Perishables,0,0,0
12.47,0.38,2.0,0.61,0.108,0.452,Cape of Good Hope,General,0,0,0
16.51,0.02,2.0,1.74,0.01,0.54,Arabian Sea,Electronics,0,0,0
14.48,2.77,2.0,0.19,0.087,0.423,North Atlantic,Automotive,0,0,0
16.66,16.66,6.0,1.94,0.146,0.033,Cape of Good Hope,General,0,0,0
11.54,4.13,4.0,3.09,0.013,0.354,Cape of Good Hope,Perishables,0,0,0
10.53,2.43,6.0,0.62,0.221,0.054,South China Sea,General,0,0,0
12.53,0.18,4.0,10.43,0.887,0.46,Suez Canal,Automotive,1,0,1
9.68,1.7,4.0,6.62,0.019,0.49,Cape of Good Hope,Electronics,1,0,0
14.67,1.45,6.0,0.09,0.205,0.586,Atlantic,Chemicals,0,0,0
15.99,2.99,8.0,4.83,0.033,0.431,Cape of Good Hope,Chemicals,1,0,0
17.29,7.29,8.0,1.39,0.232,0.227,Mediterranean,Electronics,0,0,0
10.82,10.69,8.0,5.25,0.018,0.631,Open Ocean,General,1,0,0
14.42,1.44,4.0,1.2,0.203,0.543,Mediterranean,Electronics,0,0,0
12.22,2.82,8.0,0.87,0.184,0.428,North Atlantic,Chemicals,0,0,0
11.65,2.97,2.0,0.87,0.154,0.118,Atlantic,General,0,0,0
15.23,3.92,4.0,0.6,0.265,0.124,Arabian Sea,Chemicals,0,0,0
13.32,4.55,2.0,0.06,0.039,0.313,Pacific,Perishables,0,0,0
14.36,13.12,8.0,4.32,0.298,0.154,Cape of Good Hope,Automotive,1,0,0
13.81,2.79,4.0,2.0,0.241,0.139,North Atlantic,General,0,0,0
14.83,6.61,8.0,1.35,0.016,0.253,Cape of Good Hope,General,0,0,0
13.73,8.86,4.0,0.62,0.108,0.065,Indian Ocean,Electronics,0,0,0
17.06,19.83,8.0,0.74,0.081,0.483,Pacific,Automotive,0,0,0
9.79,4.95,4.0,0.84,0.135,0.323,Yellow Sea,Electronics,0,0,0
16.45,0.87,4.0,3.4,0.125,0.448,North Atlantic,Automotive,0,0,0
11.68,0.84,4.0,0.64,0.202,0.413,Mediterranean,General,0,0,0
15.98,6.73,8.0,0.14,0.179,0.405,Atlantic,General,0,0,0
13.72,2.15,2.0,3.1,0.16,0.078,Yellow Sea,General,0,0,0
11.63,3.56,4.0,0.89,0.008,0.206,North Atlantic,Automotive,0,0,0
15.87,8.14,8.0,1.25,0.519,0.433,English Channel,Automotive,0,0,0
14.33,0.83,2.0,1.17,0.315,0.417,Red Sea,Chemicals,0,0,0
17.66,3.26,8.0,0.24,0.278,0.064,Open Ocean,General,0,0,0
12.31,0.02,4.0,3.59,0.425,0.063,Suez Canal,Perishables,0,0,0
10.13,6.93,4.0,0.58,0.255,0.593,Atlantic,General,0,0,0
13.91,17.78,6.0,0.99,0.262,0.231,Red Sea,Chemicals,0,0,0
8.84,20.55,6.0,4.87,0.005,0.316,Open Ocean,Perishables,1,0,0
14.66,3.28,4.0,0.44,0.413,0.176,South China Sea,Chemicals,0,0,0
11.77,0.98,6.0,15.64,0.856,0.319,Suez Canal,Electronics,1,0,1
12.83,1.47,4.0,0.57,0.322,0.35,English Channel,Automotive,0,0,0
16.35,15.41,8.0,0.23,0.301,0.22,Atlantic,Electronics,0,0,0
7.98,4.89,4.0,7.98,0.263,0.335,Pacific,General,1,0,0
11.79,6.6,6.0,5.6,0.03,0.289,Open Ocean,Chemicals,1,0,0
10.5,15.63,8.0,0.52,0.083,0.109,Cape of Good Hope,Perishables,0,0,0
14.06,3.61,2.0,1.79,0.059,0.386,South China Sea,General,0,0,0
17.13,2.36,6.0,0.74,0.164,0.31,Yellow Sea,Chemicals,0,0,0
9.63,2.47,2.0,3.49,0.488,0.57,Red Sea,Perishables,0,0,0
13.54,15.58,8.0,1.61,0.099,0.117,Atlantic,General,0,0,0
12.72,6.02,4.0,3.2,0.156,0.246,Cape of Good Hope,Perishables,0,0,0
9.45,33.13,8.0,0.36,0.397,0.319,English Channel,Chemicals,0,1,0
15.95,3.14,8.0,3.83,0.017,0.045,Open Ocean,Electronics,0,0,0
18.74,4.68,6.0,2.7,0.359,0.22,Arabian Sea,Electronics,0,0,0
17.08,5.97,2.0,0.82,0.331,0.24,Atlantic,Chemicals,0,0,0
13.56,3.19,2.0,1.08,0.637,0.029,Red Sea,Perishables,0,0,0
14.47,7.43,6.0,5.49,0.018,0.149,English Channel,Chemicals,1,0,0
18.41,7.08,6.0,2.14,0.259,0.206,Pacific,Automotive,0,0,0
17.15,2.34,6.0,4.18,0.073,0.465,Mediterranean,Chemicals,1,0,0
14.37,16.52,6.0,0.44,0.454,0.139,Strait of Malacca,Electronics,0,0,0
12.15,14.22,6.0,9.14,0.708,0.538,Suez Canal,Perishables,1,0,1
15.81,1.21,2.0,0.36,0.119,0.093,Yellow Sea,Perishables,0,0,0
13.35,2.59,4.0,3.03,0.451,0.197,Red Sea,Perishables,0,0,0
12.27,4.87,2.0,2.16,0.225,0.384,Yellow Sea,General,0,0,0
17.62,11.25,4.0,1.45,0.224,0.226,Mediterranean,Chemicals,0,0,0
8.59,0.2,2.0,4.33,0.043,0.418,Indian Ocean,Automotive,1,0,0
13.39,0.23,2.0,1.85,0.177,0.477,Pacific,Chemicals,0,0,0
13.44,3.49,2.0,0.14,0.136,0.259,English Channel,General,0,0,0
5.43,3.38,2.0,16.98,0.504,0.314,Suez Canal,Automotive,1,0,0
14.05,0.18,4.0,6.3,0.023,0.157,Yellow Sea,Perishables,1,0,0
11.55,11.02,6.0,16.24,0.632,0.162,Indian Ocean,Chemicals,1,0,0
11.55,1.35,2.0,0.15,0.045,0.282,Open Ocean,Electronics,0,0,0
12.19,7.44,6.0,1.03,0.025,0.441,Yellow Sea,Electronics,0,0,0
16.42,2.06,8.0,1.45,0.517,0.466,Pacific,Electronics,0,0,0
16.74,0.75,2.0,5.08,0.331,0.272,Pacific,General,1,0,0
13.43,0.74,2.0,1.03,0.357,0.177,Indian Ocean,Electronics,0,0,0
9.19,7.89,8.0,3.79,0.192,0.549,Arabian Sea,Electronics,0,0,0
11.88,2.25,2.0,0.04,0.542,0.359,Yellow Sea,Chemicals,0,0,0
16.37,0.54,2.0,17.77,0.03,0.475,Yellow Sea,Electronics,1,0,0
10.69,0.45,2.0,5.79,0.018,0.058,Open Ocean,Perishables,1,0,0
10.36,4.9,6.0,1.95,0.108,0.284,Yellow Sea,Chemicals,0,0,0
11.27,4.62,8.0,1.27,0.559,0.402,Strait of Malacca,General,0,0,0
17.68,3.22,6.0,2.98,0.505,0.23,Suez Canal,Chemicals,0,0,0
18.79,12.4,8.0,1.86,0.054,0.115,English Channel,Electronics,0,0,0
18.56,13.02,8.0,4.31,0.549,0.387,South China Sea,Automotive,1,0,0
14.96,2.23,4.0,4.09,0.324,0.132,Atlantic,General,1,0,0
11.84,3.77,4.0,2.3,0.065,0.28,Indian Ocean,General,0,0,0
13.87,3.9,4.0,2.07,0.389,0.59,Red Sea,Perishables,0,0,0
11.03,9.02,4.0,0.16,0.054,0.42,English Channel,Automotive,0,0,0
8.67,13.64,8.0,2.02,0.134,0.354,Cape of Good Hope,Chemicals,0,0,0
16.33,2.72,6.0,0.77,0.373,0.187,South China Sea,Chemicals,0,0,0
11.44,18.01,8.0,0.62,0.129,0.247,Open Ocean,Perishables,0,0,0
15.78,3.29,6.0,0.54,0.06,0.469,North Atlantic,General,0,0,0
10.67,7.38,8.0,2.63,0.055,0.411,South China Sea,Automotive,0,0,0
15.81,2.75,8.0,12.35,0.137,0.148,Arabian Sea,Electronics,1,0,0
17.11,5.44,4.0,1.66,0.086,0.141,Cape of Good Hope,Chemicals,0,0,0
15.16,2.04,4.0,2.48,0.447,0.154,North Atlantic,Electronics,0,0,0
14.01,1.66,8.0,25.43,0.645,0.482,Red Sea,Automotive,1,0,1
7.28,4.0,2.0,8.26,0.205,0.147,Arabian Sea,General,1,0,0
11.55,8.34,2.0,3.65,0.182,0.529,Strait of Malacca,Automotive,0,1,0
18.24,3.26,2.0,0.17,0.315,0.106,Strait of Malacca,General,0,0,0
11.15,4.27,8.0,3.81,0.013,0.115,Atlantic,Perishables,0,0,0
12.72,3.76,6.0,4.2,0.04,0.327,Cape of Good Hope,Electronics,1,0,0
18.34,0.99,4.0,2.22,0.373,0.218,North Atlantic,General,0,0,0
11.56,1.05,4.0,0.37,0.132,0.198,Yellow Sea,Automotive,0,0,0
10.36,4.33,4.0,1.45,0.448,0.333,Strait of Malacca,Perishables,0,0,0
9.93,3.84,4.0,1.88,0.266,0.337,Yellow Sea,Perishables,0,0,0
15.96,0.51,6.0,1.58,0.34,0.347,Open Ocean,General,0,0,0
15.68,7.68,8.0,0.99,0.334,0.545,Cape of Good Hope,Electronics,0,0,0
13.43,2.62,8.0,0.53,0.18,0.06,Cape of Good Hope,General,0,0,0
13.23,10.98,8.0,2.78,0.32,0.167,Mediterranean,Automotive,0,0,0
13.31,0.31,4.0,3.63,0.23,0.131,Arabian Sea,Automotive,0,0,0
16.19,0.44,4.0,3.74,0.499,0.144,Suez Canal,Automotive,0,0,0
17.44,13.76,8.0,0.14,0.078,0.16,Pacific,Chemicals,0,0,0
14.84,4.25,4.0,0.01,0.198,0.288,Pacific,General,0,0,0
15.86,2.03,8.0,1.4,0.307,0.106,Indian Ocean,Perishables,0,0,0
10.59,2.28,4.0,1.34,0.392,0.372,Cape of Good Hope,Electronics,0,0,0
16.51,3.67,6.0,0.89,0.023,0.218,Indian Ocean,Perishables,0,0,0
9.9,1.62,2.0,4.32,0.171,0.092,Pacific,Perishables,1,0,0
10.82,8.41,8.0,8.09,0.778,0.253,Indian Ocean,Automotive,1,0,0
17.54,0.68,2.0,0.26,0.555,0.179,Atlantic,Chemicals,0,0,0
14.62,0.2,4.0,1.16,0.545,0.462,Mediterranean,Electronics,0,0,0
13.22,0.29,2.0,2.08,0.315,0.445,English Channel,Chemicals,0,0,0
12.79,8.21,6.0,2.64,0.013,0.438,Pacific,Electronics,0,0,0
14.41,4.79,2.0,0.19,0.103,0.205,Arabian Sea,Electronics,0,0,0
12.79,3.1,4.0,0.29,0.074,0.208,Indian Ocean,Automotive,0,0,0
13.17,2.29,4.0,1.5,0.135,0.31,Mediterranean,General,0,0,0
14.11,4.98,4.0,1.97,0.33,0.589,English Channel,Chemicals,0,0,0
18.6,4.02,8.0,2.21,0.158,0.415,Open Ocean,Automotive,0,0,0
16.44,7.45,8.0,40.1,0.862,0.253,Red Sea,Chemicals,1,0,1
13.66,10.48,6.0,0.59,0.049,0.31,Cape of Good Hope,General,0,0,0
12.02,0.74,6.0,1.94,0.025,0.421,English Channel,Automotive,0,0,0
14.88,5.94,2.0,5.56,0.359,0.11,Arabian Sea,Perishables,1,0,0
10.58,5.31,8.0,3.84,0.044,0.315,Cape of Good Hope,General,0,0,0
13.2,8.39,4.0,1.87,0.23,0.549,South China Sea,Chemicals,0,0,0
19.37,0.61,2.0,0.65,0.746,0.334,Strait of Malacca,Automotive,0,0,0
16.92,2.62,6.0,0.4,0.43,0.118,Cape of Good Hope,Electronics,0,0,0
15.04,2.45,4.0,4.1,0.334,0.147,South China Sea,Electronics,1,0,0
9.02,3.39,6.0,1.09,0.067,0.252,Yellow Sea,Automotive,0,0,0
12.58,3.36,2.0,0.62,0.36,0.395,Indian Ocean,Electronics,0,0,0
9.46,2.72,2.0,1.42,0.527,0.194,Indian Ocean,General,0,0,0
10.07,1.98,8.0,14.07,0.692,0.231,Strait of Malacca,General,1,0,0
17.76,8.4,8.0,42.63,0.652,0.338,Cape of Good Hope,Perishables,1,0,1
11.53,4.63,4.0,7.94,0.385,0.705,Open Ocean,Electronics,1,0,0
14.39,0.42,2.0,0.16,0.135,0.563,Yellow Sea,Electronics,0,0,0
13.9,2.28,6.0,4.89,0.049,0.121,Mediterranean,Perishables,1,0,0
20.12,1.11,6.0,3.04,0.34,0.396,Atlantic,Electronics,0,0,0
15.94,1.52,4.0,1.38,0.067,0.117,Pacific,Perishables,0,0,0
6.51,2.53,2.0,7.17,0.129,0.399,North Atlantic,Electronics,1,0,0
18.2,3.57,2.0,2.95,0.004,0.161,Indian Ocean,Chemicals,0,0,0
16.82,0.42,4.0,1.82,0.028,0.161,Yellow Sea,Automotive,0,0,0
19.08,15.06,6.0,5.66,0.502,0.531,English Channel,Perishables,1,0,0
10.65,1.48,8.0,0.12,0.336,0.217,Open Ocean,Electronics,0,0,0
17.16,0.56,2.0,18.69,0.66,0.43,Strait of Malacca,Perishables,1,0,1
12.37,1.09,4.0,0.07,0.082,0.014,Pacific,General,0,0,0
14.07,7.12,6.0,16.47,0.856,0.377,Suez Canal,General,1,0,1
17.2,1.75,2.0,3.26,0.132,0.381,North Atlantic,Chemicals,0,0,0
12.8,4.14,6.0,0.57,0.345,0.323,Mediterranean,General,0,0,0
11.95,1.29,2.0,0.79,0.095,0.029,Open Ocean,General,0,0,0
15.3,4.98,6.0,4.64,0.37,0.127,Open Ocean,Automotive,1,0,0
13.99,8.38,6.0,5.88,0.309,0.273,Pacific,Perishables,1,0,0
21.23,9.52,8.0,2.02,0.08,0.09,Yellow Sea,Chemicals,0,0,0
10.39,3.01,2.0,0.22,0.124,0.361,North Atlantic,Chemicals,0,0,0
12.02,3.38,4.0,1.2,0.321,0.181,Arabian Sea,Perishables,0,0,0
12.47,9.7,4.0,1.25,0.151,0.132,Yellow Sea,Chemicals,0,0,0
18.65,2.79,4.0,1.07,0.09,0.082,Yellow Sea,Electronics,0,0,0
6.33,5.32,4.0,13.56,0.185,0.273,South China Sea,Electronics,1,0,0
13.5,3.99,4.0,7.34,0.462,0.136,North Atlantic,Perishables,1,0,0
15.39,1.09,8.0,13.07,0.791,0.486,Red Sea,General,1,0,1
14.08,0.22,6.0,0.81,0.167,0.044,Indian Ocean,Chemicals,0,0,0
19.01,0.63,2.0,2.81,0.1,0.319,English Channel,General,0,0,0
14.39,21.93,6.0,0.17,0.094,0.416,Arabian Sea,Automotive,0,0,0
13.49,17.05,6.0,0.66,0.339,0.316,Yellow Sea,Electronics,0,0,0
16.07,2.55,6.0,9.86,0.665,0.454,Red Sea,General,1,0,0
14.16,2.51,4.0,1.3,0.168,0.263,Indian Ocean,Chemicals,0,0,0
5.98,1.46,2.0,11.35,0.026,0.091,English Channel,General,1,0,0
10.95,2.74,2.0,0.26,0.293,0.437,North Atlantic,General,0,0,0
17.51,18.25,6.0,1.71,0.062,0.383,Mediterranean,Chemicals,0,0,0
9.74,11.55,8.0,9.54,0.62,0.349,Strait of Malacca,Electronics,1,0,0
10.69,1.46,2.0,0.68,0.201,0.043,Yellow Sea,General,0,0,0
11.2,1.69,4.0,0.32,0.087,0.433,Mediterranean,Chemicals,0,0,0
17.42,9.0,6.0,1.36,0.017,0.331,Atlantic,Automotive,0,0,0
11.76,4.49,2.0,62.59,0.692,0.118,Open Ocean,General,1,0,1
9.33,5.89,8.0,1.12,0.097,0.168,Yellow Sea,Automotive,0,0,0
14.82,4.47,4.0,2.1,0.068,0.285,Open Ocean,Perishables,0,0,0
13.87,1.74,2.0,1.18,0.009,0.123,Cape of Good Hope,Electronics,0,0,0
13.96,2.1,6.0,0.62,0.38,0.475,English Channel,General,0,0,0
14.42,21.37,8.0,0.07,0.365,0.558,Suez Canal,Electronics,0,0,0
14.9,4.4,4.0,0.14,0.061,0.092,North Atlantic,Perishables,0,0,0
11.35,1.07,2.0,1.76,0.04,0.257,Mediterranean,General,0,0,0
14.97,3.4,4.0,8.57,0.973,0.326,Suez Canal,General,1,0,1
20.82,2.11,4.0,3.06,0.07,0.188,Open Ocean,Electronics,0,0,0
13.57,20.78,6.0,2.64,0.105,0.156,Yellow Sea,Perishables,0,0,0
17.09,3.39,4.0,18.4,0.613,0.135,Indian Ocean,Perishables,1,0,0
15.64,4.36,8.0,1.4,0.34,0.389,Atlantic,Chemicals,0,0,0
11.58,0.34,4.0,7.17,0.427,0.323,Suez Canal,Automotive,1,0,0
15.15,8.7,4.0,2.06,0.524,0.384,Yellow Sea,Perishables,0,0,0
13.76,2.88,2.0,1.19,0.581,0.44,Strait of Malacca,Electronics,0,0,0
13.33,5.61,4.0,1.34,0.252,0.076,Pacific,General,0,0,0
14.14,0.25,6.0,3.83,0.102,0.123,South China Sea,Perishables,0,0,0
13.36,7.86,4.0,1.44,0.157,0.086,Indian Ocean,Perishables,0,0,0
17.49,1.59,4.0,2.58,0.098,0.246,English Channel,Electronics,0,0,0
15.45,6.06,4.0,3.14,0.434,0.453,Pacific,Perishables,0,0,0
8.25,4.2,8.0,3.71,0.509,0.173,Open Ocean,Automotive,0,0,0
16.1,2.64,8.0,0.79,0.282,0.29,English Channel,Electronics,0,0,0
13.5,0.88,4.0,3.02,0.246,0.149,Mediterranean,Perishables,0,0,0
15.93,10.55,6.0,0.59,0.486,0.053,Suez Canal,Electronics,0,0,0
13.04,0.04,8.0,7.17,0.229,0.378,Mediterranean,Perishables,1,0,0
10.71,3.85,4.0,5.07,0.109,0.065,Open Ocean,Perishables,1,0,0
10.38,1.18,4.0,0.66,0.025,0.309,Cape of Good Hope,Chemicals,0,0,0
12.08,12.06,6.0,0.6,0.545,0.265,Suez Canal,General,0,0,0
15.48,1.92,2.0,12.57,0.746,0.328,Open Ocean,Chemicals,1,0,0
14.95,1.97,2.0,0.43,0.422,0.057,Strait of Malacca,General,0,0,0
12.33,1.09,2.0,16.92,0.672,0.261,Suez Canal,Automotive,1,0,0
11.5,2.98,2.0,6.11,0.473,0.313,Atlantic,Chemicals,1,0,0
14.79,3.6,2.0,0.39,0.272,0.274,Pacific,Chemicals,0,0,0
12.3,9.76,6.0,0.94,0.189,0.399,Pacific,General,0,0,0
15.37,5.01,6.0,3.33,0.327,0.423,Open Ocean,Automotive,0,0,0
16.73,18.88,6.0,4.83,0.257,0.277,Mediterranean,Chemicals,1,0,0
10.4,1.17,2.0,2.29,0.086,0.425,Indian Ocean,Automotive,0,0,0
12.97,3.41,6.0,1.6,0.264,0.406,Indian Ocean,Electronics,0,0,0
12.67,0.15,2.0,20.63,0.773,0.374,Red Sea,General,1,0,1
12.26,9.13,6.0,1.1,0.002,0.065,North Atlantic,Chemicals,0,0,0
14.27,0.58,2.0,0.33,0.037,0.317,English Channel,General,0,0,0
13.7,0.21,6.0,2.43,0.005,0.108,Mediterranean,Chemicals,0,0,0
13.05,0.1,8.0,3.74,0.17,0.237,Mediterranean,Automotive,0,0,0
15.12,7.84,2.0,0.5,0.002,0.114,Pacific,Automotive,0,0,0
12.47,9.05,6.0,0.34,0.244,0.282,English Channel,Automotive,0,0,0
13.95,0.63,8.0,4.79,0.212,0.554,English Channel,Electronics,1,0,0
14.23,0.83,6.0,1.5,0.507,0.254,Strait of Malacca,Chemicals,0,0,0
12.88,7.76,8.0,0.7,0.025,0.441,English Channel,Automotive,0,0,0
11.89,1.18,2.0,1.42,0.788,0.181,Suez Canal,General,0,0,0
10.47,3.27,6.0,6.92,0.139,0.343,English Channel,Chemicals,1,0,0
9.66,0.32,8.0,1.69,0.014,0.305,Pacific,General,0,0,0
13.77,0.19,2.0,0.13,0.029,0.396,Mediterranean,Chemicals,0,0,0
15.01,1.7,2.0,1.3,0.16,0.249,North Atlantic,Perishables,0,0,0
14.72,0.72,4.0,0.56,0.348,0.093,Suez Canal,Automotive,0,0,0
16.59,4.1,4.0,0.45,0.338,0.285,Cape of Good Hope,Automotive,0,0,0
16.24,0.41,6.0,7.18,0.631,0.282,Strait of Malacca,Automotive,1,0,0
13.28,2.18,2.0,3.54,0.445,0.291,Red Sea,Electronics,0,0,0
11.11,4.78,2.0,3.33,0.341,0.144,Atlantic,General,0,0,0
10.94,2.24,4.0,0.75,0.03,0.422,Mediterranean,Chemicals,0,0,0
15.02,3.15,4.0,2.25,0.488,0.324,Cape of Good Hope,Chemicals,0,0,0
16.54,4.04,6.0,1.6,0.122,0.451,Open Ocean,Chemicals,0,0,0
12.82,0.27,2.0,6.19,0.305,0.504,Indian Ocean,Automotive,1,0,0
11.4,35.12,6.0,0.0,0.082,0.093,Arabian Sea,Electronics,0,1,0
10.32,3.78,2.0,2.35,0.124,0.287,South China Sea,Chemicals,0,0,0
11.62,4.64,8.0,1.49,0.19,0.538,North Atlantic,Perishables,0,0,0
13.93,6.51,4.0,3.98,0.059,0.271,Open Ocean,Electronics,0,0,0
16.66,5.06,4.0,6.98,0.094,0.29,South China Sea,Automotive,1,0,0
13.89,5.39,6.0,0.63,0.299,0.428,Arabian Sea,Chemicals,0,0,0
13.43,5.82,8.0,0.68,0.135,0.356,Yellow Sea,Electronics,0,0,0
11.77,4.37,6.0,3.57,0.444,0.214,Strait of Malacca,General,0,0,0
13.76,0.68,2.0,7.09,0.012,0.52,Pacific,Perishables,1,0,0
11.32,1.83,4.0,1.79,0.516,0.298,English Channel,Chemicals,0,0,0
12.99,0.48,4.0,6.64,0.784,0.354,Suez Canal,Chemicals,1,0,0
16.29,0.38,8.0,2.97,0.352,0.308,English Channel,Perishables,0,0,0
15.86,2.76,6.0,1.65,0.223,0.132,South China Sea,Electronics,0,0,0
13.77,12.28,8.0,2.76,0.113,0.233,Open Ocean,Perishables,0,0,0
13.38,2.48,4.0,0.37,0.288,0.249,Indian Ocean,Chemicals,0,0,0
19.25,13.41,8.0,5.78,0.067,0.433,Atlantic,Perishables,1,0,0
12.51,6.88,4.0,3.6,0.587,0.186,Open Ocean,Automotive,0,0,0
11.93,2.19,4.0,0.25,0.48,0.067,Strait of Malacca,Perishables,0,0,0
8.13,0.49,4.0,3.77,0.541,0.456,Red Sea,Automotive,0,0,0
16.15,0.88,8.0,1.85,0.256,0.175,Arabian Sea,Automotive,0,0,0
19.57,10.61,6.0,1.64,0.141,0.048,Arabian Sea,Automotive,0,0,0
15.34,4.4,8.0,1.16,0.358,0.301,Strait of Malacca,General,0,0,0
16.55,1.43,4.0,1.73,0.138,0.131,Arabian Sea,General,0,0,0
16.44,2.84,4.0,0.07,0.318,0.327,English Channel,Automotive,0,0,0
12.64,0.84,4.0,1.34,0.241,0.514,Arabian Sea,Perishables,0,0,0
19.92,22.51,6.0,2.28,0.489,0.047,Yellow Sea,Perishables,0,0,0
11.41,6.83,6.0,12.9,0.676,0.192,Suez Canal,General,1,0,0
12.33,0.33,8.0,1.89,0.082,0.67,South China Sea,General,0,0,0
15.16,1.48,2.0,1.36,0.583,0.221,Cape of Good Hope,Chemicals,0,0,0
11.98,0.21,8.0,2.38,0.515,0.27,Mediterranean,General,0,0,0
12.92,3.05,2.0,1.42,0.278,0.105,Atlantic,Chemicals,0,0,0
16.19,2.08,2.0,1.2,0.163,0.555,Arabian Sea,General,0,0,0
13.09,5.24,8.0,0.14,0.45,0.138,Cape of Good Hope,Electronics,0,0,0
14.85,1.67,2.0,0.54,0.318,0.031,Strait of Malacca,General,0,0,0
11.67,1.66,2.0,2.34,0.013,0.096,Mediterranean,General,0,0,0
18.56,0.04,2.0,0.12,0.068,0.37,North Atlantic,General,0,0,0
14.52,14.29,8.0,0.89,0.174,0.111,Indian Ocean,Automotive,0,0,0
12.91,2.38,2.0,0.21,0.279,0.092,Strait of Malacca,Electronics,0,0,0
16.09,1.04,6.0,1.14,0.331,0.366,Arabian Sea,Automotive,0,0,0
19.04,0.78,2.0,1.58,0.162,0.029,South China Sea,Automotive,0,0,0
18.74,5.36,2.0,0.01,0.42,0.199,South China Sea,Electronics,0,0,0
16.6,3.53,4.0,0.4,0.228,0.131,Mediterranean,Electronics,0,0,0
18.09,0.46,2.0,4.47,0.11,0.332,North Atlantic,Electronics,1,0,0
10.9,18.35,4.0,4.13,0.366,0.263,Pacific,Chemicals,1,1,0
16.39,9.46,8.0,1.1,0.396,0.138,Indian Ocean,Perishables,0,0,0
16.45,3.18,6.0,1.63,0.282,0.208,English Channel,Perishables,0,0,0
11.35,8.36,4.0,7.03,0.174,0.074,Pacific,Electronics,1,0,0
19.24,0.12,2.0,0.55,0.125,0.412,Pacific,Chemicals,0,0,0
18.36,1.7,6.0,1.96,0.033,0.07,Pacific,Chemicals,0,0,0
10.86,17.05,6.0,2.74,0.182,0.631,Yellow Sea,Perishables,0,0,0
15.18,2.36,8.0,1.38,0.298,0.172,Cape of Good Hope,Automotive,0,0,0
10.73,2.35,2.0,4.87,0.204,0.232,Pacific,Electronics,1,0,0
17.77,0.96,2.0,4.59,0.381,0.052,Suez Canal,Perishables,1,0,0
16.76,2.71,4.0,0.94,0.432,0.252,Mediterranean,Automotive,0,0,0
23.42,2.57,4.0,0.37,0.294,0.245,Yellow Sea,Electronics,0,0,0
17.69,0.84,2.0,0.3,0.387,0.422,Strait of Malacca,Electronics,0,0,0
13.04,1.18,4.0,3.99,0.253,0.316,Atlantic,Automotive,0,0,0
14.27,1.11,6.0,5.79,0.63,0.527,Suez Canal,General,1,0,0
13.88,0.35,6.0,1.28,0.004,0.518,Mediterranean,Perishables,0,0,0
14.14,2.54,2.0,3.12,0.402,0.351,Indian Ocean,Electronics,0,0,0
17.56,2.48,2.0,2.11,0.036,0.551,South China Sea,Electronics,0,0,0
15.07,9.4,8.0,2.57,0.452,0.231,English Channel,General,0,0,0
11.88,26.96,6.0,0.92,0.44,0.499,Cape of Good Hope,Electronics,0,1,0
9.81,1.1,6.0,4.23,0.282,0.293,Yellow Sea,Perishables,1,0,0
13.6,1.5,8.0,12.33,0.865,0.169,Suez Canal,General,1,0,1
14.45,15.08,4.0,0.23,0.244,0.357,English Channel,General,0,0,0
11.2,14.18,4.0,1.81,0.183,0.293,Mediterranean,Perishables,0,0,0
14.31,1.23,6.0,28.96,0.651,0.206,Strait of Malacca,Perishables,1,0,1
11.65,10.37,6.0,1.3,0.174,0.099,South China Sea,Electronics,0,0,0
16.63,3.92,2.0,1.59,0.192,0.464,South China Sea,Automotive,0,0,0
14.87,7.42,6.0,4.33,0.164,0.2,English Channel,General,1,0,0
17.79,8.28,8.0,1.94,0.292,0.147,English Channel,Electronics,0,0,0
13.72,1.68,6.0,4.65,0.409,0.465,Strait of Malacca,Electronics,1,0,0
13.85,2.96,8.0,1.94,0.499,0.103,Strait of Malacca,Perishables,0,0,0
13.54,8.98,6.0,13.06,0.768,0.425,Strait of Malacca,General,1,0,1
13.69,3.12,6.0,3.57,0.287,0.184,South China Sea,Automotive,0,0,0
16.64,2.52,6.0,0.89,0.188,0.293,North Atlantic,Perishables,0,0,0
11.8,6.65,4.0,0.3,0.048,0.47,Arabian Sea,Automotive,0,0,0
17.99,2.07,6.0,10.3,0.604,0.313,Arabian Sea,Chemicals,1,0,0
10.03,0.4,6.0,16.05,0.738,0.161,Suez Canal,Perishables,1,0,1
14.47,2.14,2.0,7.94,0.353,0.304,Mediterranean,Perishables,1,0,0
13.18,0.37,4.0,4.48,0.019,0.473,Yellow Sea,Automotive,1,0,0
14.57,7.43,8.0,0.57,0.195,0.638,North Atlantic,Perishables,0,0,0
20.09,5.56,6.0,0.82,0.126,0.44,Mediterranean,Chemicals,0,0,0
15.72,4.94,6.0,31.85,0.707,0.19,Suez Canal,Automotive,1,0,1
18.45,0.63,4.0,1.23,0.055,0.201,Yellow Sea,General,0,0,0
14.17,5.62,6.0,0.17,0.442,0.18,Indian Ocean,Chemicals,0,0,0
16.82,6.55,2.0,1.56,0.538,0.346,Yellow Sea,General,0,0,0
7.82,7.04,4.0,4.12,0.339,0.301,Yellow Sea,Perishables,1,0,0
14.41,6.98,8.0,1.11,0.168,0.188,Mediterranean,General,0,0,0
5.91,4.29,4.0,15.18,0.487,0.265,North Atlantic,Automotive,1,0,0
14.43,20.52,6.0,0.21,0.044,0.014,South China Sea,Automotive,0,0,0
14.6,1.89,2.0,3.03,0.477,0.108,Suez Canal,Electronics,0,0,0
15.02,0.18,2.0,25.63,0.706,0.196,Cape of Good Hope,Perishables,1,0,1
14.38,2.86,2.0,2.58,0.118,0.224,Cape of Good Hope,Perishables,0,0,0
13.9,0.51,2.0,4.12,0.393,0.551,South China Sea,Electronics,1,0,0
9.72,5.47,4.0,2.68,0.036,0.263,South China Sea,Chemicals,0,0,0
13.66,1.53,4.0,9.03,0.786,0.093,Suez Canal,Chemicals,1,0,0
14.38,1.14,2.0,2.77,0.692,0.252,Red Sea,Perishables,0,0,0
17.67,0.82,8.0,0.13,0.477,0.314,Yellow Sea,Electronics,0,0,0
11.45,3.51,6.0,2.79,0.167,0.263,Arabian Sea,Chemicals,0,0,0
20.71,2.64,2.0,0.43,0.051,0.31,Pacific,Automotive,0,0,0
14.95,9.85,8.0,0.99,0.174,0.155,Arabian Sea,Automotive,0,0,0
14.21,8.16,8.0,0.31,0.1,0.119,Yellow Sea,Perishables,0,0,0
11.56,17.1,8.0,5.12,0.299,0.219,Cape of Good Hope,Perishables,1,0,0
13.64,0.36,4.0,0.88,0.456,0.287,Suez Canal,Chemicals,0,0,0
18.98,4.85,6.0,0.72,0.137,0.546,Open Ocean,Electronics,0,0,0
12.91,0.03,2.0,0.59,0.015,0.127,English Channel,Electronics,0,0,0
12.52,0.13,2.0,1.69,0.498,0.451,Mediterranean,Chemicals,0,0,0
11.36,2.87,6.0,3.58,0.185,0.079,North Atlantic,Electronics,0,0,0
11.96,2.98,2.0,2.55,0.368,0.303,Yellow Sea,Chemicals,0,0,0
16.45,7.79,2.0,5.85,0.134,0.261,North Atlantic,Chemicals,1,0,0
14.02,12.84,6.0,4.99,0.832,0.45,Strait of Malacca,Perishables,1,0,1
16.1,0.28,2.0,1.62,0.015,0.219,Mediterranean,Electronics,0,0,0
16.57,9.62,4.0,27.08,0.707,0.242,Strait of Malacca,General,1,0,1
14.87,2.19,2.0,1.89,0.135,0.346,Arabian Sea,Automotive,0,0,0
17.8,0.39,8.0,6.81,0.443,0.249,Strait of Malacca,General,1,0,0
20.8,2.67,4.0,1.57,0.27,0.207,North Atlantic,Automotive,0,0,0
13.23,0.12,8.0,7.17,0.867,0.389,Red Sea,Chemicals,1,0,1
10.75,12.71,8.0,3.54,0.161,0.067,Yellow Sea,General,0,0,0
13.76,0.41,2.0,2.4,0.1,0.292,Mediterranean,Electronics,0,0,0
14.21,1.46,6.0,12.97,0.683,0.018,English Channel,Chemicals,1,0,0
16.71,3.51,4.0,0.66,0.321,0.146,Strait of Malacca,Perishables,0,0,0
13.2,11.75,8.0,0.78,0.521,0.388,Suez Canal,Electronics,0,0,0
11.75,2.84,2.0,9.87,0.575,0.388,Arabian Sea,General,1,0,0
16.41,0.35,2.0,1.31,0.516,0.342,Atlantic,Chemicals,0,0,0
13.29,1.09,2.0,1.99,0.371,0.243,Cape of Good Hope,General,0,0,0
14.0,3.64,4.0,11.38,0.04,0.002,Open Ocean,Perishables,1,0,0
11.57,0.97,4.0,1.58,0.123,0.16,Yellow Sea,Electronics,0,0,0
14.97,1.96,6.0,3.1,0.515,0.217,Suez Canal,Automotive,0,0,0
15.01,0.08,2.0,5.85,0.734,0.305,Suez Canal,Perishables,1,0,0
18.77,10.15,8.0,1.05,0.404,0.496,Mediterranean,Perishables,0,0,0
12.66,0.57,4.0,0.12,0.083,0.185,North Atlantic,Electronics,0,0,0
15.43,4.73,8.0,3.58,0.283,0.25,English Channel,Chemicals,0,0,0
14.31,6.42,2.0,28.4,0.78,0.29,Red Sea,General,1,0,1
16.0,11.3,4.0,2.94,0.163,0.273,Indian Ocean,Electronics,0,0,0
15.53,1.76,6.0,5.98,0.392,0.395,North Atlantic,General,1,0,0
19.94,0.1,8.0,7.07,0.048,0.527,Open Ocean,Chemicals,1,0,0
14.48,2.97,6.0,0.19,0.102,0.258,South China Sea,General,0,0,0
14.41,23.85,8.0,1.12,0.443,0.327,Red Sea,Automotive,0,0,0
11.09,0.93,6.0,6.56,0.678,0.39,Pacific,Chemicals,1,0,0
10.43,3.95,4.0,2.47,0.365,0.185,Strait of Malacca,Electronics,0,0,0
12.19,0.86,4.0,0.05,0.039,0.083,Pacific,General,0,0,0
18.01,6.04,8.0,3.09,0.109,0.446,Indian Ocean,Electronics,0,0,0
15.53,17.54,4.0,1.71,0.314,0.024,North Atlantic,Electronics,0,1,0
18.65,4.2,4.0,0.31,0.597,0.455,Strait of Malacca,Automotive,0,0,0
7.21,1.29,8.0,30.95,0.133,0.444,Mediterranean,Perishables,1,0,0
11.02,14.5,6.0,0.44,0.176,0.154,South China Sea,Chemicals,0,0,0
15.78,5.83,6.0,6.21,0.342,0.294,Cape of Good Hope,Electronics,1,0,0
17.97,3.21,8.0,6.59,0.023,0.094,Atlantic,Perishables,1,0,0
15.24,5.74,4.0,7.93,0.328,0.189,North Atlantic,Electronics,1,0,0
11.26,1.25,2.0,2.21,0.003,0.041,Mediterranean,Perishables,0,0,0
10.57,3.49,4.0,1.99,0.547,0.371,English Channel,Electronics,0,0,0
14.76,3.9,8.0,1.52,0.57,0.508,Red Sea,Automotive,0,0,0
16.24,4.84,4.0,7.69,0.658,0.164,Cape of Good Hope,Automotive,1,0,0
16.58,1.58,2.0,0.63,0.157,0.259,Cape of Good Hope,Perishables,0,0,0
16.34,14.55,8.0,3.99,0.351,0.081,English Channel,Chemicals,0,0,0
11.65,0.55,6.0,3.13,0.352,0.082,Atlantic,General,0,0,0
8.77,0.64,8.0,1.43,0.026,0.271,Cape of Good Hope,Chemicals,0,0,0
8.24,10.49,8.0,4.14,0.776,0.253,Open Ocean,Automotive,1,0,0
13.52,17.93,8.0,0.16,0.34,0.446,North Atlantic,Chemicals,0,0,0
18.77,3.3,4.0,4.14,0.022,0.223,Open Ocean,Automotive,1,0,0
13.41,1.68,4.0,1.02,0.202,0.107,Pacific,Chemicals,0,0,0
16.63,4.33,8.0,7.02,0.306,0.543,Mediterranean,Chemicals,1,0,0
15.22,2.05,2.0,2.92,0.322,0.277,Open Ocean,Automotive,0,0,0
13.09,0.38,6.0,28.19,0.607,0.288,Mediterranean,General,1,0,1
8.79,0.64,4.0,1.09,0.459,0.053,Arabian Sea,Perishables,0,0,0
13.14,3.09,8.0,6.4,0.218,0.203,South China Sea,Perishables,1,0,0
13.5,1.48,4.0,0.06,0.282,0.051,Pacific,Automotive,0,0,0
14.74,2.53,4.0,1.9,0.261,0.147,Cape of Good Hope,Automotive,0,0,0
12.79,0.66,4.0,7.83,0.92,0.426,Red Sea,Automotive,1,0,1
15.92,3.48,8.0,1.15,0.001,0.545,South China Sea,Chemicals,0,0,0
9.2,14.3,6.0,0.75,0.011,0.274,North Atlantic,Automotive,0,0,0
16.5,0.78,2.0,3.82,0.564,0.21,Red Sea,Perishables,0,0,0
17.97,0.24,8.0,1.3,0.069,0.412,Atlantic,Perishables,0,0,0
12.48,10.45,4.0,0.59,0.086,0.322,Indian Ocean,Perishables,0,0,0
12.77,1.1,2.0,5.87,0.036,0.174,Pacific,Automotive,1,0,0
16.95,14.42,8.0,0.77,0.104,0.164,North Atlantic,Automotive,0,0,0
13.48,0.52,6.0,1.33,0.19,0.465,Mediterranean,Perishables,0,0,0
11.96,4.99,8.0,0.49,0.041,0.505,Mediterranean,Chemicals,0,0,0
14.9,2.16,6.0,0.1,0.006,0.294,Arabian Sea,Perishables,0,0,0
12.13,4.19,6.0,1.53,0.274,0.572,Cape of Good Hope,Perishables,0,0,0
15.19,1.09,2.0,0.41,0.386,0.064,Suez Canal,Chemicals,0,0,0
15.09,0.4,2.0,0.21,0.044,0.308,South China Sea,Electronics,0,0,0
13.14,1.84,6.0,5.39,0.472,0.201,English Channel,Chemicals,1,0,0
13.9,1.5,4.0,8.85,0.727,0.722,Open Ocean,Perishables,1,0,1
16.37,0.2,2.0,2.3,0.05,0.118,Arabian Sea,Perishables,0,0,0
16.09,8.52,8.0,0.69,0.204,0.29,Strait of Malacca,Perishables,0,0,0
18.55,0.71,2.0,0.77,0.16,0.441,Cape of Good Hope,Automotive,0,0,0
12.71,8.85,8.0,0.27,0.274,0.593,South China Sea,General,0,0,0
7.3,6.44,2.0,3.83,0.353,0.467,Mediterranean,General,0,0,0
15.5,8.41,4.0,1.67,0.269,0.547,Mediterranean,Chemicals,0,0,0
10.08,7.17,4.0,4.22,0.277,0.188,Indian Ocean,Perishables,1,0,0
15.61,4.72,4.0,1.0,0.116,0.294,Pacific,Automotive,0,0,0
11.31,6.62,4.0,2.71,0.203,0.451,Atlantic,Automotive,0,0,0
18.84,3.4,4.0,1.62,0.246,0.248,Yellow Sea,Automotive,0,0,0
15.73,0.18,4.0,1.84,0.262,0.057,Pacific,General,0,0,0
13.05,0.67,4.0,11.5,0.556,0.441,Strait of Malacca,General,1,0,0
20.31,2.56,2.0,0.75,0.391,0.544,Cape of Good Hope,Perishables,0,0,0
14.86,2.03,8.0,1.61,0.017,0.38,Pacific,General,0,0,0
16.74,2.24,6.0,1.63,0.034,0.124,North Atlantic,Perishables,0,0,0
16.11,1.15,2.0,2.14,0.046,0.211,English Channel,Chemicals,0,0,0
18.4,1.28,2.0,3.29,0.056,0.314,Atlantic,Electronics,0,0,0
15.47,0.62,8.0,0.81,0.121,0.244,Mediterranean,General,0,0,0
12.26,0.13,8.0,1.43,0.099,0.05,Cape of Good Hope,Perishables,0,0,0
12.53,18.77,6.0,26.21,0.621,0.253,Red Sea,Electronics,1,0,1
17.08,1.24,6.0,1.63,0.501,0.37,Suez Canal,Automotive,0,0,0
13.2,14.27,8.0,5.21,0.442,0.182,Red Sea,General,1,0,0
13.41,1.57,4.0,5.76,0.084,0.191,Mediterranean,General,1,0,0
12.8,0.06,2.0,1.83,0.323,0.306,Atlantic,Automotive,0,0,0
13.3,4.3,4.0,1.15,0.761,0.141,Suez Canal,Automotive,0,0,0
14.89,4.46,4.0,2.5,0.023,0.33,Open Ocean,Electronics,0,0,0
13.58,0.29,6.0,0.47,0.229,0.379,Mediterranean,Chemicals,0,0,0
20.86,11.73,8.0,0.81,0.024,0.396,North Atlantic,Chemicals,0,0,0
18.03,0.87,4.0,4.15,0.023,0.542,Pacific,Electronics,1,0,0
12.63,4.29,4.0,1.27,0.575,0.529,Atlantic,Chemicals,0,0,0
16.46,0.7,4.0,0.0,0.174,0.089,Arabian Sea,Automotive,0,0,0
15.01,5.0,6.0,4.5,0.196,0.323,Mediterranean,Automotive,1,0,0
15.14,1.25,2.0,3.2,0.003,0.089,Indian Ocean,Electronics,0,0,0
14.15,2.79,8.0,0.63,0.549,0.559,Red Sea,Perishables,0,0,0
15.83,3.98,8.0,0.58,0.373,0.201,English Channel,General,0,0,0
8.55,13.06,8.0,5.27,0.159,0.068,Indian Ocean,General,1,0,0
13.52,9.09,6.0,3.04,0.056,0.493,Indian Ocean,Chemicals,0,0,0
12.78,2.62,2.0,0.84,0.104,0.271,Pacific,Chemicals,0,0,0
13.18,8.34,8.0,1.05,0.002,0.439,English Channel,Chemicals,0,0,0
17.25,5.07,6.0,0.42,0.084,0.654,Arabian Sea,General,0,0,0
13.08,1.38,6.0,22.88,0.803,0.226,Strait of Malacca,General,1,0,1
16.9,6.65,6.0,1.02,0.083,0.486,North Atlantic,General,0,0,0
12.7,8.18,6.0,6.21,0.524,0.365,Cape of Good Hope,Perishables,1,0,0
11.92,0.62,8.0,0.09,0.092,0.074,Mediterranean,Perishables,0,0,0
12.61,0.11,6.0,2.18,0.04,0.227,Open Ocean,Automotive,0,0,0
16.33,30.34,8.0,0.27,0.104,0.192,Cape of Good Hope,General,0,0,0
16.47,8.51,6.0,3.55,0.263,0.142,Yellow Sea,Perishables,0,0,0
13.81,14.62,8.0,3.76,0.134,0.368,North Atlantic,Perishables,0,0,0
11.11,4.87,4.0,2.53,0.019,0.316,Cape of Good Hope,Electronics,0,0,0
11.5,12.77,8.0,0.62,0.189,0.185,South China Sea,Automotive,0,0,0
17.65,2.22,4.0,6.84,0.365,0.129,Open Ocean,Perishables,1,0,0
16.4,0.43,6.0,1.79,0.075,0.444,Indian Ocean,Chemicals,0,0,0
15.0,4.43,6.0,2.94,0.385,0.132,Red Sea,Automotive,0,0,0
10.16,0.28,4.0,0.31,0.045,0.1,North Atlantic,Electronics,0,0,0
14.85,6.88,2.0,1.74,0.017,0.295,Pacific,General,0,0,0
12.24,5.75,8.0,4.51,0.452,0.274,Atlantic,Perishables,1,0,0
16.63,14.49,8.0,3.69,0.184,0.13,Pacific,Perishables,0,0,0
10.58,5.67,8.0,3.63,0.176,0.272,North Atlantic,Automotive,0,0,0
11.68,4.36,6.0,1.31,0.582,0.107,Strait of Malacca,General,0,0,0
15.22,2.93,4.0,4.97,0.633,0.1,Suez Canal,Electronics,1,0,0
14.81,2.17,2.0,5.73,0.496,0.25,South China Sea,Perishables,1,0,0
17.71,0.71,6.0,2.85,0.195,0.029,South China Sea,Perishables,0,0,0
15.9,0.57,2.0,1.26,0.03,0.515,Atlantic,General,0,0,0
14.81,8.26,2.0,0.36,0.221,0.095,Pacific,Electronics,0,1,0
18.55,4.76,6.0,2.78,0.081,0.039,Atlantic,Perishables,0,0,0
5.55,2.77,4.0,4.84,0.517,0.109,Atlantic,Perishables,1,0,0
6.59,2.4,2.0,4.53,0.109,0.462,Yellow Sea,Automotive,1,0,0
18.82,8.93,8.0,5.09,0.291,0.026,Arabian Sea,Perishables,1,0,0
10.99,1.58,4.0,4.88,0.052,0.526,Atlantic,Perishables,1,0,0
16.23,4.04,8.0,8.01,0.695,0.187,Arabian Sea,Electronics,1,0,0
12.83,26.52,8.0,17.62,0.768,0.285,Red Sea,Chemicals,1,0,1
12.55,2.25,2.0,0.76,0.129,0.31,English Channel,Perishables,0,0,0
11.71,15.28,8.0,11.14,0.608,0.377,South China Sea,Automotive,1,0,0
15.79,2.96,8.0,1.79,0.346,0.528,North Atlantic,General,0,0,0
13.97,3.61,6.0,7.11,0.1,0.22,Indian Ocean,General,1,0,0
12.85,15.59,4.0,2.69,0.075,0.425,Pacific,General,0,0,0
13.31,0.86,2.0,1.25,0.081,0.202,Atlantic,Chemicals,0,0,0
8.88,2.07,6.0,3.34,0.46,0.599,Atlantic,Electronics,0,0,0
12.34,9.67,8.0,0.23,0.263,0.522,North Atlantic,Perishables,0,0,0
10.78,2.37,4.0,7.89,0.688,0.252,Pacific,Electronics,1,0,0
11.59,2.0,6.0,2.14,0.128,0.206,Cape of Good Hope,Automotive,0,0,0
15.59,0.8,2.0,12.12,0.632,0.509,Red Sea,Chemicals,1,0,0
16.27,5.17,6.0,0.46,0.134,0.357,North Atlantic,General,0,0,0
17.71,3.16,6.0,9.88,0.113,0.275,Arabian Sea,Perishables,1,0,0
11.53,3.61,4.0,0.67,0.496,0.219,Indian Ocean,Perishables,0,0,0
14.72,3.47,2.0,41.08,0.615,0.225,Red Sea,Automotive,1,0,1
15.62,1.31,8.0,3.18,0.074,0.222,South China Sea,General,0,0,0
15.99,0.11,8.0,0.75,0.101,0.308,Cape of Good Hope,Electronics,0,0,0
14.92,6.74,6.0,0.24,0.057,0.201,South China Sea,General,0,0,0
20.24,7.89,6.0,1.95,0.289,0.213,Indian Ocean,General,0,0,0
16.3,2.94,2.0,0.34,0.125,0.216,Atlantic,Perishables,0,0,0
12.07,2.94,8.0,0.97,0.028,0.123,Atlantic,Perishables,0,0,0
16.51,1.65,4.0,0.42,0.134,0.18,South China Sea,General,0,0,0
12.93,1.76,4.0,2.66,0.117,0.197,North Atlantic,Chemicals,0,0,0
10.57,21.86,6.0,1.61,0.411,0.085,Yellow Sea,Chemicals,0,0,0
10.78,7.21,4.0,0.06,0.383,0.211,Strait of Malacca,Perishables,0,0,0
15.59,0.56,6.0,3.51,0.162,0.235,Mediterranean,Electronics,0,0,0
16.34,7.28,8.0,0.55,0.021,0.146,Cape of Good Hope,Automotive,0,0,0
13.65,0.22,4.0,2.26,0.295,0.257,Atlantic,Chemicals,0,0,0
17.51,0.41,2.0,0.32,0.534,0.245,Strait of Malacca,Electronics,0,0,0
14.11,1.07,2.0,1.09,0.251,0.128,Arabian Sea,Automotive,0,0,0
14.53,0.17,4.0,1.84,0.039,0.048,Open Ocean,Electronics,0,0,0
22.35,6.71,2.0,3.15,0.601,0.135,Red Sea,General,0,0,0
14.93,2.84,8.0,1.33,0.333,0.27,Strait of Malacca,Chemicals,0,0,0
12.01,1.68,2.0,19.79,0.735,0.119,Suez Canal,General,1,0,1
16.93,2.15,4.0,0.54,0.543,0.178,Strait of Malacca,Automotive,0,0,0
14.08,6.19,4.0,0.53,0.07,0.403,Cape of Good Hope,Perishables,0,0,0
14.24,1.42,2.0,0.39,0.085,0.151,Yellow Sea,Electronics,0,0,0
12.89,40.58,8.0,21.25,0.724,0.506,Suez Canal,Perishables,1,1,1
16.92,1.83,4.0,0.17,0.25,0.214,Cape of Good Hope,Chemicals,0,0,0
15.03,13.05,8.0,1.18,0.009,0.465,Pacific,Chemicals,0,0,0
7.87,3.36,2.0,10.77,0.438,0.103,Strait of Malacca,Chemicals,1,0,0
18.08,0.2,2.0,2.76,0.68,0.295,Red Sea,Electronics,0,0,0
16.75,3.43,8.0,0.51,0.007,0.15,Yellow Sea,Automotive,0,0,0
16.34,7.16,2.0,0.4,0.021,0.343,Arabian Sea,Automotive,0,0,0
7.89,0.6,8.0,9.38,0.655,0.633,Strait of Malacca,Electronics,1,0,1
12.86,0.11,2.0,4.31,0.531,0.192,Arabian Sea,Perishables,1,0,0
15.33,1.35,2.0,3.13,0.023,0.161,Mediterranean,Electronics,0,0,0
11.33,7.91,8.0,0.23,0.227,0.265,South China Sea,Electronics,0,0,0
17.32,3.2,8.0,15.93,0.376,0.128,Pacific,Perishables,1,0,0
13.39,22.97,6.0,4.08,0.2,0.208,English Channel,Automotive,1,0,0
10.88,0.67,2.0,0.25,0.291,0.3,Open Ocean,Electronics,0,0,0
13.77,1.75,4.0,3.45,0.094,0.368,Arabian Sea,Automotive,0,0,0
12.42,17.95,8.0,7.43,0.145,0.826,South China Sea,Chemicals,1,0,0
14.18,0.49,4.0,41.02,0.716,0.269,Suez Canal,Automotive,1,0,1
17.38,1.92,4.0,11.8,0.678,0.361,Suez Canal,Automotive,1,0,0
12.35,12.13,4.0,0.16,0.078,0.298,Mediterranean,Perishables,0,0,0
12.98,10.52,6.0,1.76,0.127,0.177,Cape of Good Hope,Chemicals,0,0,0
13.6,4.99,6.0,0.0,0.122,0.245,English Channel,Automotive,0,0,0
20.23,5.97,4.0,4.53,0.078,0.214,Atlantic,Automotive,1,0,0
10.57,0.42,2.0,0.39,0.084,0.586,Open Ocean,Chemicals,0,0,0
15.79,0.64,4.0,1.05,0.208,0.343,Yellow Sea,Chemicals,0,0,0
13.35,1.63,6.0,1.33,0.002,0.54,North Atlantic,Electronics,0,0,0
13.32,3.85,8.0,0.1,0.014,0.176,Pacific,Electronics,0,0,0
16.76,1.03,2.0,0.35,0.205,0.341,English Channel,Chemicals,0,0,0
14.96,0.39,2.0,1.26,0.044,0.345,Atlantic,Chemicals,0,0,0
7.82,1.81,2.0,0.29,0.086,0.454,Yellow Sea,General,0,0,0
20.74,0.49,4.0,0.17,0.102,0.332,Pacific,Automotive,0,0,0
5.31,2.8,2.0,8.93,0.815,0.485,Suez Canal,Chemicals,1,0,1
15.82,3.37,4.0,1.81,0.248,0.267,English Channel,Perishables,0,0,0
20.13,3.89,4.0,2.61,0.31,0.198,Mediterranean,Chemicals,0,0,0
13.59,5.44,8.0,0.08,0.339,0.278,Pacific,Chemicals,0,0,0
13.87,12.0,8.0,0.62,0.123,0.359,Arabian Sea,Chemicals,0,0,0
13.25,3.0,2.0,1.9,0.024,0.141,North Atlantic,General,0,0,0
14.25,32.61,8.0,8.77,0.891,0.248,Strait of Malacca,General,1,1,1
14.62,5.27,8.0,0.18,0.182,0.475,Atlantic,Perishables,0,0,0
11.39,3.36,4.0,3.16,0.237,0.545,Suez Canal,Automotive,0,0,0
12.25,1.03,8.0,0.51,0.187,0.317,North Atlantic,Automotive,0,0,0
16.52,3.24,2.0,0.81,0.485,0.1,Strait of Malacca,Automotive,0,0,0
14.76,3.72,6.0,0.26,0.193,0.422,North Atlantic,Chemicals,0,0,0
14.91,2.54,4.0,6.67,0.848,0.51,Strait of Malacca,Chemicals,1,0,1
12.24,3.9,4.0,9.75,0.621,0.633,Suez Canal,Electronics,1,0,1
12.77,4.9,2.0,2.21,0.184,0.566,North Atlantic,General,0,0,0
17.78,4.13,2.0,0.35,0.412,0.168,Cape of Good Hope,Electronics,0,0,0
16.93,0.43,4.0,1.52,0.481,0.521,Arabian Sea,General,0,0,0
11.43,21.85,6.0,7.11,0.752,0.157,Red Sea,Perishables,1,0,0
15.64,0.3,2.0,4.32,0.168,0.267,Atlantic,Chemicals,1,0,0
11.98,1.02,2.0,5.23,0.389,0.126,Yellow Sea,General,1,0,0
19.24,3.6,2.0,15.73,0.64,0.219,Suez Canal,General,1,0,0
22.12,5.12,4.0,0.13,0.14,0.261,Arabian Sea,Perishables,0,0,0
9.75,2.63,6.0,0.1,0.348,0.152,Cape of Good Hope,Chemicals,0,0,0
14.97,0.7,4.0,3.25,0.013,0.424,Arabian Sea,Perishables,0,0,0
7.53,11.1,8.0,14.92,0.616,0.153,Suez Canal,Electronics,1,0,0
14.77,2.03,6.0,14.62,0.887,0.333,Red Sea,Automotive,1,0,1
7.45,8.94,6.0,2.04,0.556,0.202,Suez Canal,Chemicals,0,0,0
15.58,9.53,2.0,3.78,0.107,0.204,North Atlantic,Automotive,0,1,0
10.05,7.65,4.0,1.02,0.301,0.622,English Channel,Automotive,0,0,0
10.68,21.48,8.0,6.81,0.661,0.08,Suez Canal,Chemicals,1,0,0
11.55,10.64,6.0,0.61,0.259,0.484,Mediterranean,Electronics,0,0,0
12.41,6.91,8.0,4.6,0.197,0.611,Atlantic,Perishables,1,0,0
12.7,16.81,8.0,1.35,0.588,0.369,Red Sea,Perishables,0,0,0
16.34,0.78,8.0,1.71,0.327,0.355,Suez Canal,General,0,0,0
12.89,4.37,6.0,2.0,0.032,0.392,Arabian Sea,Perishables,0,0,0
11.77,1.78,4.0,4.83,0.789,0.286,Suez Canal,Perishables,1,0,0
12.9,6.19,8.0,8.16,0.91,0.187,Strait of Malacca,Perishables,1,0,1
15.47,4.33,8.0,1.35,0.289,0.343,Atlantic,Electronics,0,0,0
11.86,2.08,4.0,36.39,0.76,0.392,Suez Canal,Automotive,1,0,1
15.55,4.16,2.0,1.77,0.057,0.281,Mediterranean,Chemicals,0,0,0
16.06,1.25,4.0,0.78,0.577,0.536,Atlantic,General,0,0,0
13.06,17.05,8.0,0.02,0.062,0.145,Pacific,General,0,0,0
13.88,0.55,4.0,9.03,0.74,0.446,Suez Canal,Perishables,1,0,1
10.69,2.55,8.0,5.41,0.112,0.354,Mediterranean,Automotive,1,0,0
19.43,0.81,2.0,1.02,0.304,0.176,Atlantic,Automotive,0,0,0
10.68,1.21,4.0,0.84,0.015,0.336,Yellow Sea,Electronics,0,0,0
16.42,0.74,8.0,2.3,0.192,0.22,Cape of Good Hope,General,0,0,0
12.82,3.06,4.0,1.36,0.574,0.182,Strait of Malacca,General,0,0,0
18.99,3.31,4.0,21.15,0.841,0.288,Suez Canal,Perishables,1,0,1
9.48,8.15,8.0,6.12,0.059,0.428,English Channel,Electronics,1,0,0
18.08,1.22,4.0,6.35,0.599,0.352,Open Ocean,Automotive,1,0,0
11.62,1.38,6.0,4.36,0.234,0.096,Yellow Sea,Automotive,1,0,0
19.61,3.13,4.0,2.93,0.177,0.08,English Channel,Automotive,0,0,0
16.52,4.11,6.0,1.16,0.035,0.287,Open Ocean,Automotive,0,0,0
17.59,2.9,8.0,0.8,0.041,0.179,Indian Ocean,Perishables,0,0,0
11.78,2.49,2.0,0.4,0.033,0.595,Pacific,Chemicals,0,0,0
15.15,9.61,6.0,0.6,0.095,0.417,Pacific,General,0,0,0
13.44,46.63,8.0,1.06,0.356,0.308,Open Ocean,Automotive,0,1,0
11.54,13.48,6.0,0.23,0.126,0.351,English Channel,General,0,0,0
16.95,9.42,8.0,2.42,0.059,0.22,Yellow Sea,General,0,0,0
13.39,1.55,2.0,0.86,0.594,0.234,Strait of Malacca,Electronics,0,0,0
14.22,0.8,2.0,2.34,0.128,0.075,Pacific,Electronics,0,0,0
13.97,11.05,6.0,5.46,0.035,0.371,Mediterranean,Electronics,1,0,0
16.86,5.58,8.0,4.07,0.017,0.214,Indian Ocean,Perishables,1,0,0
17.83,3.04,4.0,3.34,0.176,0.044,Cape of Good Hope,Electronics,0,0,0
12.7,3.92,4.0,0.64,0.286,0.257,Yellow Sea,Perishables,0,0,0
14.58,1.38,4.0,12.05,0.686,0.196,Red Sea,Chemicals,1,0,0
12.68,2.75,4.0,1.05,0.25,0.06,Open Ocean,Perishables,0,0,0
15.25,1.95,8.0,8.78,0.705,0.635,Pacific,Electronics,1,0,1
9.98,1.02,2.0,1.13,0.195,0.367,Arabian Sea,Chemicals,0,0,0
13.32,0.42,2.0,7.24,0.152,0.226,Indian Ocean,General,1,0,0
10.3,2.7,2.0,0.82,0.034,0.66,Mediterranean,Electronics,0,0,0
16.12,14.38,4.0,0.73,0.352,0.312,Red Sea,Chemicals,0,0,0
17.19,0.13,2.0,1.58,0.186,0.303,Pacific,Electronics,0,0,0
16.91,9.43,8.0,1.71,0.315,0.482,Pacific,Electronics,0,0,0
14.96,11.6,8.0,2.87,0.62,0.097,Strait of Malacca,Perishables,0,0,0
12.53,4.09,4.0,1.76,0.228,0.266,Arabian Sea,Chemicals,0,0,0
12.46,0.88,2.0,27.24,0.856,0.413,Suez Canal,General,1,0,1
12.76,7.94,8.0,2.98,0.252,0.65,Pacific,General,0,0,0
18.18,2.85,2.0,9.28,0.784,0.238,Suez Canal,Automotive,1,0,0
13.82,0.17,6.0,0.56,0.401,0.18,South China Sea,Chemicals,0,0,0
16.51,0.26,2.0,2.64,0.059,0.242,Arabian Sea,Perishables,0,0,0
16.28,3.57,6.0,6.98,0.141,0.434,South China Sea,Perishables,1,0,0
6.16,2.89,6.0,18.98,0.182,0.3,Mediterranean,Automotive,1,0,0
12.17,51.76,8.0,8.19,0.055,0.111,Indian Ocean,General,1,1,0
8.49,17.5,4.0,4.76,0.007,0.224,Pacific,Electronics,1,1,0
15.09,0.65,2.0,0.61,0.017,0.047,Pacific,Electronics,0,0,0
17.24,0.53,6.0,0.85,0.195,0.264,Yellow Sea,Chemicals,0,0,0
20.99,1.42,2.0,2.21,0.037,0.57,Atlantic,General,0,0,0
19.38,5.84,2.0,2.71,0.215,0.233,Pacific,Perishables,0,0,0
15.3,1.48,6.0,0.34,0.478,0.141,North Atlantic,Chemicals,0,0,0
10.09,0.77,2.0,0.02,0.116,0.065,Indian Ocean,Perishables,0,0,0
13.59,2.71,4.0,4.47,0.505,0.164,Strait of Malacca,General,1,0,0
16.23,2.13,8.0,1.03,0.069,0.295,Cape of Good Hope,Automotive,0,0,0
13.07,1.07,4.0,2.95,0.325,0.288,Open Ocean,Perishables,0,0,0
12.71,0.08,6.0,0.61,0.313,0.307,Mediterranean,Electronics,0,0,0
11.1,9.8,8.0,14.86,0.728,0.199,Strait of Malacca,Chemicals,1,0,0
13.71,15.4,6.0,1.05,0.407,0.414,Indian Ocean,Chemicals,0,0,0
12.42,5.36,2.0,5.28,0.13,0.358,Yellow Sea,Electronics,1,0,0
17.85,1.84,6.0,0.06,0.2,0.234,English Channel,Chemicals,0,0,0
12.95,4.75,4.0,3.15,0.167,0.063,Indian Ocean,General,0,0,0
11.61,2.62,6.0,0.91,0.085,0.425,North Atlantic,Electronics,0,0,0
14.08,0.94,2.0,0.52,0.069,0.264,Open Ocean,Perishables,0,0,0
13.66,6.8,4.0,2.53,0.183,0.332,English Channel,Electronics,0,0,0
13.03,0.53,6.0,1.0,0.015,0.15,Atlantic,Perishables,0,0,0
11.45,0.8,6.0,2.88,0.349,0.084,Arabian Sea,Automotive,0,0,0
13.67,0.68,2.0,1.76,0.167,0.314,Indian Ocean,Perishables,0,0,0
15.7,3.08,6.0,2.84,0.067,0.182,Cape of Good Hope,Electronics,0,0,0
14.44,2.57,6.0,2.15,0.259,0.368,Cape of Good Hope,General,0,0,0
13.94,9.57,6.0,0.93,0.194,0.222,Yellow Sea,General,0,0,0
13.7,15.77,4.0,6.03,0.622,0.194,Strait of Malacca,General,1,0,0
17.07,0.76,4.0,0.6,0.513,0.448,North Atlantic,Chemicals,0,0,0
15.94,0.7,2.0,0.45,0.098,0.458,Mediterranean,Electronics,0,0,0
14.7,1.55,6.0,20.5,0.669,0.121,Red Sea,Automotive,1,0,0
17.49,3.35,4.0,1.56,0.202,0.272,Arabian Sea,Chemicals,0,0,0
18.64,1.41,2.0,3.61,0.313,0.141,Mediterranean,Perishables,0,0,0
11.65,21.04,6.0,0.41,0.472,0.05,South China Sea,Perishables,0,0,0
10.87,17.22,6.0,7.62,0.139,0.232,South China Sea,Electronics,1,0,0
12.03,26.69,8.0,0.82,0.203,0.163,Atlantic,Perishables,0,0,0
17.13,3.09,2.0,0.94,0.083,0.326,Arabian Sea,Electronics,0,0,0
11.73,2.45,6.0,0.34,0.071,0.191,Open Ocean,Chemicals,0,0,0
11.88,2.44,4.0,2.65,0.098,0.364,Indian Ocean,Perishables,0,0,0
10.41,0.09,2.0,3.19,0.411,0.697,Atlantic,Automotive,0,0,0
18.53,2.68,6.0,2.45,0.358,0.251,Cape of Good Hope,Chemicals,0,0,0
9.23,0.15,8.0,1.48,0.199,0.151,Red Sea,Perishables,0,0,0
9.63,1.02,4.0,0.21,0.227,0.364,Arabian Sea,Chemicals,0,0,0
15.5,6.06,6.0,3.68,0.156,0.223,Arabian Sea,Electronics,0,0,0
15.66,0.08,8.0,1.76,0.118,0.31,English Channel,Electronics,0,0,0
17.18,4.31,6.0,1.84,0.035,0.14,Cape of Good Hope,Electronics,0,0,0
18.05,0.57,2.0,4.31,0.417,0.195,Indian Ocean,Chemicals,1,0,0
13.2,1.39,8.0,1.05,0.483,0.147,Suez Canal,General,0,0,0
17.08,11.26,4.0,3.18,0.108,0.24,Yellow Sea,Electronics,0,0,0
19.49,2.03,8.0,2.21,0.534,0.169,Red Sea,Electronics,0,0,0
8.37,0.57,4.0,2.43,0.296,0.418,Open Ocean,Perishables,0,0,0
13.66,43.35,8.0,6.27,0.714,0.237,Red Sea,Chemicals,1,1,0
12.38,1.21,6.0,1.29,0.084,0.574,Open Ocean,Electronics,0,0,0
12.12,5.04,6.0,0.34,0.569,0.145,Arabian Sea,Automotive,0,0,0
8.47,0.18,6.0,1.71,0.076,0.034,Mediterranean,Chemicals,0,0,0
13.15,0.6,2.0,4.42,0.521,0.137,Suez Canal,Perishables,1,0,0
15.48,9.09,8.0,0.44,0.184,0.326,Open Ocean,Automotive,0,0,0
17.22,2.07,2.0,0.61,0.231,0.362,Mediterranean,Chemicals,0,0,0
12.45,1.94,6.0,0.41,0.033,0.408,Arabian Sea,General,0,0,0
12.54,4.07,2.0,0.13,0.01,0.288,Arabian Sea,Automotive,0,0,0
18.06,0.17,4.0,2.63,0.014,0.272,Mediterranean,Perishables,0,0,0
16.4,0.33,2.0,13.17,0.664,0.278,Yellow Sea,Automotive,1,0,0
12.29,2.49,4.0,6.1,0.181,0.837,Cape of Good Hope,Automotive,1,0,0
17.42,3.47,6.0,15.36,0.67,0.478,Red Sea,Chemicals,1,0,1
11.68,2.67,2.0,1.4,0.036,0.399,Indian Ocean,General,0,0,0
15.43,1.83,4.0,10.75,0.236,0.221,Strait of Malacca,Chemicals,1,0,0
8.59,6.87,8.0,1.22,0.51,0.368,Pacific,Electronics,0,0,0
14.05,0.18,2.0,3.74,0.281,0.23,Mediterranean,Electronics,0,0,0
10.92,4.45,2.0,1.78,0.014,0.194,Arabian Sea,General,0,0,0
16.51,1.62,2.0,1.29,0.471,0.412,Cape of Good Hope,Electronics,0,0,0
14.45,3.53,4.0,1.83,0.063,0.24,Atlantic,Automotive,0,0,0
15.73,2.2,2.0,0.58,0.126,0.286,Indian Ocean,Perishables,0,0,0
16.1,1.42,2.0,4.65,0.068,0.447,Atlantic,Chemicals,1,0,0
15.64,2.8,8.0,1.78,0.89,0.023,Red Sea,General,0,0,0
18.0,3.23,6.0,0.67,0.355,0.531,Open Ocean,Perishables,0,0,0
17.92,9.18,6.0,3.95,0.16,0.319,Yellow Sea,Electronics,0,0,0
10.74,5.49,2.0,3.33,0.46,0.351,Arabian Sea,Electronics,0,0,0
11.77,0.39,6.0,4.57,0.413,0.219,Indian Ocean,Chemicals,1,0,0
10.12,0.33,4.0,0.01,0.121,0.339,Arabian Sea,Automotive,0,0,0
7.42,1.42,2.0,3.75,0.186,0.097,English Channel,Automotive,0,0,0
7.01,1.94,6.0,10.91,0.188,0.42,Yellow Sea,Electronics,1,0,0
8.2,2.55,4.0,0.82,0.55,0.422,Yellow Sea,Automotive,0,0,0
13.37,5.89,8.0,5.16,0.073,0.255,Arabian Sea,Perishables,1,0,0
16.12,4.99,8.0,21.26,0.754,0.151,Red Sea,Perishables,1,0,1
11.39,0.6,8.0,0.56,0.067,0.23,Yellow Sea,Chemicals,0,0,0
15.18,4.64,4.0,6.29,0.261,0.195,Atlantic,Electronics,1,0,0
14.08,3.64,8.0,38.71,0.694,0.374,Strait of Malacca,Perishables,1,0,1
14.86,4.43,4.0,6.82,0.622,0.216,Red Sea,Electronics,1,0,0
17.9,2.27,4.0,1.9,0.058,0.348,South China Sea,General,0,0,0
10.5,9.58,6.0,3.16,0.203,0.063,South China Sea,Chemicals,0,0,0
10.12,14.6,6.0,57.82,0.735,0.303,Strait of Malacca,Perishables,1,0,2
15.41,0.23,4.0,0.38,0.39,0.096,South China Sea,Perishables,0,0,0
13.35,7.7,8.0,1.21,0.09,0.191,Arabian Sea,Electronics,0,0,0
12.67,1.96,4.0,0.37,0.056,0.313,Open Ocean,Electronics,0,0,0
12.32,2.91,8.0,2.54,0.069,0.421,English Channel,Electronics,0,0,0
16.03,6.13,4.0,2.7,0.28,0.333,North Atlantic,Automotive,0,0,0
17.6,3.93,8.0,0.19,0.264,0.626,Pacific,Perishables,0,0,0
13.41,0.36,6.0,0.35,0.591,0.282,Strait of Malacca,Automotive,0,0,0
19.5,5.95,8.0,1.76,0.188,0.115,Arabian Sea,Perishables,0,0,0
20.88,0.39,2.0,1.19,0.484,0.234,Yellow Sea,General,0,0,0
11.13,2.63,8.0,0.74,0.0,0.309,South China Sea,Electronics,0,0,0
8.24,4.56,4.0,0.3,0.022,0.207,Yellow Sea,Automotive,0,0,0
17.04,13.66,6.0,0.56,0.201,0.036,South China Sea,General,0,0,0
16.58,10.86,4.0,3.58,0.654,0.173,Red Sea,Electronics,0,0,0
10.86,3.6,4.0,0.18,0.22,0.228,Arabian Sea,Perishables,0,0,0
16.1,3.37,6.0,3.84,0.073,0.136,Arabian Sea,Automotive,0,0,0
20.38,0.38,2.0,0.43,0.031,0.4,South China Sea,Electronics,0,0,0
10.09,2.36,8.0,3.77,0.404,0.197,Red Sea,Electronics,0,0,0
16.79,2.38,2.0,1.16,0.069,0.152,Arabian Sea,Perishables,0,0,0
16.56,2.23,4.0,0.39,0.33,0.184,Yellow Sea,Electronics,0,0,0
14.3,0.46,6.0,2.84,0.069,0.262,Arabian Sea,Automotive,0,0,0
13.2,4.13,8.0,1.1,0.027,0.166,Indian Ocean,Automotive,0,0,0
13.19,8.41,4.0,29.14,0.645,0.308,Red Sea,Perishables,1,0,1
9.39,1.09,2.0,4.52,0.314,0.332,Mediterranean,Chemicals,1,0,0
15.1,0.77,2.0,3.42,0.108,0.22,South China Sea,Chemicals,0,0,0
15.81,0.6,6.0,1.28,0.006,0.068,North Atlantic,Chemicals,0,0,0
14.75,18.4,8.0,2.69,0.856,0.173,Red Sea,General,0,0,0
14.5,16.37,8.0,1.19,0.242,0.35,Pacific,Electronics,0,0,0
9.03,2.6,2.0,0.34,0.355,0.401,North Atlantic,Electronics,0,0,0
16.74,6.78,6.0,4.19,0.013,0.293,Yellow Sea,General,1,0,0
11.08,8.85,8.0,3.72,0.031,0.09,South China Sea,Chemicals,0,0,0
13.71,12.26,6.0,0.51,0.076,0.543,North Atlantic,General,0,0,0
12.73,9.97,4.0,1.58,0.398,0.257,Strait of Malacca,Automotive,0,0,0
12.35,1.29,4.0,11.01,0.829,0.205,Strait of Malacca,Automotive,1,0,1
9.33,4.88,6.0,0.81,0.123,0.179,Yellow Sea,General,0,0,0
20.46,2.5,4.0,1.11,0.207,0.18,English Channel,Perishables,0,0,0
15.64,1.41,6.0,0.13,0.143,0.251,Pacific,Electronics,0,0,0
15.74,0.54,2.0,0.05,0.143,0.507,English Channel,General,0,0,0
11.89,6.49,6.0,2.37,0.657,0.332,Suez Canal,Electronics,0,0,0
10.87,2.64,6.0,4.6,0.176,0.459,South China Sea,Electronics,1,0,0
14.96,1.28,2.0,2.5,0.49,0.326,Yellow Sea,Perishables,0,0,0
12.95,20.75,6.0,0.12,0.248,0.063,Atlantic,Automotive,0,0,0
17.14,2.37,2.0,5.41,0.492,0.262,North Atlantic,Electronics,1,0,0
8.56,0.22,4.0,0.52,0.318,0.078,South China Sea,Perishables,0,0,0
9.69,1.63,2.0,1.79,0.057,0.277,Atlantic,General,0,0,0
12.06,6.07,2.0,0.92,0.594,0.539,Atlantic,General,0,0,0
15.76,0.34,8.0,0.86,0.364,0.044,Suez Canal,Chemicals,0,0,0
14.68,1.43,4.0,0.23,0.095,0.205,Arabian Sea,Electronics,0,0,0
13.07,9.89,4.0,3.66,0.088,0.67,Atlantic,Chemicals,0,0,0
10.96,1.07,4.0,0.35,0.005,0.345,Pacific,Chemicals,0,0,0
13.94,2.35,4.0,6.37,0.844,0.124,Suez Canal,Automotive,1,0,0
12.76,0.03,6.0,3.95,0.801,0.083,Suez Canal,Chemicals,0,0,0
17.53,2.42,6.0,7.25,0.356,0.449,Open Ocean,Electronics,1,0,0
15.51,0.39,4.0,0.08,0.477,0.145,Strait of Malacca,Electronics,0,0,0
13.83,4.51,6.0,0.04,0.28,0.03,Red Sea,General,0,0,0
12.84,6.27,2.0,0.69,0.576,0.195,Strait of Malacca,Automotive,0,0,0
12.56,8.45,6.0,1.62,0.342,0.221,Indian Ocean,General,0,0,0
15.26,1.71,6.0,0.39,0.206,0.32,Open Ocean,General,0,0,0
15.87,4.66,4.0,2.25,0.342,0.269,Atlantic,Automotive,0,0,0
14.6,33.21,6.0,9.43,0.173,0.037,Pacific,Chemicals,1,1,0
11.91,2.16,4.0,1.69,0.332,0.229,Yellow Sea,General,0,0,0
12.27,4.69,4.0,2.14,0.213,0.148,Indian Ocean,General,0,0,0
12.76,1.2,4.0,1.08,0.065,0.693,English Channel,Automotive,0,0,0
11.37,1.24,6.0,0.46,0.211,0.338,Arabian Sea,Chemicals,0,0,0
11.29,0.23,2.0,16.5,0.61,0.046,Indian Ocean,Perishables,1,0,0
16.02,4.85,8.0,22.19,0.63,0.02,Strait of Malacca,Perishables,1,0,0
13.75,0.38,6.0,0.11,0.19,0.165,Pacific,Automotive,0,0,0
13.95,1.63,2.0,3.26,0.243,0.426,Yellow Sea,General,0,0,0
16.21,0.52,2.0,4.32,0.054,0.485,North Atlantic,Chemicals,1,0,0
16.03,1.44,2.0,3.06,0.15,0.638,Yellow Sea,Electronics,0,0,0
14.69,1.03,8.0,2.31,0.234,0.173,Arabian Sea,Electronics,0,0,0
12.02,7.51,8.0,2.03,0.012,0.255,Yellow Sea,General,0,0,0
11.89,8.53,8.0,1.16,0.279,0.145,Atlantic,General,0,0,0
14.11,3.22,4.0,1.24,0.196,0.127,Arabian Sea,Automotive,0,0,0
13.45,22.25,8.0,0.53,0.159,0.272,Yellow Sea,Perishables,0,0,0
13.86,5.74,6.0,1.86,0.121,0.26,English Channel,Perishables,0,0,0
16.89,1.75,8.0,12.37,0.826,0.332,Suez Canal,Perishables,1,0,1
14.07,0.69,8.0,4.38,0.139,0.508,English Channel,Perishables,1,0,0
8.72,5.43,6.0,0.29,0.364,0.25,Indian Ocean,Chemicals,0,0,0
17.49,5.87,2.0,1.25,0.292,0.067,Suez Canal,Chemicals,0,0,0
8.41,1.65,8.0,0.01,0.061,0.127,Pacific,Perishables,0,0,0
11.8,15.73,6.0,2.74,0.385,0.335,Indian Ocean,Automotive,0,0,0
14.13,7.31,6.0,0.01,0.184,0.267,Indian Ocean,Electronics,0,0,0
11.98,1.74,4.0,1.32,0.353,0.382,South China Sea,Automotive,0,0,0
15.56,2.93,4.0,3.28,0.131,0.231,Open Ocean,Electronics,0,0,0
12.02,1.52,4.0,5.07,0.423,0.396,Indian Ocean,Electronics,1,0,0
18.29,0.15,4.0,1.06,0.155,0.149,South China Sea,Perishables,0,0,0
15.2,13.06,4.0,10.16,0.023,0.385,English Channel,Electronics,1,0,0
9.99,6.56,4.0,2.44,0.029,0.57,Open Ocean,Electronics,0,0,0
10.51,20.32,4.0,7.55,0.058,0.221,Cape of Good Hope,Perishables,1,1,0
9.35,0.67,6.0,1.16,0.016,0.242,Arabian Sea,General,0,0,0
12.87,1.56,4.0,1.87,0.041,0.11,Yellow Sea,Automotive,0,0,0
16.07,0.09,6.0,0.99,0.283,0.098,Open Ocean,Automotive,0,0,0
9.1,0.47,2.0,2.39,0.032,0.045,Open Ocean,Electronics,0,0,0
15.13,12.67,4.0,3.5,0.347,0.081,Atlantic,Automotive,0,0,0
13.23,0.8,8.0,2.35,0.092,0.287,Indian Ocean,Automotive,0,0,0
9.69,4.32,4.0,5.03,0.067,0.25,Indian Ocean,Chemicals,1,0,0
17.69,17.29,8.0,6.59,0.064,0.74,Cape of Good Hope,Automotive,1,0,0
17.52,0.46,4.0,1.13,0.201,0.339,Indian Ocean,Chemicals,0,0,0
13.41,7.41,4.0,1.03,0.319,0.281,South China Sea,Electronics,0,0,0
12.7,4.04,6.0,2.14,0.132,0.516,Arabian Sea,Electronics,0,0,0
15.68,7.85,4.0,2.27,0.168,0.035,Open Ocean,Perishables,0,0,0
7.25,1.52,2.0,19.07,0.193,0.198,North Atlantic,Chemicals,1,0,0
12.43,4.6,4.0,0.8,0.013,0.183,Pacific,General,0,0,0
14.73,7.68,8.0,3.51,0.88,0.133,Suez Canal,General,0,0,0
17.07,3.32,4.0,2.97,0.161,0.14,English Channel,Automotive,0,0,0
12.79,1.26,2.0,1.82,0.173,0.134,Pacific,Electronics,0,0,0
12.34,0.61,2.0,1.89,0.349,0.138,Indian Ocean,Chemicals,0,0,0
14.41,12.79,8.0,1.66,0.172,0.19,Open Ocean,General,0,0,0
13.88,1.76,6.0,0.04,0.091,0.022,Yellow Sea,Electronics,0,0,0
14.84,0.78,2.0,0.91,0.184,0.278,South China Sea,Automotive,0,0,0
15.03,1.57,2.0,3.19,0.184,0.439,South China Sea,Perishables,0,0,0
15.08,4.95,2.0,1.31,0.281,0.422,Open Ocean,Chemicals,0,0,0
14.33,1.98,6.0,23.13,0.693,0.223,Red Sea,Chemicals,1,0,1
11.34,0.18,2.0,12.86,0.916,0.32,Red Sea,Electronics,1,0,1
15.27,6.2,8.0,2.03,0.146,0.304,Arabian Sea,Perishables,0,0,0
12.25,15.09,4.0,7.03,0.008,0.29,South China Sea,Automotive,1,0,0
18.61,2.78,2.0,2.84,0.19,0.144,Open Ocean,Chemicals,0,0,0
15.05,2.52,4.0,1.13,0.017,0.364,Arabian Sea,General,0,0,0
13.98,6.26,4.0,0.28,0.448,0.366,Pacific,Electronics,0,0,0
11.46,2.51,2.0,13.52,0.907,0.265,Strait of Malacca,General,1,0,1
20.99,2.9,2.0,9.07,0.697,0.121,Strait of Malacca,Chemicals,1,0,0
17.14,7.49,8.0,5.6,0.631,0.47,Cape of Good Hope,Perishables,1,0,0
12.44,4.16,8.0,0.16,0.16,0.299,Indian Ocean,Automotive,0,0,0
10.31,3.42,6.0,4.93,0.101,0.244,Indian Ocean,Chemicals,1,0,0
13.46,9.81,8.0,0.51,0.515,0.111,Red Sea,Automotive,0,0,0
15.36,10.37,4.0,0.67,0.07,0.215,Pacific,Electronics,0,0,0
16.75,0.06,2.0,4.53,0.211,0.049,Open Ocean,Chemicals,1,0,0
15.56,1.55,4.0,2.14,0.227,0.121,Mediterranean,Electronics,0,0,0
13.39,1.14,6.0,0.29,0.385,0.336,Yellow Sea,Automotive,0,0,0
13.94,6.36,2.0,0.92,0.039,0.256,Pacific,Chemicals,0,0,0
11.75,2.28,8.0,5.4,0.452,0.074,Cape of Good Hope,Chemicals,1,0,0
14.34,0.13,8.0,1.0,0.211,0.212,Pacific,Automotive,0,0,0
15.9,8.85,6.0,0.51,0.408,0.386,North Atlantic,Electronics,0,0,0
12.05,8.73,4.0,8.88,0.303,0.222,Pacific,Perishables,1,0,0
15.67,1.1,2.0,2.69,0.08,0.259,Open Ocean,General,0,0,0
15.13,2.81,8.0,4.39,0.09,0.076,Arabian Sea,Perishables,1,0,0
17.41,9.37,8.0,1.89,0.248,0.111,Arabian Sea,Chemicals,0,0,0
15.59,21.66,6.0,12.66,0.886,0.226,Suez Canal,Electronics,1,0,1
15.97,11.05,6.0,0.93,0.449,0.339,Arabian Sea,Electronics,0,0,0
11.63,1.49,4.0,0.08,0.097,0.176,Cape of Good Hope,General,0,0,0
17.48,12.97,6.0,3.28,0.174,0.33,Yellow Sea,Perishables,0,0,0
18.67,1.36,6.0,4.92,0.539,0.329,Open Ocean,Electronics,1,0,0
10.77,0.38,4.0,3.18,0.25,0.381,Arabian Sea,Electronics,0,0,0
9.23,0.44,8.0,1.98,0.12,0.225,Arabian Sea,Automotive,0,0,0
11.5,0.17,4.0,1.31,0.15,0.112,Arabian Sea,Electronics,0,0,0
17.4,0.27,4.0,1.77,0.104,0.282,Yellow Sea,Automotive,0,0,0
13.47,2.51,4.0,6.12,0.374,0.436,Arabian Sea,Electronics,1,0,0
17.99,0.09,4.0,2.45,0.079,0.086,Pacific,Automotive,0,0,0
12.1,1.66,2.0,2.51,0.432,0.355,Pacific,General,0,0,0
13.08,13.33,6.0,0.54,0.002,0.418,Pacific,General,0,0,0
12.9,2.97,8.0,3.96,0.136,0.245,Atlantic,Automotive,0,0,0
11.85,4.89,4.0,4.04,0.058,0.031,Pacific,General,1,0,0
13.22,1.22,4.0,8.09,0.89,0.136,Strait of Malacca,Perishables,1,0,0
16.6,7.57,8.0,4.14,0.156,0.074,Indian Ocean,Perishables,1,0,0
14.93,5.83,8.0,4.61,0.097,0.263,English Channel,General,1,0,0
20.09,2.6,4.0,3.25,0.428,0.373,Cape of Good Hope,Chemicals,0,0,0
11.96,3.65,4.0,0.85,0.219,0.527,North Atlantic,Chemicals,0,0,0
10.0,2.73,6.0,2.62,0.083,0.082,South China Sea,Perishables,0,0,0
15.19,3.09,8.0,4.22,0.363,0.066,Strait of Malacca,General,1,0,0
11.1,10.22,8.0,0.71,0.17,0.415,Indian Ocean,General,0,0,0
13.35,2.69,2.0,9.67,0.031,0.134,Mediterranean,Automotive,1,0,0
19.19,3.8,4.0,2.77,0.336,0.23,Atlantic,Perishables,0,0,0
13.3,2.35,2.0,15.96,0.743,0.271,Suez Canal,Electronics,1,0,1
18.17,2.01,2.0,2.21,0.175,0.374,Red Sea,Electronics,0,0,0
15.78,22.21,4.0,3.5,0.264,0.147,Suez Canal,Chemicals,0,1,0
15.6,0.21,4.0,10.86,0.88,0.293,Red Sea,General,1,0,1
19.65,12.51,6.0,6.34,0.261,0.262,Pacific,Chemicals,1,0,0
10.73,2.25,4.0,2.72,0.132,0.694,Yellow Sea,Electronics,0,0,0
11.79,0.44,2.0,3.01,0.232,0.471,Mediterranean,Chemicals,0,0,0
17.81,0.45,6.0,24.89,0.612,0.314,Mediterranean,Electronics,1,0,1
17.36,2.79,6.0,2.05,0.168,0.398,Indian Ocean,Chemicals,0,0,0
18.36,2.0,4.0,0.62,0.561,0.101,Suez Canal,Chemicals,0,0,0
13.92,2.69,6.0,0.12,0.244,0.419,Pacific,Automotive,0,0,0
14.16,13.76,8.0,0.94,0.281,0.086,Indian Ocean,Electronics,0,0,0
8.4,12.46,4.0,0.43,0.295,0.077,South China Sea,Perishables,0,0,0
15.89,2.71,4.0,2.08,0.291,0.109,Arabian Sea,Perishables,0,0,0
17.72,7.18,6.0,2.9,0.738,0.294,Red Sea,Chemicals,0,0,0
19.09,29.4,6.0,1.06,0.426,0.269,Atlantic,Automotive,0,1,0
16.87,2.13,6.0,4.63,0.195,0.246,Yellow Sea,Chemicals,1,0,0
11.86,1.49,2.0,1.71,0.273,0.313,Open Ocean,Chemicals,0,0,0
12.43,0.3,4.0,6.54,0.703,0.177,Strait of Malacca,Perishables,1,0,0
15.01,0.39,4.0,1.88,0.08,0.065,Cape of Good Hope,General,0,0,0
14.73,0.16,4.0,8.05,0.116,0.227,Yellow Sea,Automotive,1,0,0
11.97,0.42,8.0,1.67,0.404,0.239,Arabian Sea,General,0,0,0
15.45,3.12,4.0,0.86,0.577,0.188,Suez Canal,Electronics,0,0,0
16.01,3.33,4.0,13.3,0.083,0.038,Pacific,Perishables,1,0,0
19.53,0.16,6.0,0.14,0.51,0.449,Strait of Malacca,Perishables,0,0,0
7.24,0.41,4.0,6.55,0.048,0.508,Mediterranean,Perishables,1,0,0
15.22,0.37,4.0,1.01,0.156,0.183,Yellow Sea,Perishables,0,0,0
14.77,0.22,2.0,4.38,0.433,0.56,Strait of Malacca,Chemicals,1,0,0
12.45,0.01,2.0,2.53,0.113,0.146,North Atlantic,General,0,0,0
11.68,0.73,2.0,3.07,0.347,0.232,Red Sea,Perishables,0,0,0
13.32,3.82,4.0,2.03,0.25,0.244,Cape of Good Hope,Electronics,0,0,0
14.02,1.65,6.0,2.85,0.289,0.085,Mediterranean,Chemicals,0,0,0
7.34,3.85,2.0,11.49,0.194,0.131,North Atlantic,Chemicals,1,0,0
10.55,1.4,4.0,0.27,0.001,0.294,Indian Ocean,Automotive,0,0,0
15.27,10.8,2.0,0.62,0.134,0.134,Cape of Good Hope,Electronics,0,1,0
21.21,3.29,6.0,7.24,0.698,0.333,Suez Canal,Automotive,1,0,0
10.42,3.33,2.0,3.21,0.029,0.344,Indian Ocean,Chemicals,0,0,0
19.89,4.99,4.0,3.4,0.287,0.528,Suez Canal,Perishables,0,0,0
20.12,5.83,4.0,5.71,0.557,0.103,Open Ocean,Automotive,1,0,0
11.15,4.23,2.0,0.54,0.236,0.151,Suez Canal,Automotive,0,0,0
10.42,0.39,2.0,9.27,0.741,0.074,Red Sea,Perishables,1,0,0
13.47,0.25,4.0,1.75,0.128,0.094,North Atlantic,Electronics,0,0,0
12.0,13.17,6.0,0.43,0.572,0.284,Strait of Malacca,Electronics,0,0,0
13.5,0.0,6.0,2.47,0.067,0.233,Arabian Sea,General,0,0,0
15.32,2.52,8.0,3.49,0.116,0.14,Arabian Sea,Chemicals,0,0,0
15.01,3.17,4.0,3.07,0.001,0.284,Atlantic,General,0,0,0
14.46,9.92,6.0,1.78,0.432,0.146,North Atlantic,Electronics,0,0,0
13.15,1.29,4.0,0.77,0.027,0.207,Mediterranean,Electronics,0,0,0
11.89,0.89,2.0,25.8,0.69,0.3,Strait of Malacca,Perishables,1,0,1
13.73,1.89,6.0,0.19,0.06,0.332,South China Sea,General,0,0,0
14.33,3.82,6.0,3.61,0.103,0.189,English Channel,General,0,0,0
16.06,3.57,8.0,2.41,0.264,0.062,Mediterranean,Perishables,0,0,0
13.45,1.1,2.0,1.25,0.528,0.45,Suez Canal,Chemicals,0,0,0
12.02,0.36,2.0,1.35,0.07,0.076,Mediterranean,Perishables,0,0,0
13.82,0.69,6.0,4.62,0.005,0.377,North Atlantic,General,1,0,0
12.21,2.89,8.0,0.2,0.235,0.254,Arabian Sea,Chemicals,0,0,0
16.11,1.06,4.0,1.23,0.554,0.472,Pacific,Electronics,0,0,0
22.03,2.61,6.0,2.2,0.011,0.19,North Atlantic,General,0,0,0
11.23,0.98,4.0,1.14,0.067,0.309,Cape of Good Hope,General,0,0,0
18.51,0.79,8.0,3.47,0.216,0.216,Mediterranean,Electronics,0,0,0
16.74,3.56,8.0,0.9,0.06,0.243,Pacific,Electronics,0,0,0
12.79,2.26,2.0,1.64,0.039,0.189,Yellow Sea,Perishables,0,0,0
12.62,2.17,4.0,0.54,0.316,0.694,Yellow Sea,Chemicals,0,0,0
17.0,1.61,8.0,2.43,0.267,0.349,Yellow Sea,Automotive,0,0,0
12.31,1.87,2.0,0.16,0.398,0.417,Yellow Sea,General,0,0,0
15.27,4.1,6.0,2.82,0.085,0.148,Yellow Sea,Electronics,0,0,0
7.26,1.01,6.0,8.12,0.105,0.107,Mediterranean,Electronics,1,0,0
7.84,0.34,2.0,5.24,0.08,0.37,Indian Ocean,Automotive,1,0,0
7.47,4.65,8.0,18.89,0.864,0.596,Red Sea,Chemicals,1,0,1
13.45,3.3,4.0,2.62,0.176,0.373,Arabian Sea,Chemicals,0,0,0
14.45,3.02,2.0,3.32,0.414,0.151,North Atlantic,Electronics,0,0,0
9.98,2.87,4.0,0.21,0.046,0.493,North Atlantic,Perishables,0,0,0
14.62,5.36,6.0,1.2,0.102,0.171,South China Sea,Chemicals,0,0,0
14.01,5.58,2.0,0.6,0.549,0.142,Red Sea,Electronics,0,0,0
11.68,0.11,2.0,1.34,0.098,0.119,Mediterranean,Electronics,0,0,0
10.81,3.71,8.0,7.1,0.635,0.297,Suez Canal,Automotive,1,0,0
8.12,0.68,4.0,2.25,0.068,0.203,Cape of Good Hope,Electronics,0,0,0
16.03,1.62,4.0,2.25,0.06,0.19,Indian Ocean,General,0,0,0
13.6,0.6,2.0,4.91,0.011,0.734,English Channel,Chemicals,1,0,0
9.47,7.26,2.0,6.1,0.092,0.167,Atlantic,General,1,0,0
10.18,3.16,4.0,1.29,0.103,0.197,Mediterranean,Chemicals,0,0,0
15.01,1.57,4.0,0.91,0.148,0.184,North Atlantic,General,0,0,0
15.66,0.38,6.0,24.33,0.604,0.374,Arabian Sea,Perishables,1,0,1
12.12,1.54,6.0,2.58,0.005,0.08,Mediterranean,General,0,0,0
12.09,10.67,8.0,3.15,0.334,0.219,Open Ocean,Electronics,0,0,0
11.54,3.76,8.0,0.11,0.144,0.286,North Atlantic,Automotive,0,0,0
11.43,0.07,2.0,2.16,0.034,0.164,English Channel,Automotive,0,0,0
18.49,4.33,4.0,11.4,0.619,0.23,Pacific,Perishables,1,0,0
14.62,2.26,4.0,4.53,0.047,0.19,South China Sea,General,1,0,0
15.65,3.89,2.0,4.73,0.328,0.066,Strait of Malacca,Chemicals,1,0,0
13.07,2.69,6.0,2.25,0.401,0.256,Mediterranean,Perishables,0,0,0
8.63,0.75,6.0,1.1,0.264,0.451,English Channel,General,0,0,0
8.11,4.81,6.0,4.42,0.073,0.21,Indian Ocean,Perishables,1,0,0
15.17,0.58,2.0,0.59,0.342,0.283,Yellow Sea,Chemicals,0,0,0
18.04,2.73,6.0,0.48,0.145,0.373,North Atlantic,Electronics,0,0,0
17.83,8.59,4.0,1.14,0.162,0.52,Indian Ocean,Chemicals,0,0,0
13.4,14.47,4.0,2.97,0.304,0.402,Pacific,General,0,0,0
16.69,1.33,6.0,0.56,0.061,0.122,English Channel,Automotive,0,0,0
9.75,0.48,2.0,4.47,0.521,0.253,Suez Canal,General,1,0,0
13.18,7.11,2.0,3.83,0.147,0.535,Mediterranean,General,0,0,0
15.46,3.51,6.0,3.47,0.128,0.417,English Channel,Automotive,0,0,0
9.04,2.25,4.0,28.51,0.735,0.432,Strait of Malacca,Electronics,1,0,1
10.13,9.66,8.0,1.62,0.406,0.209,Pacific,Electronics,0,0,0
17.82,1.34,4.0,5.87,0.432,0.244,Strait of Malacca,Electronics,1,0,0
17.14,1.35,8.0,0.45,0.058,0.302,English Channel,Automotive,0,0,0
15.74,5.71,6.0,0.57,0.14,0.31,Arabian Sea,Electronics,0,0,0
15.48,1.11,2.0,2.3,0.063,0.196,Arabian Sea,General,0,0,0
14.38,25.08,8.0,0.45,0.179,0.141,Indian Ocean,Perishables,0,0,0
16.65,0.02,6.0,0.28,0.017,0.282,North Atlantic,Automotive,0,0,0
13.21,5.93,6.0,22.82,0.612,0.244,Mediterranean,General,1,0,1
7.69,0.77,8.0,3.26,0.258,0.109,Yellow Sea,Automotive,0,0,0
15.17,3.72,8.0,6.56,0.344,0.191,North Atlantic,Perishables,1,0,0
14.71,7.9,8.0,1.62,0.577,0.363,Open Ocean,Automotive,0,0,0
15.12,0.05,2.0,1.02,0.534,0.665,Mediterranean,Perishables,0,0,0
14.58,1.99,6.0,2.91,0.14,0.407,Open Ocean,Chemicals,0,0,0
19.14,2.33,2.0,0.52,0.386,0.244,Yellow Sea,Automotive,0,0,0
17.23,4.59,2.0,0.91,0.056,0.127,Cape of Good Hope,Electronics,0,0,0
20.74,7.5,6.0,4.44,0.166,0.269,Arabian Sea,Perishables,1,0,0
12.41,0.09,6.0,1.51,0.079,0.263,Indian Ocean,Perishables,0,0,0
13.86,1.52,2.0,2.48,0.032,0.403,Indian Ocean,Electronics,0,0,0
13.4,0.26,6.0,2.24,0.068,0.285,Mediterranean,Automotive,0,0,0
12.14,1.03,2.0,0.67,0.264,0.452,Indian Ocean,Electronics,0,0,0
16.91,9.93,6.0,2.54,0.148,0.086,Yellow Sea,Chemicals,0,0,0
14.46,1.31,2.0,0.57,0.254,0.371,North Atlantic,Automotive,0,0,0
12.98,2.02,6.0,2.72,0.091,0.181,Mediterranean,Perishables,0,0,0
16.07,26.0,8.0,1.44,0.102,0.407,Mediterranean,Electronics,0,0,0
13.85,16.55,8.0,0.44,0.444,0.085,Strait of Malacca,Automotive,0,0,0
22.34,1.15,2.0,0.01,0.241,0.43,Cape of Good Hope,Automotive,0,0,0
15.29,5.41,8.0,1.92,0.001,0.4,Atlantic,Electronics,0,0,0
17.64,1.79,2.0,4.0,0.28,0.225,North Atlantic,General,1,0,0
12.59,0.17,2.0,4.38,0.019,0.22,Open Ocean,Automotive,1,0,0
14.8,1.63,2.0,1.68,0.098,0.227,Cape of Good Hope,Automotive,0,0,0
21.83,22.19,6.0,0.36,0.471,0.09,Mediterranean,Electronics,0,0,0
20.44,12.18,4.0,0.81,0.035,0.01,South China Sea,Perishables,0,0,0
16.09,0.54,6.0,1.46,0.334,0.397,North Atlantic,Chemicals,0,0,0
14.9,0.79,4.0,17.13,0.721,0.034,Suez Canal,Perishables,1,0,0
14.58,22.11,6.0,16.85,0.805,0.191,Red Sea,Electronics,1,0,1
17.21,3.58,6.0,3.91,0.226,0.331,Pacific,Electronics,0,0,0
13.76,10.85,6.0,20.24,0.808,0.772,Suez Canal,Automotive,1,0,1
13.42,16.9,4.0,0.44,0.027,0.477,Atlantic,Electronics,0,1,0
17.84,3.79,4.0,0.85,0.281,0.383,Red Sea,Perishables,0,0,0
15.38,1.01,2.0,2.96,0.185,0.085,Yellow Sea,Chemicals,0,0,0
12.23,4.51,2.0,2.09,0.453,0.16,English Channel,Automotive,0,0,0
15.14,12.97,6.0,2.5,0.069,0.503,North Atlantic,Electronics,0,0,0
12.42,8.48,6.0,1.78,0.003,0.183,Cape of Good Hope,Chemicals,0,0,0
15.59,11.58,8.0,1.5,0.147,0.778,Open Ocean,Electronics,0,0,0
11.84,3.61,8.0,15.48,0.811,0.604,Suez Canal,General,1,0,1
14.25,0.62,2.0,2.15,0.039,0.231,Arabian Sea,Chemicals,0,0,0
15.39,3.3,4.0,0.1,0.396,0.285,Arabian Sea,General,0,0,0
12.19,10.14,4.0,1.2,0.041,0.162,Pacific,Chemicals,0,0,0
19.89,9.52,8.0,1.93,0.115,0.421,Atlantic,Chemicals,0,0,0
14.04,5.04,8.0,0.81,0.066,0.373,Mediterranean,Automotive,0,0,0
18.19,0.37,2.0,1.21,0.304,0.247,Arabian Sea,General,0,0,0
13.45,15.26,8.0,1.72,0.051,0.504,Cape of Good Hope,Electronics,0,0,0
17.43,8.02,4.0,1.11,0.452,0.164,Red Sea,General,0,0,0
13.36,17.0,6.0,0.62,0.005,0.343,Cape of Good Hope,General,0,0,0
11.42,2.86,2.0,1.76,0.063,0.105,Yellow Sea,General,0,0,0
11.89,2.1,2.0,2.17,0.564,0.224,Arabian Sea,Electronics,0,0,0
11.21,2.13,8.0,0.1,0.445,0.195,Cape of Good Hope,Chemicals,0,0,0
13.34,6.04,8.0,0.3,0.124,0.406,Pacific,General,0,0,0
18.15,0.09,2.0,12.97,0.728,0.605,Pacific,Perishables,1,0,1
19.5,1.51,2.0,0.66,0.317,0.122,North Atlantic,Perishables,0,0,0
20.12,20.23,6.0,2.91,0.43,0.429,Open Ocean,Electronics,0,0,0
11.33,1.1,8.0,0.21,0.137,0.134,Mediterranean,Chemicals,0,0,0
11.35,0.12,8.0,0.9,0.035,0.182,Open Ocean,Electronics,0,0,0
11.36,0.24,2.0,5.69,0.22,0.511,Mediterranean,Chemicals,1,0,0
18.28,2.49,2.0,1.61,0.206,0.184,Atlantic,General,0,0,0
21.81,5.89,8.0,0.13,0.095,0.333,Cape of Good Hope,Electronics,0,0,0
12.66,21.11,6.0,15.21,0.631,0.073,Strait of Malacca,Perishables,1,0,0
20.42,9.29,8.0,2.01,0.468,0.315,Mediterranean,Perishables,0,0,0
18.01,7.0,8.0,2.55,0.012,0.325,North Atlantic,Chemicals,0,0,0
14.19,6.8,8.0,0.7,0.188,0.11,Open Ocean,Chemicals,0,0,0
12.85,0.61,4.0,0.5,0.349,0.215,Yellow Sea,Automotive,0,0,0
11.07,9.15,4.0,2.65,0.213,0.487,Arabian Sea,Automotive,0,0,0
13.2,1.31,4.0,2.68,0.022,0.186,Pacific,Chemicals,0,0,0
15.15,14.8,8.0,12.26,0.792,0.086,Red Sea,Electronics,1,0,0
16.55,3.07,2.0,1.88,0.309,0.188,English Channel,Electronics,0,0,0
18.2,4.09,2.0,0.56,0.181,0.248,Cape of Good Hope,General,0,0,0
10.06,4.2,2.0,0.28,0.031,0.382,Pacific,Automotive,0,0,0
10.7,12.79,4.0,0.42,0.057,0.068,Pacific,General,0,0,0
16.9,9.9,8.0,7.86,0.172,0.176,North Atlantic,Perishables,1,0,0
17.52,2.26,2.0,0.91,0.527,0.414,Yellow Sea,Electronics,0,0,0
16.87,2.4,2.0,0.51,0.009,0.203,South China Sea,Electronics,0,0,0
18.24,9.26,4.0,2.55,0.492,0.044,Red Sea,Automotive,0,0,0
10.23,8.94,4.0,12.33,0.637,0.257,South China Sea,Perishables,1,0,0
18.42,8.57,6.0,0.33,0.599,0.395,Suez Canal,Perishables,0,0,0
14.51,2.23,6.0,0.21,0.306,0.572,Strait of Malacca,Chemicals,0,0,0
15.99,0.32,8.0,4.35,0.466,0.147,Indian Ocean,Chemicals,1,0,0
21.88,4.21,4.0,9.34,0.021,0.344,Indian Ocean,Automotive,1,0,0
13.92,1.23,4.0,0.95,0.561,0.349,Strait of Malacca,Perishables,0,0,0
14.0,1.02,6.0,0.19,0.105,0.046,English Channel,Automotive,0,0,0
12.23,3.54,6.0,3.82,0.285,0.181,Red Sea,General,0,0,0
9.0,29.5,8.0,5.6,0.272,0.404,Indian Ocean,Electronics,1,0,0
13.09,8.95,4.0,0.3,0.044,0.223,Mediterranean,Chemicals,0,0,0
11.49,1.37,2.0,4.76,0.023,0.368,Atlantic,Automotive,1,0,0
13.59,8.12,4.0,0.72,0.044,0.187,North Atlantic,Perishables,0,0,0
14.63,0.97,2.0,1.09,0.463,0.238,Red Sea,Automotive,0,0,0
15.18,0.69,6.0,0.83,0.455,0.401,Open Ocean,Perishables,0,0,0
19.75,8.8,4.0,0.1,0.347,0.167,North Atlantic,Chemicals,0,0,0
12.33,5.62,4.0,1.77,0.404,0.317,Mediterranean,Automotive,0,0,0
11.24,9.52,6.0,21.67,0.776,0.37,Suez Canal,Electronics,1,0,1
10.94,0.27,8.0,0.26,0.346,0.298,Suez Canal,Automotive,0,0,0
12.14,2.12,2.0,11.75,0.689,0.127,Strait of Malacca,Chemicals,1,0,0
16.37,3.11,6.0,0.85,0.003,0.48,Open Ocean,Perishables,0,0,0
12.88,4.01,6.0,1.0,0.152,0.464,North Atlantic,Perishables,0,0,0
14.81,1.18,2.0,0.79,0.167,0.47,Yellow Sea,Chemicals,0,0,0
8.67,4.59,2.0,6.34,0.173,0.068,Yellow Sea,Perishables,1,0,0
12.76,13.42,8.0,2.96,0.892,0.241,Red Sea,Automotive,0,0,0
11.44,0.44,2.0,1.31,0.047,0.236,Arabian Sea,Chemicals,0,0,0
14.78,3.78,6.0,6.85,0.2,0.533,Pacific,Electronics,1,0,0
10.07,6.42,6.0,5.94,0.915,0.151,Red Sea,Perishables,1,0,0
16.02,2.69,2.0,0.57,0.358,0.2,Suez Canal,Chemicals,0,0,0
18.93,1.13,2.0,0.22,0.432,0.145,Yellow Sea,Automotive,0,0,0
13.98,0.23,4.0,3.31,0.018,0.141,Indian Ocean,Electronics,0,0,0
9.11,0.16,8.0,5.76,0.497,0.086,Red Sea,Perishables,1,0,0
15.72,5.08,2.0,0.45,0.031,0.296,Open Ocean,General,0,0,0
9.27,2.07,6.0,0.45,0.48,0.251,Indian Ocean,Chemicals,0,0,0
13.34,8.47,8.0,0.97,0.408,0.2,Yellow Sea,Perishables,0,0,0
15.06,0.61,4.0,2.58,0.171,0.41,English Channel,Electronics,0,0,0
16.78,1.76,4.0,1.66,0.033,0.132,Mediterranean,Electronics,0,0,0
13.04,15.26,6.0,7.43,0.126,0.526,South China Sea,General,1,0,0
18.57,1.54,2.0,1.57,0.264,0.508,Yellow Sea,Automotive,0,0,0
12.76,0.7,2.0,17.29,0.838,0.403,Suez Canal,Perishables,1,0,1
16.24,1.61,6.0,3.03,0.103,0.178,Atlantic,Electronics,0,0,0
11.71,19.53,6.0,0.1,0.07,0.048,Atlantic,Chemicals,0,0,0
11.63,3.44,6.0,3.7,0.019,0.331,North Atlantic,Automotive,0,0,0
18.8,9.39,4.0,0.11,0.187,0.397,Arabian Sea,Automotive,0,0,0
11.2,2.41,6.0,0.61,0.224,0.319,Cape of Good Hope,Electronics,0,0,0
11.37,2.6,4.0,15.04,0.675,0.34,Suez Canal,Automotive,1,0,1
12.59,3.13,8.0,6.31,0.876,0.184,Suez Canal,Electronics,1,0,0
18.86,0.95,2.0,8.0,0.616,0.388,English Channel,Automotive,1,0,0
15.91,1.32,8.0,6.93,0.63,0.216,South China Sea,Perishables,1,0,0
10.61,0.62,2.0,3.16,0.776,0.126,Strait of Malacca,General,0,0,0
15.57,2.27,2.0,0.22,0.186,0.179,Cape of Good Hope,Chemicals,0,0,0
12.63,0.39,8.0,4.05,0.403,0.428,Arabian Sea,General,1,0,0
18.9,3.63,6.0,3.9,0.194,0.545,Indian Ocean,Automotive,0,0,0
12.11,2.74,2.0,4.25,0.271,0.325,Cape of Good Hope,General,1,0,0
16.54,2.57,8.0,5.24,0.245,0.287,Indian Ocean,Perishables,1,0,0
17.67,1.46,2.0,0.92,0.324,0.174,Red Sea,Electronics,0,0,0
12.14,2.59,2.0,1.4,0.256,0.311,Indian Ocean,Electronics,0,0,0
12.36,17.05,8.0,0.23,0.094,0.188,Mediterranean,Chemicals,0,0,0
7.05,4.68,2.0,5.29,0.023,0.167,Pacific,Perishables,1,0,0
18.06,5.95,8.0,5.77,0.095,0.488,Pacific,General,1,0,0
13.91,0.96,4.0,32.64,0.735,0.679,Strait of Malacca,Chemicals,1,0,1
15.23,4.53,8.0,2.03,0.378,0.166,Mediterranean,General,0,0,0
16.21,1.42,4.0,5.03,0.815,0.082,Strait of Malacca,General,1,0,0
8.96,1.88,6.0,0.92,0.024,0.198,Yellow Sea,Electronics,0,0,0
13.64,9.13,4.0,1.4,0.244,0.048,Mediterranean,Electronics,0,0,0
11.73,6.68,6.0,3.95,0.316,0.193,South China Sea,General,0,0,0
18.74,2.86,8.0,0.83,0.021,0.342,Cape of Good Hope,Chemicals,0,0,0
11.3,0.76,6.0,0.56,0.283,0.155,Cape of Good Hope,Electronics,0,0,0
12.75,1.17,4.0,39.01,0.661,0.281,Red Sea,Automotive,1,0,1
15.29,0.59,2.0,2.74,0.584,0.489,Strait of Malacca,Automotive,0,0,0
14.82,2.45,2.0,4.45,0.913,0.036,Suez Canal,General,1,0,0
12.48,0.66,8.0,0.66,0.048,0.296,South China Sea,Perishables,0,0,0
15.5,10.71,6.0,2.06,0.082,0.537,Arabian Sea,Automotive,0,0,0
13.12,5.33,8.0,0.39,0.502,0.13,Strait of Malacca,Perishables,0,0,0
8.67,12.01,4.0,1.96,0.415,0.348,Strait of Malacca,General,0,0,0
14.93,8.42,4.0,6.07,0.049,0.108,Open Ocean,Electronics,1,0,0
14.73,8.84,6.0,0.15,0.057,0.336,English Channel,General,0,0,0
13.69,0.03,4.0,15.74,0.137,0.525,English Channel,Electronics,1,0,0
11.06,4.12,2.0,0.02,0.021,0.091,Open Ocean,Electronics,0,0,0
14.64,2.84,8.0,0.67,0.157,0.168,Mediterranean,Automotive,0,0,0
13.32,3.68,4.0,0.26,0.255,0.247,South China Sea,Electronics,0,0,0
18.2,1.78,4.0,1.6,0.073,0.14,Mediterranean,Electronics,0,0,0
11.67,5.91,4.0,1.82,0.164,0.228,Yellow Sea,Automotive,0,0,0
15.95,0.78,2.0,6.83,0.186,0.359,Pacific,General,1,0,0
17.65,3.94,2.0,0.1,0.325,0.268,North Atlantic,Perishables,0,0,0
8.41,3.07,2.0,2.95,0.189,0.58,Yellow Sea,Chemicals,0,0,0
13.28,5.89,8.0,1.64,0.431,0.592,Cape of Good Hope,General,0,0,0
14.94,9.93,8.0,0.74,0.273,0.146,Cape of Good Hope,Chemicals,0,0,0
16.1,9.27,8.0,60.11,0.837,0.154,Cape of Good Hope,Perishables,1,0,2
14.14,1.94,8.0,3.82,0.482,0.103,Strait of Malacca,Electronics,0,0,0
16.84,5.53,6.0,1.71,0.531,0.213,Arabian Sea,Automotive,0,0,0
10.65,40.28,8.0,4.24,0.046,0.303,Open Ocean,General,1,1,0
12.56,0.6,2.0,1.82,0.378,0.372,Mediterranean,General,0,0,0
12.25,3.45,4.0,6.89,0.006,0.466,South China Sea,Perishables,1,0,0
11.63,4.51,8.0,0.91,0.342,0.186,Indian Ocean,General,0,0,0
15.4,2.13,6.0,2.63,0.538,0.314,Red Sea,Electronics,0,0,0
16.31,5.21,6.0,2.16,0.085,0.178,Pacific,Electronics,0,0,0
15.27,9.09,8.0,0.42,0.007,0.363,Mediterranean,Chemicals,0,0,0
8.59,3.77,6.0,44.37,0.763,0.397,Strait of Malacca,Perishables,1,0,1
17.45,3.6,8.0,1.16,0.108,0.365,Atlantic,Electronics,0,0,0
12.33,1.54,6.0,1.6,0.409,0.223,Cape of Good Hope,Perishables,0,0,0
6.31,0.65,6.0,3.81,0.323,0.443,South China Sea,Electronics,0,0,0
14.23,0.24,4.0,0.18,0.174,0.432,South China Sea,Chemicals,0,0,0
9.52,4.08,6.0,7.78,0.773,0.371,Cape of Good Hope,General,1,0,1
8.84,11.27,6.0,30.47,0.613,0.011,Cape of Good Hope,General,1,0,1
13.09,1.41,6.0,2.74,0.151,0.277,Open Ocean,Perishables,0,0,0
13.41,0.94,2.0,0.48,0.319,0.104,Pacific,Electronics,0,0,0
12.42,0.58,4.0,6.84,0.078,0.213,Yellow Sea,General,1,0,0
13.07,2.3,6.0,2.07,0.428,0.488,Atlantic,Perishables,0,0,0
17.41,9.25,6.0,0.45,0.174,0.368,Open Ocean,General,0,0,0
17.7,0.45,2.0,9.15,0.679,0.296,South China Sea,Perishables,1,0,0
17.74,12.56,4.0,0.2,0.115,0.259,Red Sea,General,0,0,0
21.34,0.2,4.0,1.51,0.116,0.116,Indian Ocean,Perishables,0,0,0
15.47,4.16,2.0,3.05,0.007,0.528,Indian Ocean,Perishables,0,0,0
14.38,2.21,8.0,2.61,0.119,0.38,Pacific,General,0,0,0
11.91,14.99,8.0,2.84,0.199,0.524,South China Sea,Automotive,0,0,0
8.52,23.89,8.0,0.69,0.02,0.376,Open Ocean,Automotive,0,0,0
11.72,2.1,2.0,1.02,0.3,0.548,Open Ocean,Electronics,0,0,0
14.14,1.36,2.0,2.81,0.31,0.225,South China Sea,Electronics,0,0,0
9.72,1.03,8.0,0.84,0.1,0.05,Indian Ocean,Perishables,0,0,0
13.55,7.9,4.0,1.04,0.545,0.117,Atlantic,Chemicals,0,0,0
15.87,2.87,6.0,0.07,0.207,0.085,Open Ocean,Chemicals,0,0,0
14.9,1.05,2.0,2.29,0.154,0.507,Open Ocean,Electronics,0,0,0
14.75,1.53,2.0,0.91,0.44,0.144,Cape of Good Hope,Electronics,0,0,0
14.84,7.2,8.0,17.14,0.718,0.111,Strait of Malacca,Automotive,1,0,0
16.44,12.23,8.0,0.43,0.1,0.304,Strait of Malacca,Automotive,0,0,0
18.99,8.61,6.0,9.08,0.023,0.178,Yellow Sea,Perishables,1,0,0
18.86,1.9,4.0,0.91,0.228,0.244,Pacific,Electronics,0,0,0
13.06,1.49,4.0,1.39,0.533,0.156,Suez Canal,General,0,0,0
18.11,3.02,4.0,0.17,0.051,0.404,Cape of Good Hope,Electronics,0,0,0
10.42,1.49,4.0,1.74,0.103,0.357,Yellow Sea,Perishables,0,0,0
12.07,5.01,8.0,11.03,0.774,0.096,Red Sea,Automotive,1,0,0
11.92,3.17,6.0,1.17,0.078,0.498,Cape of Good Hope,Perishables,0,0,0
14.3,1.71,8.0,0.04,0.462,0.153,Indian Ocean,Automotive,0,0,0
18.47,0.11,2.0,2.94,0.118,0.318,Atlantic,Automotive,0,0,0
13.3,2.8,2.0,2.81,0.511,0.275,Suez Canal,Perishables,0,0,0
15.57,3.2,2.0,1.72,0.162,0.061,Open Ocean,Automotive,0,0,0
14.24,1.78,4.0,1.76,0.54,0.036,Red Sea,Automotive,0,0,0
